[INFO] 2026-01-28 21:11:03,489 autoreload Watching for file changes with StatReloader
[DEBUG] 2026-01-28 21:11:03,489 autoreload Waiting for apps ready_event.
[DEBUG] 2026-01-28 21:11:03,585 autoreload Apps ready_event triggered. Sending autoreload_started signal.
[DEBUG] 2026-01-28 21:11:03,594 autoreload Watching dir D:\Python Journey\Python training\python-core\day27\expense_tracker\expenses\templates with glob **/*.
[DEBUG] 2026-01-28 21:11:03,594 autoreload Watching dir C:\Users\Abhihail Jacob\AppData\Local\Programs\Python\Python311\Lib\site-packages\rest_framework\templates with glob **/*.
[DEBUG] 2026-01-28 21:11:03,596 autoreload Watching dir C:\Users\Abhihail Jacob\AppData\Local\Programs\Python\Python311\Lib\site-packages\django_filters\templates with glob **/*.
[DEBUG] 2026-01-28 21:11:03,604 autoreload Watching dir D:\Python Journey\Python training\python-core\day27\expense_tracker\locale with glob **/*.mo.
[DEBUG] 2026-01-28 21:11:03,605 autoreload Watching dir D:\Python Journey\Python training\python-core\day27\expense_tracker\expenses\locale with glob **/*.mo.
[DEBUG] 2026-01-28 21:11:03,606 autoreload Watching dir C:\Users\Abhihail Jacob\AppData\Local\Programs\Python\Python311\Lib\site-packages\rest_framework\locale with glob **/*.mo.
[DEBUG] 2026-01-28 21:11:03,606 autoreload Watching dir C:\Users\Abhihail Jacob\AppData\Local\Programs\Python\Python311\Lib\site-packages\rest_framework\authtoken\locale with glob **/*.mo.
[DEBUG] 2026-01-28 21:11:03,607 autoreload Watching dir C:\Users\Abhihail Jacob\AppData\Local\Programs\Python\Python311\Lib\site-packages\django_filters\locale with glob **/*.mo.
[DEBUG] 2026-01-28 21:11:03,709 utils (0.000) 
            SELECT name, type FROM sqlite_master
            WHERE type in ('table', 'view') AND NOT name='sqlite_sequence'
            ORDER BY name; args=None; alias=default
[DEBUG] 2026-01-28 21:11:03,710 utils (0.000) SELECT "django_migrations"."id", "django_migrations"."app", "django_migrations"."name", "django_migrations"."applied" FROM "django_migrations"; args=(); alias=default
[DEBUG] 2026-01-28 21:11:03,853 autoreload File C:\Users\Abhihail Jacob\AppData\Local\Programs\Python\Python311\Lib\asyncio\queues.py first seen with mtime 1707239442.0
[DEBUG] 2026-01-28 21:11:03,853 autoreload File C:\Users\Abhihail Jacob\AppData\Local\Programs\Python\Python311\Lib\linecache.py first seen with mtime 1707239442.0
[DEBUG] 2026-01-28 21:11:03,854 autoreload File C:\Users\Abhihail Jacob\AppData\Local\Programs\Python\Python311\Lib\site-packages\django\db\models\lookups.py first seen with mtime 1768573766.17687
[DEBUG] 2026-01-28 21:11:03,854 autoreload File C:\Users\Abhihail Jacob\AppData\Local\Programs\Python\Python311\Lib\site-packages\django\utils\encoding.py first seen with mtime 1768573766.3861785
[DEBUG] 2026-01-28 21:11:03,855 autoreload File C:\Users\Abhihail Jacob\AppData\Local\Programs\Python\Python311\Lib\site-packages\django\template\defaulttags.py first seen with mtime 1768573766.329716
[DEBUG] 2026-01-28 21:11:03,855 autoreload File C:\Users\Abhihail Jacob\AppData\Local\Programs\Python\Python311\Lib\site-packages\django\core\handlers\exception.py first seen with mtime 1768573766.0370164
[DEBUG] 2026-01-28 21:11:03,855 autoreload File C:\Users\Abhihail Jacob\AppData\Local\Programs\Python\Python311\Lib\site-packages\django\utils\deconstruct.py first seen with mtime 1768573766.3810258
[DEBUG] 2026-01-28 21:11:03,856 autoreload File C:\Users\Abhihail Jacob\AppData\Local\Programs\Python\Python311\Lib\site-packages\sqlparse\filters\output.py first seen with mtime 1768573760.226123
[DEBUG] 2026-01-28 21:11:03,856 autoreload File C:\Users\Abhihail Jacob\AppData\Local\Programs\Python\Python311\Lib\asyncio\locks.py first seen with mtime 1707239442.0
[DEBUG] 2026-01-28 21:11:03,856 autoreload File C:\Users\Abhihail Jacob\AppData\Local\Programs\Python\Python311\Lib\site-packages\django\db\backends\signals.py first seen with mtime 1768573766.0940945
[DEBUG] 2026-01-28 21:11:03,856 autoreload File C:\Users\Abhihail Jacob\AppData\Local\Programs\Python\Python311\Lib\site-packages\django\utils\choices.py first seen with mtime 1768573766.375011
[DEBUG] 2026-01-28 21:11:03,858 autoreload File C:\Users\Abhihail Jacob\AppData\Local\Programs\Python\Python311\Lib\site-packages\rest_framework\utils\model_meta.py first seen with mtime 1769439193.9037073
[DEBUG] 2026-01-28 21:11:03,858 autoreload File C:\Users\Abhihail Jacob\AppData\Local\Programs\Python\Python311\Lib\pprint.py first seen with mtime 1707239442.0
[DEBUG] 2026-01-28 21:11:03,858 autoreload File C:\Users\Abhihail Jacob\AppData\Local\Programs\Python\Python311\Lib\asyncio\events.py first seen with mtime 1707239442.0
[DEBUG] 2026-01-28 21:11:03,858 autoreload File C:\Users\Abhihail Jacob\AppData\Local\Programs\Python\Python311\Lib\site-packages\django\core\checks\commands.py first seen with mtime 1768573766.00599
[DEBUG] 2026-01-28 21:11:03,858 autoreload File C:\Users\Abhihail Jacob\AppData\Local\Programs\Python\Python311\Lib\site-packages\django\core\files\storage\filesystem.py first seen with mtime 1768573766.0314386
[DEBUG] 2026-01-28 21:11:03,858 autoreload File C:\Users\Abhihail Jacob\AppData\Local\Programs\Python\Python311\Lib\site-packages\django\views\static.py first seen with mtime 1768573766.4310014
[DEBUG] 2026-01-28 21:11:03,859 autoreload File C:\Users\Abhihail Jacob\AppData\Local\Programs\Python\Python311\Lib\site-packages\django\template\loaders\app_directories.py first seen with mtime 1768573766.3436065
[DEBUG] 2026-01-28 21:11:03,859 autoreload File C:\Users\Abhihail Jacob\AppData\Local\Programs\Python\Python311\Lib\site-packages\django\utils\connection.py first seen with mtime 1768573766.3770158
[DEBUG] 2026-01-28 21:11:03,859 autoreload File C:\Users\Abhihail Jacob\AppData\Local\Programs\Python\Python311\Lib\site-packages\django\db\models\sql\datastructures.py first seen with mtime 1768573766.2086406
[DEBUG] 2026-01-28 21:11:03,859 autoreload File C:\Users\Abhihail Jacob\AppData\Local\Programs\Python\Python311\Lib\site-packages\django\contrib\contenttypes\checks.py first seen with mtime 1768573763.6654882
[DEBUG] 2026-01-28 21:11:03,859 autoreload File C:\Users\Abhihail Jacob\AppData\Local\Programs\Python\Python311\Lib\multiprocessing\reduction.py first seen with mtime 1707239442.0
[DEBUG] 2026-01-28 21:11:03,860 autoreload File C:\Users\Abhihail Jacob\AppData\Local\Programs\Python\Python311\Lib\_compression.py first seen with mtime 1707239442.0
[DEBUG] 2026-01-28 21:11:03,860 autoreload File C:\Users\Abhihail Jacob\AppData\Local\Programs\Python\Python311\Lib\asyncio\protocols.py first seen with mtime 1707239442.0
[DEBUG] 2026-01-28 21:11:03,860 autoreload File C:\Users\Abhihail Jacob\AppData\Local\Programs\Python\Python311\Lib\site-packages\django\contrib\messages\utils.py first seen with mtime 1768573764.9356084
[DEBUG] 2026-01-28 21:11:03,860 autoreload File C:\Users\Abhihail Jacob\AppData\Local\Programs\Python\Python311\Lib\site-packages\django_filters\rest_framework\filterset.py first seen with mtime 1769607637.8799777
[DEBUG] 2026-01-28 21:11:03,860 autoreload File C:\Users\Abhihail Jacob\AppData\Local\Programs\Python\Python311\Lib\site-packages\django\contrib\admin\filters.py first seen with mtime 1768573761.8982975
[DEBUG] 2026-01-28 21:11:03,860 autoreload File C:\Users\Abhihail Jacob\AppData\Local\Programs\Python\Python311\Lib\asyncio\transports.py first seen with mtime 1707239442.0
[DEBUG] 2026-01-28 21:11:03,861 autoreload File C:\Users\Abhihail Jacob\AppData\Local\Programs\Python\Python311\Lib\site-packages\django\contrib\contenttypes\admin.py first seen with mtime 1768573763.6634834
[DEBUG] 2026-01-28 21:11:03,861 autoreload File D:\Python Journey\Python training\python-core\day27\expense_tracker\expenses\serializers.py first seen with mtime 1769439405.3790536
[DEBUG] 2026-01-28 21:11:03,861 autoreload File C:\Users\Abhihail Jacob\AppData\Local\Programs\Python\Python311\Lib\wsgiref\__init__.py first seen with mtime 1707239442.0
[DEBUG] 2026-01-28 21:11:03,861 autoreload File C:\Users\Abhihail Jacob\AppData\Local\Programs\Python\Python311\Lib\site-packages\django\apps\__init__.py first seen with mtime 1768573761.3505023
[DEBUG] 2026-01-28 21:11:03,861 autoreload File C:\Users\Abhihail Jacob\AppData\Local\Programs\Python\Python311\Lib\ssl.py first seen with mtime 1707239442.0
[DEBUG] 2026-01-28 21:11:03,861 autoreload File C:\Users\Abhihail Jacob\AppData\Local\Programs\Python\Python311\Lib\site-packages\django\db\models\sql\query.py first seen with mtime 1768573766.2086406
[DEBUG] 2026-01-28 21:11:03,862 autoreload File C:\Users\Abhihail Jacob\AppData\Local\Programs\Python\Python311\Lib\json\encoder.py first seen with mtime 1707239442.0
[DEBUG] 2026-01-28 21:11:03,862 autoreload File C:\Users\Abhihail Jacob\AppData\Local\Programs\Python\Python311\Lib\site-packages\django\core\management\utils.py first seen with mtime 1768573766.0550787
[DEBUG] 2026-01-28 21:11:03,862 autoreload File C:\Users\Abhihail Jacob\AppData\Local\Programs\Python\Python311\Lib\site-packages\rest_framework\response.py first seen with mtime 1769439193.6040144
[DEBUG] 2026-01-28 21:11:03,862 autoreload File C:\Users\Abhihail Jacob\AppData\Local\Programs\Python\Python311\Lib\site-packages\django\dispatch\__init__.py first seen with mtime 1768573766.2086406
[DEBUG] 2026-01-28 21:11:03,862 autoreload File C:\Users\Abhihail Jacob\AppData\Local\Programs\Python\Python311\Lib\site-packages\rest_framework\permissions.py first seen with mtime 1769439193.5985732
[DEBUG] 2026-01-28 21:11:03,862 autoreload File C:\Users\Abhihail Jacob\AppData\Local\Programs\Python\Python311\Lib\site-packages\django\db\__init__.py first seen with mtime 1768573766.086025
[DEBUG] 2026-01-28 21:11:03,864 autoreload File C:\Users\Abhihail Jacob\AppData\Local\Programs\Python\Python311\Lib\site-packages\django\db\migrations\operations\special.py first seen with mtime 1768573766.167158
[DEBUG] 2026-01-28 21:11:03,864 autoreload File C:\Users\Abhihail Jacob\AppData\Local\Programs\Python\Python311\Lib\site-packages\django\core\wsgi.py first seen with mtime 1768573765.9925027
[DEBUG] 2026-01-28 21:11:03,864 autoreload File C:\Users\Abhihail Jacob\AppData\Local\Programs\Python\Python311\Lib\glob.py first seen with mtime 1707239442.0
[DEBUG] 2026-01-28 21:11:03,864 autoreload File C:\Users\Abhihail Jacob\AppData\Local\Programs\Python\Python311\Lib\site-packages\django\db\backends\base\operations.py first seen with mtime 1768573766.1008377
[DEBUG] 2026-01-28 21:11:03,865 autoreload File C:\Users\Abhihail Jacob\AppData\Local\Programs\Python\Python311\Lib\site-packages\django\utils\translation\__init__.py first seen with mtime 1768573766.4077995
[DEBUG] 2026-01-28 21:11:03,865 autoreload File C:\Users\Abhihail Jacob\AppData\Local\Programs\Python\Python311\Lib\email\_parseaddr.py first seen with mtime 1707239442.0
[DEBUG] 2026-01-28 21:11:03,866 autoreload File C:\Users\Abhihail Jacob\AppData\Local\Programs\Python\Python311\Lib\site-packages\django\contrib\staticfiles\finders.py first seen with mtime 1768573765.9718542
[DEBUG] 2026-01-28 21:11:03,866 autoreload File C:\Users\Abhihail Jacob\AppData\Local\Programs\Python\Python311\Lib\site-packages\django\core\checks\files.py first seen with mtime 1768573766.00599
[DEBUG] 2026-01-28 21:11:03,866 autoreload File C:\Users\Abhihail Jacob\AppData\Local\Programs\Python\Python311\Lib\encodings\utf_8.py first seen with mtime 1707239442.0
[DEBUG] 2026-01-28 21:11:03,866 autoreload File D:\Python Journey\Python training\python-core\day27\expense_tracker\expense_tracker\settings.py first seen with mtime 1769614862.356399
[DEBUG] 2026-01-28 21:11:03,866 autoreload File C:\Users\Abhihail Jacob\AppData\Local\Programs\Python\Python311\Lib\logging\config.py first seen with mtime 1707239442.0
[DEBUG] 2026-01-28 21:11:03,867 autoreload File C:\Users\Abhihail Jacob\AppData\Local\Programs\Python\Python311\Lib\site-packages\django\db\migrations\writer.py first seen with mtime 1768573766.1573646
[DEBUG] 2026-01-28 21:11:03,867 autoreload File C:\Users\Abhihail Jacob\AppData\Local\Programs\Python\Python311\Lib\typing.py first seen with mtime 1707239442.0
[DEBUG] 2026-01-28 21:11:03,867 autoreload File C:\Users\Abhihail Jacob\AppData\Local\Programs\Python\Python311\Lib\asyncio\format_helpers.py first seen with mtime 1707239442.0
[DEBUG] 2026-01-28 21:11:03,867 autoreload File C:\Users\Abhihail Jacob\AppData\Local\Programs\Python\Python311\Lib\site-packages\django\db\models\functions\json.py first seen with mtime 1768573766.2000854
[DEBUG] 2026-01-28 21:11:03,867 autoreload File C:\Users\Abhihail Jacob\AppData\Local\Programs\Python\Python311\Lib\site-packages\django\db\models\fields\__init__.py first seen with mtime 1768573766.1852217
[DEBUG] 2026-01-28 21:11:03,867 autoreload File C:\Users\Abhihail Jacob\AppData\Local\Programs\Python\Python311\Lib\getpass.py first seen with mtime 1707239442.0
[DEBUG] 2026-01-28 21:11:03,868 autoreload File C:\Users\Abhihail Jacob\AppData\Local\Programs\Python\Python311\Lib\site-packages\rest_framework\authentication.py first seen with mtime 1769439193.5800388
[DEBUG] 2026-01-28 21:11:03,868 autoreload File C:\Users\Abhihail Jacob\AppData\Local\Programs\Python\Python311\Lib\site-packages\django\core\paginator.py first seen with mtime 1768573765.9887507
[DEBUG] 2026-01-28 21:11:03,868 autoreload File C:\Users\Abhihail Jacob\AppData\Local\Programs\Python\Python311\Lib\site-packages\django\core\exceptions.py first seen with mtime 1768573765.9867442
[DEBUG] 2026-01-28 21:11:03,868 autoreload File C:\Users\Abhihail Jacob\AppData\Local\Programs\Python\Python311\Lib\pickle.py first seen with mtime 1707239442.0
[DEBUG] 2026-01-28 21:11:03,868 autoreload File C:\Users\Abhihail Jacob\AppData\Local\Programs\Python\Python311\Lib\site-packages\django\db\backends\sqlite3\introspection.py first seen with mtime 1768573766.1446218
[DEBUG] 2026-01-28 21:11:03,868 autoreload File C:\Users\Abhihail Jacob\AppData\Local\Programs\Python\Python311\Lib\site-packages\django\db\models\functions\comparison.py first seen with mtime 1768573766.1987557
[DEBUG] 2026-01-28 21:11:03,868 autoreload File C:\Users\Abhihail Jacob\AppData\Local\Programs\Python\Python311\Lib\site-packages\django\templatetags\static.py first seen with mtime 1768573766.352118
[DEBUG] 2026-01-28 21:11:03,868 autoreload File C:\Users\Abhihail Jacob\AppData\Local\Programs\Python\Python311\Lib\site-packages\sqlparse\exceptions.py first seen with mtime 1768573760.194264
[DEBUG] 2026-01-28 21:11:03,870 autoreload File C:\Users\Abhihail Jacob\AppData\Local\Programs\Python\Python311\Lib\http\server.py first seen with mtime 1707239442.0
[DEBUG] 2026-01-28 21:11:03,870 autoreload File C:\Users\Abhihail Jacob\AppData\Local\Programs\Python\Python311\Lib\_weakrefset.py first seen with mtime 1707239442.0
[DEBUG] 2026-01-28 21:11:03,870 autoreload File C:\Users\Abhihail Jacob\AppData\Local\Programs\Python\Python311\Lib\site-packages\django\utils\inspect.py first seen with mtime 1768573766.3926706
[DEBUG] 2026-01-28 21:11:03,870 autoreload File C:\Users\Abhihail Jacob\AppData\Local\Programs\Python\Python311\Lib\site-packages\rest_framework\generics.py first seen with mtime 1769439193.5904508
[DEBUG] 2026-01-28 21:11:03,871 autoreload File C:\Users\Abhihail Jacob\AppData\Local\Programs\Python\Python311\Lib\site-packages\django\contrib\admin\views\main.py first seen with mtime 1768573762.9638262
[DEBUG] 2026-01-28 21:11:03,871 autoreload File C:\Users\Abhihail Jacob\AppData\Local\Programs\Python\Python311\Lib\site-packages\django\db\migrations\questioner.py first seen with mtime 1768573766.1573646
[DEBUG] 2026-01-28 21:11:03,871 autoreload File C:\Users\Abhihail Jacob\AppData\Local\Programs\Python\Python311\Lib\site-packages\django\db\backends\base\creation.py first seen with mtime 1768573766.0986624
[DEBUG] 2026-01-28 21:11:03,871 autoreload File C:\Users\Abhihail Jacob\AppData\Local\Programs\Python\Python311\Lib\site-packages\django\core\handlers\wsgi.py first seen with mtime 1768573766.0370164
[DEBUG] 2026-01-28 21:11:03,872 autoreload File C:\Users\Abhihail Jacob\AppData\Local\Programs\Python\Python311\Lib\site-packages\rest_framework\utils\urls.py first seen with mtime 1769439193.9088964
[DEBUG] 2026-01-28 21:11:03,874 autoreload File C:\Users\Abhihail Jacob\AppData\Local\Programs\Python\Python311\Lib\site-packages\django\core\files\move.py first seen with mtime 1768573766.0240695
[DEBUG] 2026-01-28 21:11:03,874 autoreload File C:\Users\Abhihail Jacob\AppData\Local\Programs\Python\Python311\Lib\site-packages\django\template\loaders\filesystem.py first seen with mtime 1768573766.345934
[DEBUG] 2026-01-28 21:11:03,874 autoreload File C:\Users\Abhihail Jacob\AppData\Local\Programs\Python\Python311\Lib\site-packages\django\utils\module_loading.py first seen with mtime 1768573766.396915
[DEBUG] 2026-01-28 21:11:03,875 autoreload File C:\Users\Abhihail Jacob\AppData\Local\Programs\Python\Python311\Lib\dataclasses.py first seen with mtime 1707239442.0
[DEBUG] 2026-01-28 21:11:03,875 autoreload File C:\Users\Abhihail Jacob\AppData\Local\Programs\Python\Python311\Lib\site-packages\django\contrib\admindocs\views.py first seen with mtime 1768573762.969966
[DEBUG] 2026-01-28 21:11:03,875 autoreload File C:\Users\Abhihail Jacob\AppData\Local\Programs\Python\Python311\Lib\site-packages\django\__init__.py first seen with mtime 1768573761.3505023
[DEBUG] 2026-01-28 21:11:03,875 autoreload File C:\Users\Abhihail Jacob\AppData\Local\Programs\Python\Python311\Lib\site-packages\django\db\migrations\utils.py first seen with mtime 1768573766.1573646
[DEBUG] 2026-01-28 21:11:03,875 autoreload File C:\Users\Abhihail Jacob\AppData\Local\Programs\Python\Python311\Lib\site-packages\django\utils\asyncio.py first seen with mtime 1768573766.3728738
[DEBUG] 2026-01-28 21:11:03,875 autoreload File C:\Users\Abhihail Jacob\AppData\Local\Programs\Python\Python311\Lib\multiprocessing\__init__.py first seen with mtime 1707239442.0
[DEBUG] 2026-01-28 21:11:03,875 autoreload File C:\Users\Abhihail Jacob\AppData\Local\Programs\Python\Python311\DLLs\_hashlib.pyd first seen with mtime 1707239490.0
[DEBUG] 2026-01-28 21:11:03,875 autoreload File C:\Users\Abhihail Jacob\AppData\Local\Programs\Python\Python311\Lib\site-packages\django_filters\rest_framework\__init__.py first seen with mtime 1769607637.8759546
[DEBUG] 2026-01-28 21:11:03,876 autoreload File C:\Users\Abhihail Jacob\AppData\Local\Programs\Python\Python311\Lib\site-packages\django\db\transaction.py first seen with mtime 1768573766.0900056
[DEBUG] 2026-01-28 21:11:03,876 autoreload File C:\Users\Abhihail Jacob\AppData\Local\Programs\Python\Python311\Lib\html\entities.py first seen with mtime 1707239442.0
[DEBUG] 2026-01-28 21:11:03,876 autoreload File C:\Users\Abhihail Jacob\AppData\Local\Programs\Python\Python311\Lib\site-packages\sqlparse\filters\reindent.py first seen with mtime 1768573760.2273145
[DEBUG] 2026-01-28 21:11:03,876 autoreload File C:\Users\Abhihail Jacob\AppData\Local\Programs\Python\Python311\Lib\site-packages\django\contrib\sessions\backends\__init__.py first seen with mtime 1768573765.4850373
[DEBUG] 2026-01-28 21:11:03,877 autoreload File C:\Users\Abhihail Jacob\AppData\Local\Programs\Python\Python311\Lib\site-packages\sqlparse\formatter.py first seen with mtime 1768573760.194264
[DEBUG] 2026-01-28 21:11:03,877 autoreload File C:\Users\Abhihail Jacob\AppData\Local\Programs\Python\Python311\Lib\zoneinfo\_tzpath.py first seen with mtime 1707239442.0
[DEBUG] 2026-01-28 21:11:03,877 autoreload File C:\Users\Abhihail Jacob\AppData\Local\Programs\Python\Python311\Lib\collections\__init__.py first seen with mtime 1707239442.0
[DEBUG] 2026-01-28 21:11:03,877 autoreload File C:\Users\Abhihail Jacob\AppData\Local\Programs\Python\Python311\Lib\site-packages\django\core\checks\database.py first seen with mtime 1768573766.00599
[DEBUG] 2026-01-28 21:11:03,877 autoreload File C:\Users\Abhihail Jacob\AppData\Local\Programs\Python\Python311\Lib\site-packages\django\views\generic\detail.py first seen with mtime 1768573766.4525778
[DEBUG] 2026-01-28 21:11:03,878 autoreload File C:\Users\Abhihail Jacob\AppData\Local\Programs\Python\Python311\Lib\site-packages\django\contrib\staticfiles\__init__.py first seen with mtime 1768573765.9693735
[DEBUG] 2026-01-28 21:11:03,878 autoreload File C:\Users\Abhihail Jacob\AppData\Local\Programs\Python\Python311\Lib\site-packages\sqlparse\filters\__init__.py first seen with mtime 1768573760.2216825
[DEBUG] 2026-01-28 21:11:03,878 autoreload File C:\Users\Abhihail Jacob\AppData\Local\Programs\Python\Python311\Lib\email\errors.py first seen with mtime 1707239442.0
[DEBUG] 2026-01-28 21:11:03,878 autoreload File C:\Users\Abhihail Jacob\AppData\Local\Programs\Python\Python311\Lib\site-packages\django\templatetags\cache.py first seen with mtime 1768573766.3485656
[DEBUG] 2026-01-28 21:11:03,878 autoreload File C:\Users\Abhihail Jacob\AppData\Local\Programs\Python\Python311\Lib\site-packages\django\core\checks\registry.py first seen with mtime 1768573766.00599
[DEBUG] 2026-01-28 21:11:03,879 autoreload File C:\Users\Abhihail Jacob\AppData\Local\Programs\Python\Python311\Lib\site-packages\django\template\defaultfilters.py first seen with mtime 1768573766.3287086
[DEBUG] 2026-01-28 21:11:03,879 autoreload File C:\Users\Abhihail Jacob\AppData\Local\Programs\Python\Python311\Lib\asyncio\streams.py first seen with mtime 1707239442.0
[DEBUG] 2026-01-28 21:11:03,879 autoreload File C:\Users\Abhihail Jacob\AppData\Local\Programs\Python\Python311\Lib\site-packages\django\core\files\uploadedfile.py first seen with mtime 1768573766.0265734
[DEBUG] 2026-01-28 21:11:03,879 autoreload File C:\Users\Abhihail Jacob\AppData\Local\Programs\Python\Python311\Lib\site-packages\django\utils\numberformat.py first seen with mtime 1768573766.396915
[DEBUG] 2026-01-28 21:11:03,879 autoreload File C:\Users\Abhihail Jacob\AppData\Local\Programs\Python\Python311\Lib\site-packages\django\middleware\cache.py first seen with mtime 1768573766.315834
[DEBUG] 2026-01-28 21:11:03,879 autoreload File C:\Users\Abhihail Jacob\AppData\Local\Programs\Python\Python311\Lib\site-packages\sqlparse\__init__.py first seen with mtime 1768573760.194264
[DEBUG] 2026-01-28 21:11:03,879 autoreload File C:\Users\Abhihail Jacob\AppData\Local\Programs\Python\Python311\Lib\asyncio\runners.py first seen with mtime 1707239442.0
[DEBUG] 2026-01-28 21:11:03,879 autoreload File C:\Users\Abhihail Jacob\AppData\Local\Programs\Python\Python311\Lib\site-packages\django\core\signals.py first seen with mtime 1768573765.9887507
[DEBUG] 2026-01-28 21:11:03,879 autoreload File C:\Users\Abhihail Jacob\AppData\Local\Programs\Python\Python311\Lib\site-packages\django\db\models\query.py first seen with mtime 1768573766.1809068
[DEBUG] 2026-01-28 21:11:03,879 autoreload File C:\Users\Abhihail Jacob\AppData\Local\Programs\Python\Python311\Lib\asyncio\base_futures.py first seen with mtime 1707239442.0
[DEBUG] 2026-01-28 21:11:03,879 autoreload File C:\Users\Abhihail Jacob\AppData\Local\Programs\Python\Python311\Lib\site-packages\rest_framework\schemas\openapi.py first seen with mtime 1769439193.754951
[DEBUG] 2026-01-28 21:11:03,879 autoreload File C:\Users\Abhihail Jacob\AppData\Local\Programs\Python\Python311\Lib\site-packages\django\contrib\admin\exceptions.py first seen with mtime 1768573761.8982975
[DEBUG] 2026-01-28 21:11:03,883 autoreload File C:\Users\Abhihail Jacob\AppData\Local\Programs\Python\Python311\Lib\socketserver.py first seen with mtime 1707239442.0
[DEBUG] 2026-01-28 21:11:03,883 autoreload File C:\Users\Abhihail Jacob\AppData\Local\Programs\Python\Python311\Lib\site-packages\django\contrib\contenttypes\management\__init__.py first seen with mtime 1768573763.9850323
[DEBUG] 2026-01-28 21:11:03,883 autoreload File C:\Users\Abhihail Jacob\AppData\Local\Programs\Python\Python311\Lib\site-packages\django\db\backends\sqlite3\__init__.py first seen with mtime 1768573766.1376307
[DEBUG] 2026-01-28 21:11:03,883 autoreload File C:\Users\Abhihail Jacob\AppData\Local\Programs\Python\Python311\Lib\site-packages\django\db\backends\utils.py first seen with mtime 1768573766.0940945
[DEBUG] 2026-01-28 21:11:03,883 autoreload File C:\Users\Abhihail Jacob\AppData\Local\Programs\Python\Python311\Lib\site-packages\django\db\migrations\operations\base.py first seen with mtime 1768573766.1635935
[DEBUG] 2026-01-28 21:11:03,884 autoreload File C:\Users\Abhihail Jacob\AppData\Local\Programs\Python\Python311\Lib\email\base64mime.py first seen with mtime 1707239442.0
[DEBUG] 2026-01-28 21:11:03,884 autoreload File C:\Users\Abhihail Jacob\AppData\Local\Programs\Python\Python311\Lib\site-packages\django\db\models\enums.py first seen with mtime 1768573766.173643
[DEBUG] 2026-01-28 21:11:03,884 autoreload File C:\Users\Abhihail Jacob\AppData\Local\Programs\Python\Python311\Lib\email\headerregistry.py first seen with mtime 1707239442.0
[DEBUG] 2026-01-28 21:11:03,884 autoreload File D:\Python Journey\Python training\python-core\day27\expense_tracker\expense_tracker\urls.py first seen with mtime 1769529894.9676082
[DEBUG] 2026-01-28 21:11:03,884 autoreload File C:\Users\Abhihail Jacob\AppData\Local\Programs\Python\Python311\Lib\site-packages\django\contrib\auth\views.py first seen with mtime 1768573763.3046775
[DEBUG] 2026-01-28 21:11:03,885 autoreload File C:\Users\Abhihail Jacob\AppData\Local\Programs\Python\Python311\Lib\site-packages\django\contrib\admin\models.py first seen with mtime 1768573761.9078176
[DEBUG] 2026-01-28 21:11:03,885 autoreload File C:\Users\Abhihail Jacob\AppData\Local\Programs\Python\Python311\Lib\site-packages\rest_framework\utils\encoders.py first seen with mtime 1769439193.8954597
[DEBUG] 2026-01-28 21:11:03,885 autoreload File C:\Users\Abhihail Jacob\AppData\Local\Programs\Python\Python311\Lib\site-packages\rest_framework\schemas\utils.py first seen with mtime 1769439193.754951
[DEBUG] 2026-01-28 21:11:03,885 autoreload File C:\Users\Abhihail Jacob\AppData\Local\Programs\Python\Python311\Lib\site-packages\rest_framework\relations.py first seen with mtime 1769439193.5985732
[DEBUG] 2026-01-28 21:11:03,887 autoreload File C:\Users\Abhihail Jacob\AppData\Local\Programs\Python\Python311\Lib\site-packages\django\views\generic\base.py first seen with mtime 1768573766.4499068
[DEBUG] 2026-01-28 21:11:03,887 autoreload File C:\Users\Abhihail Jacob\AppData\Local\Programs\Python\Python311\Lib\site-packages\django\contrib\contenttypes\fields.py first seen with mtime 1768573763.6654882
[DEBUG] 2026-01-28 21:11:03,887 autoreload File C:\Users\Abhihail Jacob\AppData\Local\Programs\Python\Python311\Lib\site-packages\django\contrib\auth\hashers.py first seen with mtime 1768573763.29878
[DEBUG] 2026-01-28 21:11:03,888 autoreload File C:\Users\Abhihail Jacob\AppData\Local\Programs\Python\Python311\Lib\site-packages\django\core\files\temp.py first seen with mtime 1768573766.0255036
[DEBUG] 2026-01-28 21:11:03,889 autoreload File C:\Users\Abhihail Jacob\AppData\Local\Programs\Python\Python311\Lib\site-packages\asgiref\current_thread_executor.py first seen with mtime 1768573761.0831225
[DEBUG] 2026-01-28 21:11:03,889 autoreload File C:\Users\Abhihail Jacob\AppData\Local\Programs\Python\Python311\Lib\site-packages\django\views\decorators\csrf.py first seen with mtime 1768573766.4411752
[DEBUG] 2026-01-28 21:11:03,889 autoreload File C:\Users\Abhihail Jacob\AppData\Local\Programs\Python\Python311\Lib\site-packages\django\core\files\storage\handler.py first seen with mtime 1768573766.0314386
[DEBUG] 2026-01-28 21:11:03,889 autoreload File C:\Users\Abhihail Jacob\AppData\Local\Programs\Python\Python311\Lib\collections\abc.py first seen with mtime 1707239442.0
[DEBUG] 2026-01-28 21:11:03,889 autoreload File C:\Users\Abhihail Jacob\AppData\Local\Programs\Python\Python311\Lib\site-packages\django\core\handlers\__init__.py first seen with mtime 1768573766.034688
[DEBUG] 2026-01-28 21:11:03,889 autoreload File C:\Users\Abhihail Jacob\AppData\Local\Programs\Python\Python311\Lib\locale.py first seen with mtime 1707239442.0
[DEBUG] 2026-01-28 21:11:03,889 autoreload File C:\Users\Abhihail Jacob\AppData\Local\Programs\Python\Python311\DLLs\_overlapped.pyd first seen with mtime 1707239490.0
[DEBUG] 2026-01-28 21:11:03,889 autoreload File C:\Users\Abhihail Jacob\AppData\Local\Programs\Python\Python311\Lib\site-packages\django\db\backends\base\client.py first seen with mtime 1768573766.0975108
[DEBUG] 2026-01-28 21:11:03,889 autoreload File C:\Users\Abhihail Jacob\AppData\Local\Programs\Python\Python311\Lib\site-packages\django\contrib\postgres\search.py first seen with mtime 1768573764.9472187
[DEBUG] 2026-01-28 21:11:03,889 autoreload File C:\Users\Abhihail Jacob\AppData\Local\Programs\Python\Python311\Lib\site-packages\django\db\models\fields\files.py first seen with mtime 1768573766.1864605
[DEBUG] 2026-01-28 21:11:03,893 autoreload File C:\Users\Abhihail Jacob\AppData\Local\Programs\Python\Python311\Lib\asyncio\staggered.py first seen with mtime 1707239442.0
[DEBUG] 2026-01-28 21:11:03,893 autoreload File D:\Python Journey\Python training\python-core\day27\expense_tracker\expenses\signals.py first seen with mtime 1769525258.138754
[DEBUG] 2026-01-28 21:11:03,893 autoreload File C:\Users\Abhihail Jacob\AppData\Local\Programs\Python\Python311\Lib\site-packages\_distutils_hack\__init__.py first seen with mtime 1767353014.066525
[DEBUG] 2026-01-28 21:11:03,893 autoreload File C:\Users\Abhihail Jacob\AppData\Local\Programs\Python\Python311\Lib\asyncio\base_events.py first seen with mtime 1707239442.0
[DEBUG] 2026-01-28 21:11:03,893 autoreload File C:\Users\Abhihail Jacob\AppData\Local\Programs\Python\Python311\Lib\site-packages\django\contrib\admin\__init__.py first seen with mtime 1768573761.8960052
[DEBUG] 2026-01-28 21:11:03,893 autoreload File C:\Users\Abhihail Jacob\AppData\Local\Programs\Python\Python311\Lib\site-packages\django\utils\autoreload.py first seen with mtime 1768573766.3728738
[DEBUG] 2026-01-28 21:11:03,893 autoreload File C:\Users\Abhihail Jacob\AppData\Local\Programs\Python\Python311\Lib\site-packages\django\views\i18n.py first seen with mtime 1768573766.4286616
[DEBUG] 2026-01-28 21:11:03,894 autoreload File C:\Users\Abhihail Jacob\AppData\Local\Programs\Python\Python311\Lib\encodings\__init__.py first seen with mtime 1707239442.0
[DEBUG] 2026-01-28 21:11:03,894 autoreload File C:\Users\Abhihail Jacob\AppData\Local\Programs\Python\Python311\Lib\asyncio\selector_events.py first seen with mtime 1707239442.0
[DEBUG] 2026-01-28 21:11:03,894 autoreload File C:\Users\Abhihail Jacob\AppData\Local\Programs\Python\Python311\Lib\string.py first seen with mtime 1707239442.0
[DEBUG] 2026-01-28 21:11:03,894 autoreload File C:\Users\Abhihail Jacob\AppData\Local\Programs\Python\Python311\Lib\site-packages\django\contrib\auth\password_validation.py first seen with mtime 1768573763.3046775
[DEBUG] 2026-01-28 21:11:03,894 autoreload File C:\Users\Abhihail Jacob\AppData\Local\Programs\Python\Python311\Lib\site-packages\django\utils\translation\trans_real.py first seen with mtime 1768573766.412633
[DEBUG] 2026-01-28 21:11:03,895 autoreload File C:\Users\Abhihail Jacob\AppData\Local\Programs\Python\Python311\Lib\site-packages\django\db\backends\sqlite3\features.py first seen with mtime 1768573766.1432605
[DEBUG] 2026-01-28 21:11:03,895 autoreload File C:\Users\Abhihail Jacob\AppData\Local\Programs\Python\Python311\Lib\site-packages\django\core\files\images.py first seen with mtime 1768573766.0228972
[DEBUG] 2026-01-28 21:11:03,895 autoreload File C:\Users\Abhihail Jacob\AppData\Local\Programs\Python\Python311\Lib\site-packages\django\forms\widgets.py first seen with mtime 1768573766.2243922
[DEBUG] 2026-01-28 21:11:03,895 autoreload File C:\Users\Abhihail Jacob\AppData\Local\Programs\Python\Python311\Lib\site-packages\django\apps\registry.py first seen with mtime 1768573761.35726
[DEBUG] 2026-01-28 21:11:03,895 autoreload File C:\Users\Abhihail Jacob\AppData\Local\Programs\Python\Python311\Lib\encodings\cp1252.py first seen with mtime 1707239442.0
[DEBUG] 2026-01-28 21:11:03,896 autoreload File C:\Users\Abhihail Jacob\AppData\Local\Programs\Python\Python311\Lib\random.py first seen with mtime 1707239442.0
[DEBUG] 2026-01-28 21:11:03,896 autoreload File C:\Users\Abhihail Jacob\AppData\Local\Programs\Python\Python311\Lib\site-packages\django\utils\hashable.py first seen with mtime 1768573766.3882785
[DEBUG] 2026-01-28 21:11:03,896 autoreload File C:\Users\Abhihail Jacob\AppData\Local\Programs\Python\Python311\Lib\site-packages\django\contrib\postgres\lookups.py first seen with mtime 1768573764.9472187
[DEBUG] 2026-01-28 21:11:03,897 autoreload File C:\Users\Abhihail Jacob\AppData\Local\Programs\Python\Python311\DLLs\_asyncio.pyd first seen with mtime 1707239490.0
[DEBUG] 2026-01-28 21:11:03,897 autoreload File C:\Users\Abhihail Jacob\AppData\Local\Programs\Python\Python311\Lib\secrets.py first seen with mtime 1707239442.0
[DEBUG] 2026-01-28 21:11:03,897 autoreload File C:\Users\Abhihail Jacob\AppData\Local\Programs\Python\Python311\Lib\site-packages\rest_framework\templatetags\__init__.py first seen with mtime 1769439193.8914695
[DEBUG] 2026-01-28 21:11:03,897 autoreload File C:\Users\Abhihail Jacob\AppData\Local\Programs\Python\Python311\Lib\site-packages\django\db\migrations\operations\fields.py first seen with mtime 1768573766.1650407
[DEBUG] 2026-01-28 21:11:03,898 autoreload File C:\Users\Abhihail Jacob\AppData\Local\Programs\Python\Python311\Lib\site-packages\django\contrib\admindocs\__init__.py first seen with mtime 1768573762.9648266
[DEBUG] 2026-01-28 21:11:03,898 autoreload File C:\Users\Abhihail Jacob\AppData\Local\Programs\Python\Python311\Lib\site-packages\django\utils\lorem_ipsum.py first seen with mtime 1768573766.395171
[DEBUG] 2026-01-28 21:11:03,898 autoreload File C:\Users\Abhihail Jacob\AppData\Local\Programs\Python\Python311\Lib\site-packages\django\contrib\postgres\forms\hstore.py first seen with mtime 1768573764.9622843
[DEBUG] 2026-01-28 21:11:03,898 autoreload File C:\Users\Abhihail Jacob\AppData\Local\Programs\Python\Python311\Lib\re\_constants.py first seen with mtime 1707239442.0
[DEBUG] 2026-01-28 21:11:03,900 autoreload File C:\Users\Abhihail Jacob\AppData\Local\Programs\Python\Python311\Lib\site-packages\django\contrib\admin\views\autocomplete.py first seen with mtime 1768573762.9614642
[DEBUG] 2026-01-28 21:11:03,900 autoreload File C:\Users\Abhihail Jacob\AppData\Local\Programs\Python\Python311\Lib\site-packages\django\contrib\staticfiles\apps.py first seen with mtime 1768573765.9693735
[DEBUG] 2026-01-28 21:11:03,900 autoreload File C:\Users\Abhihail Jacob\AppData\Local\Programs\Python\Python311\Lib\site-packages\django\utils\functional.py first seen with mtime 1768573766.3882785
[DEBUG] 2026-01-28 21:11:03,900 autoreload File C:\Users\Abhihail Jacob\AppData\Local\Programs\Python\Python311\Lib\site-packages\django\db\backends\base\introspection.py first seen with mtime 1768573766.1008377
[DEBUG] 2026-01-28 21:11:03,901 autoreload File C:\Users\Abhihail Jacob\AppData\Local\Programs\Python\Python311\Lib\importlib\_abc.py first seen with mtime 1707239442.0
[DEBUG] 2026-01-28 21:11:03,901 autoreload File C:\Users\Abhihail Jacob\AppData\Local\Programs\Python\Python311\Lib\site-packages\django\contrib\auth\decorators.py first seen with mtime 1768573763.2963896
[DEBUG] 2026-01-28 21:11:03,901 autoreload File C:\Users\Abhihail Jacob\AppData\Local\Programs\Python\Python311\Lib\site-packages\django\core\checks\translation.py first seen with mtime 1768573766.00599
[DEBUG] 2026-01-28 21:11:03,901 autoreload File C:\Users\Abhihail Jacob\AppData\Local\Programs\Python\Python311\Lib\site-packages\rest_framework\utils\json.py first seen with mtime 1769439193.9015636
[DEBUG] 2026-01-28 21:11:03,901 autoreload File C:\Users\Abhihail Jacob\AppData\Local\Programs\Python\Python311\Lib\site-packages\django\utils\duration.py first seen with mtime 1768573766.3846185
[DEBUG] 2026-01-28 21:11:03,901 autoreload File C:\Users\Abhihail Jacob\AppData\Local\Programs\Python\Python311\Lib\site-packages\django\contrib\sessions\middleware.py first seen with mtime 1768573765.4825745
[DEBUG] 2026-01-28 21:11:03,901 autoreload File C:\Users\Abhihail Jacob\AppData\Local\Programs\Python\Python311\Lib\site-packages\rest_framework\negotiation.py first seen with mtime 1769439193.59543
[DEBUG] 2026-01-28 21:11:03,902 autoreload File C:\Users\Abhihail Jacob\AppData\Local\Programs\Python\Python311\Lib\site-packages\django\contrib\admin\templatetags\admin_modify.py first seen with mtime 1768573762.9478729
[DEBUG] 2026-01-28 21:11:03,902 autoreload File C:\Users\Abhihail Jacob\AppData\Local\Programs\Python\Python311\Lib\site-packages\django\db\backends\sqlite3\operations.py first seen with mtime 1768573766.1446218
[DEBUG] 2026-01-28 21:11:03,902 autoreload File C:\Users\Abhihail Jacob\AppData\Local\Programs\Python\Python311\Lib\site-packages\django\contrib\auth\models.py first seen with mtime 1768573763.3030026
[DEBUG] 2026-01-28 21:11:03,903 autoreload File C:\Users\Abhihail Jacob\AppData\Local\Programs\Python\Python311\Lib\functools.py first seen with mtime 1707239442.0
[DEBUG] 2026-01-28 21:11:03,903 autoreload File C:\Users\Abhihail Jacob\AppData\Local\Programs\Python\Python311\Lib\site-packages\django\shortcuts.py first seen with mtime 1768573761.3505023
[DEBUG] 2026-01-28 21:11:03,904 autoreload File C:\Users\Abhihail Jacob\AppData\Local\Programs\Python\Python311\Lib\email\__init__.py first seen with mtime 1707239442.0
[DEBUG] 2026-01-28 21:11:03,904 autoreload File C:\Users\Abhihail Jacob\AppData\Local\Programs\Python\Python311\Lib\site-packages\django\template\loaders\base.py first seen with mtime 1768573766.3446932
[DEBUG] 2026-01-28 21:11:03,904 autoreload File C:\Users\Abhihail Jacob\AppData\Local\Programs\Python\Python311\Lib\site-packages\django\core\management\sql.py first seen with mtime 1768573766.051541
[DEBUG] 2026-01-28 21:11:03,905 autoreload File C:\Users\Abhihail Jacob\AppData\Local\Programs\Python\Python311\Lib\site-packages\django\core\serializers\json.py first seen with mtime 1768573766.0824063
[DEBUG] 2026-01-28 21:11:03,905 autoreload File C:\Users\Abhihail Jacob\AppData\Local\Programs\Python\Python311\Lib\site-packages\django\middleware\clickjacking.py first seen with mtime 1768573766.3169658
[DEBUG] 2026-01-28 21:11:03,907 autoreload File C:\Users\Abhihail Jacob\AppData\Local\Programs\Python\Python311\Lib\site-packages\django\forms\formsets.py first seen with mtime 1768573766.2086406
[DEBUG] 2026-01-28 21:11:03,907 autoreload File C:\Users\Abhihail Jacob\AppData\Local\Programs\Python\Python311\Lib\site-packages\django_filters\exceptions.py first seen with mtime 1769607637.8083549
[DEBUG] 2026-01-28 21:11:03,907 autoreload File C:\Users\Abhihail Jacob\AppData\Local\Programs\Python\Python311\Lib\site-packages\django\utils\safestring.py first seen with mtime 1768573766.396915
[DEBUG] 2026-01-28 21:11:03,907 autoreload File C:\Users\Abhihail Jacob\AppData\Local\Programs\Python\Python311\Lib\email\mime\nonmultipart.py first seen with mtime 1707239442.0
[DEBUG] 2026-01-28 21:11:03,908 autoreload File C:\Users\Abhihail Jacob\AppData\Local\Programs\Python\Python311\Lib\site-packages\django\contrib\__init__.py first seen with mtime 1768573761.8924966
[DEBUG] 2026-01-28 21:11:03,908 autoreload File C:\Users\Abhihail Jacob\AppData\Local\Programs\Python\Python311\Lib\site-packages\rest_framework\checks.py first seen with mtime 1769439193.5814435
[DEBUG] 2026-01-28 21:11:03,908 autoreload File C:\Users\Abhihail Jacob\AppData\Local\Programs\Python\Python311\Lib\site-packages\django\core\files\storage\memory.py first seen with mtime 1768573766.0325322
[DEBUG] 2026-01-28 21:11:03,908 autoreload File C:\Users\Abhihail Jacob\AppData\Local\Programs\Python\Python311\Lib\site-packages\django\urls\converters.py first seen with mtime 1768573766.365674
[DEBUG] 2026-01-28 21:11:03,908 autoreload File C:\Users\Abhihail Jacob\AppData\Local\Programs\Python\Python311\Lib\site-packages\django\templatetags\i18n.py first seen with mtime 1768573766.349569
[DEBUG] 2026-01-28 21:11:03,909 autoreload File C:\Users\Abhihail Jacob\AppData\Local\Programs\Python\Python311\Lib\site-packages\django\contrib\auth\__init__.py first seen with mtime 1768573763.2836263
[DEBUG] 2026-01-28 21:11:03,909 autoreload File C:\Users\Abhihail Jacob\AppData\Local\Programs\Python\Python311\Lib\site-packages\sqlparse\filters\tokens.py first seen with mtime 1768573760.2303672
[DEBUG] 2026-01-28 21:11:03,909 autoreload File C:\Users\Abhihail Jacob\AppData\Local\Programs\Python\Python311\Lib\asyncio\log.py first seen with mtime 1707239442.0
[DEBUG] 2026-01-28 21:11:03,909 autoreload File C:\Users\Abhihail Jacob\AppData\Local\Programs\Python\Python311\Lib\site-packages\sqlparse\engine\grouping.py first seen with mtime 1768573760.2186356
[DEBUG] 2026-01-28 21:11:03,909 autoreload File C:\Users\Abhihail Jacob\AppData\Local\Programs\Python\Python311\Lib\site-packages\django_filters\constants.py first seen with mtime 1769607637.8070168
[DEBUG] 2026-01-28 21:11:03,910 autoreload File C:\Users\Abhihail Jacob\AppData\Local\Programs\Python\Python311\Lib\hashlib.py first seen with mtime 1707239442.0
[DEBUG] 2026-01-28 21:11:03,910 autoreload File C:\Users\Abhihail Jacob\AppData\Local\Programs\Python\Python311\Lib\signal.py first seen with mtime 1707239442.0
[DEBUG] 2026-01-28 21:11:03,910 autoreload File C:\Users\Abhihail Jacob\AppData\Local\Programs\Python\Python311\Lib\site-packages\django\core\signing.py first seen with mtime 1768573765.9904957
[DEBUG] 2026-01-28 21:11:03,910 autoreload File C:\Users\Abhihail Jacob\AppData\Local\Programs\Python\Python311\Lib\site-packages\sqlparse\tokens.py first seen with mtime 1768573760.214593
[DEBUG] 2026-01-28 21:11:03,910 autoreload File C:\Users\Abhihail Jacob\AppData\Local\Programs\Python\Python311\Lib\site-packages\django\db\backends\sqlite3\creation.py first seen with mtime 1768573766.14225
[DEBUG] 2026-01-28 21:11:03,910 autoreload File C:\Users\Abhihail Jacob\AppData\Local\Programs\Python\Python311\Lib\weakref.py first seen with mtime 1707239442.0
[DEBUG] 2026-01-28 21:11:03,910 autoreload File C:\Users\Abhihail Jacob\AppData\Local\Programs\Python\Python311\Lib\site-packages\django\db\backends\base\__init__.py first seen with mtime 1768573766.0940945
[DEBUG] 2026-01-28 21:11:03,912 autoreload File C:\Users\Abhihail Jacob\AppData\Local\Programs\Python\Python311\Lib\site-packages\django\core\servers\basehttp.py first seen with mtime 1768573766.086025
[DEBUG] 2026-01-28 21:11:03,912 autoreload File C:\Users\Abhihail Jacob\AppData\Local\Programs\Python\Python311\Lib\site-packages\django\core\checks\compatibility\__init__.py first seen with mtime 1768573766.00599
[DEBUG] 2026-01-28 21:11:03,912 autoreload File C:\Users\Abhihail Jacob\AppData\Local\Programs\Python\Python311\Lib\site-packages\django\db\models\fields\json.py first seen with mtime 1768573766.189025
[DEBUG] 2026-01-28 21:11:03,913 autoreload File C:\Users\Abhihail Jacob\AppData\Local\Programs\Python\Python311\Lib\copyreg.py first seen with mtime 1707239442.0
[DEBUG] 2026-01-28 21:11:03,913 autoreload File C:\Users\Abhihail Jacob\AppData\Local\Programs\Python\Python311\Lib\site-packages\django\contrib\admin\apps.py first seen with mtime 1768573761.8982975
[DEBUG] 2026-01-28 21:11:03,913 autoreload File C:\Users\Abhihail Jacob\AppData\Local\Programs\Python\Python311\Lib\http\__init__.py first seen with mtime 1707239442.0
[DEBUG] 2026-01-28 21:11:03,913 autoreload File C:\Users\Abhihail Jacob\AppData\Local\Programs\Python\Python311\Lib\nturl2path.py first seen with mtime 1707239442.0
[DEBUG] 2026-01-28 21:11:03,914 autoreload File C:\Users\Abhihail Jacob\AppData\Local\Programs\Python\Python311\Lib\multiprocessing\process.py first seen with mtime 1707239442.0
[DEBUG] 2026-01-28 21:11:03,914 autoreload File C:\Users\Abhihail Jacob\AppData\Local\Programs\Python\Python311\Lib\zoneinfo\_common.py first seen with mtime 1707239442.0
[DEBUG] 2026-01-28 21:11:03,914 autoreload File C:\Users\Abhihail Jacob\AppData\Local\Programs\Python\Python311\Lib\site-packages\django\db\migrations\operations\models.py first seen with mtime 1768573766.1660938
[DEBUG] 2026-01-28 21:11:03,914 autoreload File C:\Users\Abhihail Jacob\AppData\Local\Programs\Python\Python311\Lib\site-packages\django\forms\forms.py first seen with mtime 1768573766.2086406
[DEBUG] 2026-01-28 21:11:03,914 autoreload File C:\Users\Abhihail Jacob\AppData\Local\Programs\Python\Python311\Lib\site-packages\rest_framework\utils\mediatypes.py first seen with mtime 1769439193.9025695
[DEBUG] 2026-01-28 21:11:03,914 autoreload File C:\Users\Abhihail Jacob\AppData\Local\Programs\Python\Python311\Lib\site-packages\rest_framework\pagination.py first seen with mtime 1769439193.59543
[DEBUG] 2026-01-28 21:11:03,914 autoreload File D:\Python Journey\Python training\python-core\day27\expense_tracker\expenses\admin.py first seen with mtime 1769431797.376498
[DEBUG] 2026-01-28 21:11:03,915 autoreload File C:\Users\Abhihail Jacob\AppData\Local\Programs\Python\Python311\Lib\re\_casefix.py first seen with mtime 1707239442.0
[DEBUG] 2026-01-28 21:11:03,915 autoreload File C:\Users\Abhihail Jacob\AppData\Local\Programs\Python\Python311\Lib\site-packages\sqlparse\keywords.py first seen with mtime 1768573760.2101953
[DEBUG] 2026-01-28 21:11:03,915 autoreload File C:\Users\Abhihail Jacob\AppData\Local\Programs\Python\Python311\Lib\site-packages\django\contrib\auth\validators.py first seen with mtime 1768573763.3046775
[DEBUG] 2026-01-28 21:11:03,915 autoreload File C:\Users\Abhihail Jacob\AppData\Local\Programs\Python\Python311\Lib\sqlite3\__init__.py first seen with mtime 1707239442.0
[DEBUG] 2026-01-28 21:11:03,915 autoreload File C:\Users\Abhihail Jacob\AppData\Local\Programs\Python\Python311\Lib\site-packages\rest_framework\mixins.py first seen with mtime 1769439193.5925877
[DEBUG] 2026-01-28 21:11:03,915 autoreload File C:\Users\Abhihail Jacob\AppData\Local\Programs\Python\Python311\Lib\site-packages\django\core\checks\security\base.py first seen with mtime 1768573766.00599
[DEBUG] 2026-01-28 21:11:03,916 autoreload File C:\Users\Abhihail Jacob\AppData\Local\Programs\Python\Python311\Lib\email\_encoded_words.py first seen with mtime 1707239442.0
[DEBUG] 2026-01-28 21:11:03,916 autoreload File C:\Users\Abhihail Jacob\AppData\Local\Programs\Python\Python311\Lib\site-packages\django\db\migrations\operations\__init__.py first seen with mtime 1768573766.1625233
[DEBUG] 2026-01-28 21:11:03,916 autoreload File C:\Users\Abhihail Jacob\AppData\Local\Programs\Python\Python311\Lib\site-packages\django\db\models\indexes.py first seen with mtime 1768573766.17687
[DEBUG] 2026-01-28 21:11:03,917 autoreload File C:\Users\Abhihail Jacob\AppData\Local\Programs\Python\Python311\Lib\site-packages\django\core\mail\utils.py first seen with mtime 1768573766.0370164
[DEBUG] 2026-01-28 21:11:03,917 autoreload File C:\Users\Abhihail Jacob\AppData\Local\Programs\Python\Python311\Lib\site-packages\django\db\models\base.py first seen with mtime 1768573766.169967
[DEBUG] 2026-01-28 21:11:03,917 autoreload File C:\Users\Abhihail Jacob\AppData\Local\Programs\Python\Python311\Lib\site-packages\django\contrib\staticfiles\views.py first seen with mtime 1768573765.9764345
[DEBUG] 2026-01-28 21:11:03,917 autoreload File C:\Users\Abhihail Jacob\AppData\Local\Programs\Python\Python311\Lib\site-packages\django\core\cache\utils.py first seen with mtime 1768573765.9945116
[DEBUG] 2026-01-28 21:11:03,917 autoreload File C:\Users\Abhihail Jacob\AppData\Local\Programs\Python\Python311\Lib\types.py first seen with mtime 1707239442.0
[DEBUG] 2026-01-28 21:11:03,919 autoreload File C:\Users\Abhihail Jacob\AppData\Local\Programs\Python\Python311\Lib\site-packages\rest_framework\authtoken\apps.py first seen with mtime 1769439193.6206856
[DEBUG] 2026-01-28 21:11:03,919 autoreload File C:\Users\Abhihail Jacob\AppData\Local\Programs\Python\Python311\Lib\site-packages\django\core\files\storage\__init__.py first seen with mtime 1768573766.0288289
[DEBUG] 2026-01-28 21:11:03,919 autoreload File C:\Users\Abhihail Jacob\AppData\Local\Programs\Python\Python311\Lib\site-packages\django\db\migrations\__init__.py first seen with mtime 1768573766.1483614
[DEBUG] 2026-01-28 21:11:03,920 autoreload File C:\Users\Abhihail Jacob\AppData\Local\Programs\Python\Python311\Lib\logging\handlers.py first seen with mtime 1707239442.0
[DEBUG] 2026-01-28 21:11:03,920 autoreload File C:\Users\Abhihail Jacob\AppData\Local\Programs\Python\Python311\Lib\site-packages\django\db\backends\base\features.py first seen with mtime 1768573766.0998108
[DEBUG] 2026-01-28 21:11:03,920 autoreload File C:\Users\Abhihail Jacob\AppData\Local\Programs\Python\Python311\Lib\site-packages\django\conf\locale\__init__.py first seen with mtime 1768573761.3652213
[DEBUG] 2026-01-28 21:11:03,921 autoreload File C:\Users\Abhihail Jacob\AppData\Local\Programs\Python\Python311\Lib\site-packages\rest_framework\utils\humanize_datetime.py first seen with mtime 1769439193.9005566
[DEBUG] 2026-01-28 21:11:03,921 autoreload File C:\Users\Abhihail Jacob\AppData\Local\Programs\Python\Python311\Lib\site-packages\django\templatetags\tz.py first seen with mtime 1768573766.3534124
[DEBUG] 2026-01-28 21:11:03,922 autoreload File C:\Users\Abhihail Jacob\AppData\Local\Programs\Python\Python311\Lib\site-packages\django\urls\conf.py first seen with mtime 1768573766.3644238
[DEBUG] 2026-01-28 21:11:03,923 autoreload File C:\Users\Abhihail Jacob\AppData\Local\Programs\Python\Python311\Lib\site-packages\django\views\generic\__init__.py first seen with mtime 1768573766.4499068
[DEBUG] 2026-01-28 21:11:03,923 autoreload File C:\Users\Abhihail Jacob\AppData\Local\Programs\Python\Python311\Lib\site-packages\django\template\context.py first seen with mtime 1768573766.3266878
[DEBUG] 2026-01-28 21:11:03,923 autoreload File C:\Users\Abhihail Jacob\AppData\Local\Programs\Python\Python311\Lib\site-packages\django\core\files\base.py first seen with mtime 1768573766.02174
[DEBUG] 2026-01-28 21:11:03,923 autoreload File C:\Users\Abhihail Jacob\AppData\Local\Programs\Python\Python311\Lib\site-packages\django\db\models\deletion.py first seen with mtime 1768573766.173643
[DEBUG] 2026-01-28 21:11:03,923 autoreload File C:\Users\Abhihail Jacob\AppData\Local\Programs\Python\Python311\Lib\site-packages\django\core\cache\backends\locmem.py first seen with mtime 1768573765.999102
[DEBUG] 2026-01-28 21:11:03,923 autoreload File C:\Users\Abhihail Jacob\AppData\Local\Programs\Python\Python311\Lib\site-packages\django\contrib\sites\requests.py first seen with mtime 1768573765.7358413
[DEBUG] 2026-01-28 21:11:03,925 autoreload File C:\Users\Abhihail Jacob\AppData\Local\Programs\Python\Python311\Lib\site-packages\django\db\migrations\migration.py first seen with mtime 1768573766.1547213
[DEBUG] 2026-01-28 21:11:03,925 autoreload File C:\Users\Abhihail Jacob\AppData\Local\Programs\Python\Python311\Lib\site-packages\django\urls\utils.py first seen with mtime 1768573766.3683329
[DEBUG] 2026-01-28 21:11:03,925 autoreload File C:\Users\Abhihail Jacob\AppData\Local\Programs\Python\Python311\Lib\site-packages\django\core\checks\urls.py first seen with mtime 1768573766.00599
[DEBUG] 2026-01-28 21:11:03,925 autoreload File C:\Users\Abhihail Jacob\AppData\Local\Programs\Python\Python311\Lib\site-packages\django\db\backends\sqlite3\client.py first seen with mtime 1768573766.141156
[DEBUG] 2026-01-28 21:11:03,925 autoreload File C:\Users\Abhihail Jacob\AppData\Local\Programs\Python\Python311\Lib\email\iterators.py first seen with mtime 1707239442.0
[DEBUG] 2026-01-28 21:11:03,925 autoreload File C:\Users\Abhihail Jacob\AppData\Local\Programs\Python\Python311\Lib\site-packages\django\core\management\commands\__init__.py first seen with mtime 1768573766.0550787
[DEBUG] 2026-01-28 21:11:03,925 autoreload File C:\Users\Abhihail Jacob\AppData\Local\Programs\Python\Python311\Lib\site-packages\django\utils\dates.py first seen with mtime 1768573766.3810258
[DEBUG] 2026-01-28 21:11:03,926 autoreload File C:\Users\Abhihail Jacob\AppData\Local\Programs\Python\Python311\Lib\site-packages\django\db\models\expressions.py first seen with mtime 1768573766.173643
[DEBUG] 2026-01-28 21:11:03,926 autoreload File C:\Users\Abhihail Jacob\AppData\Local\Programs\Python\Python311\Lib\site-packages\rest_framework\filters.py first seen with mtime 1769439193.5904508
[DEBUG] 2026-01-28 21:11:03,926 autoreload File C:\Users\Abhihail Jacob\AppData\Local\Programs\Python\Python311\Lib\site-packages\django\template\utils.py first seen with mtime 1768573766.3367052
[DEBUG] 2026-01-28 21:11:03,926 autoreload File C:\Users\Abhihail Jacob\AppData\Local\Programs\Python\Python311\Lib\site-packages\django\db\models\functions\mixins.py first seen with mtime 1768573766.2026236
[DEBUG] 2026-01-28 21:11:03,926 autoreload File C:\Users\Abhihail Jacob\AppData\Local\Programs\Python\Python311\Lib\html\__init__.py first seen with mtime 1707239442.0
[DEBUG] 2026-01-28 21:11:03,927 autoreload File C:\Users\Abhihail Jacob\AppData\Local\Programs\Python\Python311\Lib\site-packages\django\contrib\auth\apps.py first seen with mtime 1768573763.2894537
[DEBUG] 2026-01-28 21:11:03,927 autoreload File C:\Users\Abhihail Jacob\AppData\Local\Programs\Python\Python311\Lib\site-packages\django\core\checks\security\sessions.py first seen with mtime 1768573766.00599
[DEBUG] 2026-01-28 21:11:03,927 autoreload File C:\Users\Abhihail Jacob\AppData\Local\Programs\Python\Python311\Lib\pathlib.py first seen with mtime 1707239442.0
[DEBUG] 2026-01-28 21:11:03,927 autoreload File C:\Users\Abhihail Jacob\AppData\Local\Programs\Python\Python311\Lib\_compat_pickle.py first seen with mtime 1707239442.0
[DEBUG] 2026-01-28 21:11:03,928 autoreload File C:\Users\Abhihail Jacob\AppData\Local\Programs\Python\Python311\Lib\email\contentmanager.py first seen with mtime 1707239442.0
[DEBUG] 2026-01-28 21:11:03,928 autoreload File C:\Users\Abhihail Jacob\AppData\Local\Programs\Python\Python311\Lib\site-packages\django\core\handlers\asgi.py first seen with mtime 1768573766.0356934
[DEBUG] 2026-01-28 21:11:03,928 autoreload File C:\Users\Abhihail Jacob\AppData\Local\Programs\Python\Python311\Lib\email\encoders.py first seen with mtime 1707239442.0
[DEBUG] 2026-01-28 21:11:03,930 autoreload File C:\Users\Abhihail Jacob\AppData\Local\Programs\Python\Python311\Lib\site-packages\rest_framework\metadata.py first seen with mtime 1769439193.5925877
[DEBUG] 2026-01-28 21:11:03,930 autoreload File C:\Users\Abhihail Jacob\AppData\Local\Programs\Python\Python311\Lib\site-packages\django\template\loader.py first seen with mtime 1768573766.3329604
[DEBUG] 2026-01-28 21:11:03,930 autoreload File C:\Users\Abhihail Jacob\AppData\Local\Programs\Python\Python311\Lib\socket.py first seen with mtime 1707239442.0
[DEBUG] 2026-01-28 21:11:03,930 autoreload File C:\Users\Abhihail Jacob\AppData\Local\Programs\Python\Python311\Lib\site-packages\rest_framework\schemas\__init__.py first seen with mtime 1769439193.749997
[DEBUG] 2026-01-28 21:11:03,930 autoreload File D:\Python Journey\Python training\python-core\day27\expense_tracker\manage.py first seen with mtime 1769321638.2544072
[DEBUG] 2026-01-28 21:11:03,931 autoreload File C:\Users\Abhihail Jacob\AppData\Local\Programs\Python\Python311\Lib\platform.py first seen with mtime 1707239442.0
[DEBUG] 2026-01-28 21:11:03,931 autoreload File C:\Users\Abhihail Jacob\AppData\Local\Programs\Python\Python311\Lib\gettext.py first seen with mtime 1707239442.0
[DEBUG] 2026-01-28 21:11:03,931 autoreload File C:\Users\Abhihail Jacob\AppData\Local\Programs\Python\Python311\Lib\site-packages\rest_framework\request.py first seen with mtime 1769439193.602058
[DEBUG] 2026-01-28 21:11:03,931 autoreload File C:\Users\Abhihail Jacob\AppData\Local\Programs\Python\Python311\Lib\site-packages\rest_framework\schemas\generators.py first seen with mtime 1769439193.749997
[DEBUG] 2026-01-28 21:11:03,931 autoreload File C:\Users\Abhihail Jacob\AppData\Local\Programs\Python\Python311\Lib\site-packages\django\core\serializers\python.py first seen with mtime 1768573766.0839353
[DEBUG] 2026-01-28 21:11:03,932 autoreload File C:\Users\Abhihail Jacob\AppData\Local\Programs\Python\Python311\Lib\site-packages\django\urls\base.py first seen with mtime 1768573766.3644238
[DEBUG] 2026-01-28 21:11:03,932 autoreload File C:\Users\Abhihail Jacob\AppData\Local\Programs\Python\Python311\Lib\inspect.py first seen with mtime 1707239442.0
[DEBUG] 2026-01-28 21:11:03,932 autoreload File C:\Users\Abhihail Jacob\AppData\Local\Programs\Python\Python311\Lib\site-packages\django\http\response.py first seen with mtime 1768573766.313158
[DEBUG] 2026-01-28 21:11:03,933 autoreload File C:\Users\Abhihail Jacob\AppData\Local\Programs\Python\Python311\Lib\site-packages\django\forms\utils.py first seen with mtime 1768573766.2233882
[DEBUG] 2026-01-28 21:11:03,933 autoreload File C:\Users\Abhihail Jacob\AppData\Local\Programs\Python\Python311\Lib\site-packages\django\utils\translation\reloader.py first seen with mtime 1768573766.4089565
[DEBUG] 2026-01-28 21:11:03,933 autoreload File C:\Users\Abhihail Jacob\AppData\Local\Programs\Python\Python311\Lib\site-packages\rest_framework\fields.py first seen with mtime 1769439193.5870688
[DEBUG] 2026-01-28 21:11:03,934 autoreload File C:\Users\Abhihail Jacob\AppData\Local\Programs\Python\Python311\Lib\site-packages\sqlparse\engine\filter_stack.py first seen with mtime 1768573760.217625
[DEBUG] 2026-01-28 21:11:03,934 autoreload File C:\Users\Abhihail Jacob\AppData\Local\Programs\Python\Python311\Lib\site-packages\django\template\loaders\cached.py first seen with mtime 1768573766.345934
[DEBUG] 2026-01-28 21:11:03,934 autoreload File C:\Users\Abhihail Jacob\AppData\Local\Programs\Python\Python311\Lib\site-packages\django\contrib\auth\tokens.py first seen with mtime 1768573763.3046775
[DEBUG] 2026-01-28 21:11:03,934 autoreload File C:\Users\Abhihail Jacob\AppData\Local\Programs\Python\Python311\Lib\site-packages\django\db\models\sql\__init__.py first seen with mtime 1768573766.2046292
[DEBUG] 2026-01-28 21:11:03,935 autoreload File C:\Users\Abhihail Jacob\AppData\Local\Programs\Python\Python311\Lib\fnmatch.py first seen with mtime 1707239442.0
[DEBUG] 2026-01-28 21:11:03,935 autoreload File C:\Users\Abhihail Jacob\AppData\Local\Programs\Python\Python311\Lib\site-packages\django\utils\html.py first seen with mtime 1768573766.3901458
[DEBUG] 2026-01-28 21:11:03,935 autoreload File C:\Users\Abhihail Jacob\AppData\Local\Programs\Python\Python311\Lib\site-packages\django\core\management\base.py first seen with mtime 1768573766.0480413
[DEBUG] 2026-01-28 21:11:03,935 autoreload File C:\Users\Abhihail Jacob\AppData\Local\Programs\Python\Python311\Lib\site-packages\django\db\backends\postgresql\__init__.py first seen with mtime 1768573766.1281767
[DEBUG] 2026-01-28 21:11:03,935 autoreload File C:\Users\Abhihail Jacob\AppData\Local\Programs\Python\Python311\Lib\site-packages\rest_framework\compat.py first seen with mtime 1769439193.5834553
[DEBUG] 2026-01-28 21:11:03,935 autoreload File C:\Users\Abhihail Jacob\AppData\Local\Programs\Python\Python311\Lib\site-packages\rest_framework\renderers.py first seen with mtime 1769439193.5985732
[DEBUG] 2026-01-28 21:11:03,936 autoreload File C:\Users\Abhihail Jacob\AppData\Local\Programs\Python\Python311\Lib\site-packages\django\db\models\fields\related_descriptors.py first seen with mtime 1768573766.1930363
[DEBUG] 2026-01-28 21:11:03,936 autoreload File C:\Users\Abhihail Jacob\AppData\Local\Programs\Python\Python311\Lib\email\mime\base.py first seen with mtime 1707239442.0
[DEBUG] 2026-01-28 21:11:03,936 autoreload File C:\Users\Abhihail Jacob\AppData\Local\Programs\Python\Python311\Lib\asyncio\base_tasks.py first seen with mtime 1707239442.0
[DEBUG] 2026-01-28 21:11:03,937 autoreload File C:\Users\Abhihail Jacob\AppData\Local\Programs\Python\Python311\Lib\site-packages\django\core\management\commands\runserver.py first seen with mtime 1768573766.0688658
[DEBUG] 2026-01-28 21:11:03,937 autoreload File C:\Users\Abhihail Jacob\AppData\Local\Programs\Python\Python311\Lib\ctypes\wintypes.py first seen with mtime 1707239442.0
[DEBUG] 2026-01-28 21:11:03,938 autoreload File C:\Users\Abhihail Jacob\AppData\Local\Programs\Python\Python311\Lib\operator.py first seen with mtime 1707239442.0
[DEBUG] 2026-01-28 21:11:03,938 autoreload File C:\Users\Abhihail Jacob\AppData\Local\Programs\Python\Python311\Lib\site-packages\django\views\debug.py first seen with mtime 1768573766.422733
[DEBUG] 2026-01-28 21:11:03,939 autoreload File C:\Users\Abhihail Jacob\AppData\Local\Programs\Python\Python311\Lib\site-packages\django\template\loaders\__init__.py first seen with mtime 1768573766.342471
[DEBUG] 2026-01-28 21:11:03,939 autoreload File C:\Users\Abhihail Jacob\AppData\Local\Programs\Python\Python311\Lib\site-packages\django\template\backends\base.py first seen with mtime 1768573766.3390036
[DEBUG] 2026-01-28 21:11:03,940 autoreload File C:\Users\Abhihail Jacob\AppData\Local\Programs\Python\Python311\Lib\site-packages\rest_framework\utils\serializer_helpers.py first seen with mtime 1769439193.9047163
[DEBUG] 2026-01-28 21:11:03,940 autoreload File C:\Users\Abhihail Jacob\AppData\Local\Programs\Python\Python311\Lib\site-packages\django\contrib\messages\storage\base.py first seen with mtime 1768573764.9386082
[DEBUG] 2026-01-28 21:11:03,940 autoreload File C:\Users\Abhihail Jacob\AppData\Local\Programs\Python\Python311\Lib\site-packages\rest_framework\utils\field_mapping.py first seen with mtime 1769439193.896822
[DEBUG] 2026-01-28 21:11:03,940 autoreload File C:\Users\Abhihail Jacob\AppData\Local\Programs\Python\Python311\Lib\site-packages\django\template\response.py first seen with mtime 1768573766.3355887
[DEBUG] 2026-01-28 21:11:03,940 autoreload File C:\Users\Abhihail Jacob\AppData\Local\Programs\Python\Python311\Lib\site-packages\django\templatetags\l10n.py first seen with mtime 1768573766.3510342
[DEBUG] 2026-01-28 21:11:03,942 autoreload File C:\Users\Abhihail Jacob\AppData\Local\Programs\Python\Python311\Lib\site-packages\django\db\migrations\state.py first seen with mtime 1768573766.1573646
[DEBUG] 2026-01-28 21:11:03,942 autoreload File C:\Users\Abhihail Jacob\AppData\Local\Programs\Python\Python311\Lib\site-packages\django\contrib\admin\widgets.py first seen with mtime 1768573761.911802
[DEBUG] 2026-01-28 21:11:03,942 autoreload File C:\Users\Abhihail Jacob\AppData\Local\Programs\Python\Python311\Lib\site-packages\django\utils\deprecation.py first seen with mtime 1768573766.3835814
[DEBUG] 2026-01-28 21:11:03,942 autoreload File C:\Users\Abhihail Jacob\AppData\Local\Programs\Python\Python311\Lib\site-packages\django\contrib\staticfiles\management\commands\__init__.py first seen with mtime 1768573765.9764345
[DEBUG] 2026-01-28 21:11:03,943 autoreload File C:\Users\Abhihail Jacob\AppData\Local\Programs\Python\Python311\Lib\site-packages\rest_framework\utils\timezone.py first seen with mtime 1769439193.9074163
[DEBUG] 2026-01-28 21:11:03,943 autoreload File C:\Users\Abhihail Jacob\AppData\Local\Programs\Python\Python311\Lib\site-packages\django\db\backends\sqlite3\_functions.py first seen with mtime 1768573766.1389403
[DEBUG] 2026-01-28 21:11:03,943 autoreload File C:\Users\Abhihail Jacob\AppData\Local\Programs\Python\Python311\Lib\fractions.py first seen with mtime 1707239442.0
[DEBUG] 2026-01-28 21:11:03,943 autoreload File C:\Users\Abhihail Jacob\AppData\Local\Programs\Python\Python311\Lib\site-packages\django\contrib\admin\options.py first seen with mtime 1768573761.9078176
[DEBUG] 2026-01-28 21:11:03,943 autoreload File C:\Users\Abhihail Jacob\AppData\Local\Programs\Python\Python311\Lib\site-packages\django\utils\decorators.py first seen with mtime 1768573766.3835814
[DEBUG] 2026-01-28 21:11:03,943 autoreload File C:\Users\Abhihail Jacob\AppData\Local\Programs\Python\Python311\Lib\site-packages\django\db\migrations\serializer.py first seen with mtime 1768573766.1573646
[DEBUG] 2026-01-28 21:11:03,943 autoreload File C:\Users\Abhihail Jacob\AppData\Local\Programs\Python\Python311\Lib\site-packages\django\db\models\fields\generated.py first seen with mtime 1768573766.1875846
[DEBUG] 2026-01-28 21:11:03,944 autoreload File C:\Users\Abhihail Jacob\AppData\Local\Programs\Python\Python311\Lib\textwrap.py first seen with mtime 1707239442.0
[DEBUG] 2026-01-28 21:11:03,944 autoreload File C:\Users\Abhihail Jacob\AppData\Local\Programs\Python\Python311\Lib\asyncio\taskgroups.py first seen with mtime 1707239442.0
[DEBUG] 2026-01-28 21:11:03,944 autoreload File C:\Users\Abhihail Jacob\AppData\Local\Programs\Python\Python311\Lib\bisect.py first seen with mtime 1707239442.0
[DEBUG] 2026-01-28 21:11:03,944 autoreload File C:\Users\Abhihail Jacob\AppData\Local\Programs\Python\Python311\Lib\site-packages\django\contrib\admin\decorators.py first seen with mtime 1768573761.8982975
[DEBUG] 2026-01-28 21:11:03,945 autoreload File C:\Users\Abhihail Jacob\AppData\Local\Programs\Python\Python311\Lib\site-packages\django\template\smartif.py first seen with mtime 1768573766.3367052
[DEBUG] 2026-01-28 21:11:03,945 autoreload File C:\Users\Abhihail Jacob\AppData\Local\Programs\Python\Python311\Lib\wsgiref\util.py first seen with mtime 1707239442.0
[DEBUG] 2026-01-28 21:11:03,945 autoreload File C:\Users\Abhihail Jacob\AppData\Local\Programs\Python\Python311\Lib\site-packages\asgiref\local.py first seen with mtime 1768573761.0831225
[DEBUG] 2026-01-28 21:11:03,945 autoreload File C:\Users\Abhihail Jacob\AppData\Local\Programs\Python\Python311\Lib\urllib\response.py first seen with mtime 1707239442.0
[DEBUG] 2026-01-28 21:11:03,945 autoreload File C:\Users\Abhihail Jacob\AppData\Local\Programs\Python\Python311\Lib\_markupbase.py first seen with mtime 1707239442.0
[DEBUG] 2026-01-28 21:11:03,945 autoreload File C:\Users\Abhihail Jacob\AppData\Local\Programs\Python\Python311\Lib\warnings.py first seen with mtime 1707239442.0
[DEBUG] 2026-01-28 21:11:03,946 autoreload File C:\Users\Abhihail Jacob\AppData\Local\Programs\Python\Python311\DLLs\_ssl.pyd first seen with mtime 1707239490.0
[DEBUG] 2026-01-28 21:11:03,946 autoreload File C:\Users\Abhihail Jacob\AppData\Local\Programs\Python\Python311\Lib\hmac.py first seen with mtime 1707239442.0
[DEBUG] 2026-01-28 21:11:03,947 autoreload File C:\Users\Abhihail Jacob\AppData\Local\Programs\Python\Python311\Lib\statistics.py first seen with mtime 1707239442.0
[DEBUG] 2026-01-28 21:11:03,947 autoreload File C:\Users\Abhihail Jacob\AppData\Local\Programs\Python\Python311\Lib\email\parser.py first seen with mtime 1707239442.0
[DEBUG] 2026-01-28 21:11:03,947 autoreload File C:\Users\Abhihail Jacob\AppData\Local\Programs\Python\Python311\Lib\asyncio\mixins.py first seen with mtime 1707239442.0
[DEBUG] 2026-01-28 21:11:03,947 autoreload File C:\Users\Abhihail Jacob\AppData\Local\Programs\Python\Python311\Lib\site-packages\django\db\models\aggregates.py first seen with mtime 1768573766.167158
[DEBUG] 2026-01-28 21:11:03,947 autoreload File C:\Users\Abhihail Jacob\AppData\Local\Programs\Python\Python311\Lib\site-packages\django\core\management\commands\migrate.py first seen with mtime 1768573766.0671213
[DEBUG] 2026-01-28 21:11:03,947 autoreload File C:\Users\Abhihail Jacob\AppData\Local\Programs\Python\Python311\Lib\logging\__init__.py first seen with mtime 1707239442.0
[DEBUG] 2026-01-28 21:11:03,947 autoreload File C:\Users\Abhihail Jacob\AppData\Local\Programs\Python\Python311\Lib\re\_parser.py first seen with mtime 1707239442.0
[DEBUG] 2026-01-28 21:11:03,949 autoreload File C:\Users\Abhihail Jacob\AppData\Local\Programs\Python\Python311\Lib\datetime.py first seen with mtime 1707239442.0
[DEBUG] 2026-01-28 21:11:03,949 autoreload File C:\Users\Abhihail Jacob\AppData\Local\Programs\Python\Python311\Lib\email\message.py first seen with mtime 1707239442.0
[DEBUG] 2026-01-28 21:11:03,949 autoreload File C:\Users\Abhihail Jacob\AppData\Local\Programs\Python\Python311\Lib\site-packages\django\contrib\contenttypes\views.py first seen with mtime 1768573763.6654882
[DEBUG] 2026-01-28 21:11:03,949 autoreload File C:\Users\Abhihail Jacob\AppData\Local\Programs\Python\Python311\Lib\email\mime\multipart.py first seen with mtime 1707239442.0
[DEBUG] 2026-01-28 21:11:03,949 autoreload File C:\Users\Abhihail Jacob\AppData\Local\Programs\Python\Python311\Lib\site-packages\django\utils\regex_helper.py first seen with mtime 1768573766.396915
[DEBUG] 2026-01-28 21:11:03,949 autoreload File C:\Users\Abhihail Jacob\AppData\Local\Programs\Python\Python311\Lib\site-packages\django\contrib\postgres\utils.py first seen with mtime 1768573764.951229
[DEBUG] 2026-01-28 21:11:03,950 autoreload File C:\Users\Abhihail Jacob\AppData\Local\Programs\Python\Python311\Lib\site-packages\django\utils\dateparse.py first seen with mtime 1768573766.3790207
[DEBUG] 2026-01-28 21:11:03,950 autoreload File C:\Users\Abhihail Jacob\AppData\Local\Programs\Python\Python311\Lib\site-packages\sqlparse\engine\statement_splitter.py first seen with mtime 1768573760.220672
[DEBUG] 2026-01-28 21:11:03,950 autoreload File C:\Users\Abhihail Jacob\AppData\Local\Programs\Python\Python311\Lib\site-packages\django\utils\__init__.py first seen with mtime 1768573766.3683329
[DEBUG] 2026-01-28 21:11:03,950 autoreload File C:\Users\Abhihail Jacob\AppData\Local\Programs\Python\Python311\Lib\site-packages\sqlparse\filters\aligned_indent.py first seen with mtime 1768573760.222695
[DEBUG] 2026-01-28 21:11:03,950 autoreload File C:\Users\Abhihail Jacob\AppData\Local\Programs\Python\Python311\Lib\urllib\request.py first seen with mtime 1707239442.0
[DEBUG] 2026-01-28 21:11:03,950 autoreload File C:\Users\Abhihail Jacob\AppData\Local\Programs\Python\Python311\Lib\email\generator.py first seen with mtime 1707239442.0
[DEBUG] 2026-01-28 21:11:03,950 autoreload File C:\Users\Abhihail Jacob\AppData\Local\Programs\Python\Python311\Lib\site-packages\django\core\checks\security\__init__.py first seen with mtime 1768573766.00599
[DEBUG] 2026-01-28 21:11:03,950 autoreload File C:\Users\Abhihail Jacob\AppData\Local\Programs\Python\Python311\Lib\http\client.py first seen with mtime 1707239442.0
[DEBUG] 2026-01-28 21:11:03,950 autoreload File C:\Users\Abhihail Jacob\AppData\Local\Programs\Python\Python311\Lib\site-packages\django\contrib\staticfiles\management\commands\runserver.py first seen with mtime 1768573765.9764345
[DEBUG] 2026-01-28 21:11:03,953 autoreload File C:\Users\Abhihail Jacob\AppData\Local\Programs\Python\Python311\Lib\site-packages\django\db\models\__init__.py first seen with mtime 1768573766.167158
[DEBUG] 2026-01-28 21:11:03,953 autoreload File C:\Users\Abhihail Jacob\AppData\Local\Programs\Python\Python311\Lib\mimetypes.py first seen with mtime 1707239442.0
[DEBUG] 2026-01-28 21:11:03,953 autoreload File C:\Users\Abhihail Jacob\AppData\Local\Programs\Python\Python311\Lib\site-packages\django\forms\boundfield.py first seen with mtime 1768573766.2086406
[DEBUG] 2026-01-28 21:11:03,953 autoreload File C:\Users\Abhihail Jacob\AppData\Local\Programs\Python\Python311\Lib\numbers.py first seen with mtime 1707239442.0
[DEBUG] 2026-01-28 21:11:03,953 autoreload File C:\Users\Abhihail Jacob\AppData\Local\Programs\Python\Python311\Lib\site-packages\django\db\models\query_utils.py first seen with mtime 1768573766.1821475
[DEBUG] 2026-01-28 21:11:03,955 autoreload File C:\Users\Abhihail Jacob\AppData\Local\Programs\Python\Python311\Lib\site-packages\rest_framework\__init__.py first seen with mtime 1769439193.577953
[DEBUG] 2026-01-28 21:11:03,955 autoreload File C:\Users\Abhihail Jacob\AppData\Local\Programs\Python\Python311\Lib\site-packages\django\db\utils.py first seen with mtime 1768573766.0900056
[DEBUG] 2026-01-28 21:11:03,955 autoreload File C:\Users\Abhihail Jacob\AppData\Local\Programs\Python\Python311\Lib\argparse.py first seen with mtime 1707239442.0
[DEBUG] 2026-01-28 21:11:03,955 autoreload File C:\Users\Abhihail Jacob\AppData\Local\Programs\Python\Python311\Lib\site-packages\django\forms\fields.py first seen with mtime 1768573766.2086406
[DEBUG] 2026-01-28 21:11:03,956 autoreload File C:\Users\Abhihail Jacob\AppData\Local\Programs\Python\Python311\Lib\site-packages\django\core\files\__init__.py first seen with mtime 1768573766.00599
[DEBUG] 2026-01-28 21:11:03,956 autoreload File C:\Users\Abhihail Jacob\AppData\Local\Programs\Python\Python311\Lib\threading.py first seen with mtime 1707239442.0
[DEBUG] 2026-01-28 21:11:03,957 autoreload File C:\Users\Abhihail Jacob\AppData\Local\Programs\Python\Python311\Lib\site-packages\django\views\generic\dates.py first seen with mtime 1768573766.4499068
[DEBUG] 2026-01-28 21:11:03,957 autoreload File C:\Users\Abhihail Jacob\AppData\Local\Programs\Python\Python311\Lib\site-packages\django\conf\urls\__init__.py first seen with mtime 1768573761.8843684
[DEBUG] 2026-01-28 21:11:03,957 autoreload File C:\Users\Abhihail Jacob\AppData\Local\Programs\Python\Python311\Lib\encodings\aliases.py first seen with mtime 1707239442.0
[DEBUG] 2026-01-28 21:11:03,957 autoreload File C:\Users\Abhihail Jacob\AppData\Local\Programs\Python\Python311\Lib\site-packages\django\forms\renderers.py first seen with mtime 1768573766.2086406
[DEBUG] 2026-01-28 21:11:03,957 autoreload File C:\Users\Abhihail Jacob\AppData\Local\Programs\Python\Python311\Lib\site-packages\django\contrib\admin\templatetags\base.py first seen with mtime 1768573762.9560928
[DEBUG] 2026-01-28 21:11:03,957 autoreload File C:\Users\Abhihail Jacob\AppData\Local\Programs\Python\Python311\Lib\contextlib.py first seen with mtime 1707239442.0
[DEBUG] 2026-01-28 21:11:03,957 autoreload File C:\Users\Abhihail Jacob\AppData\Local\Programs\Python\Python311\Lib\site-packages\django\contrib\admin\actions.py first seen with mtime 1768573761.8960052
[DEBUG] 2026-01-28 21:11:03,957 autoreload File C:\Users\Abhihail Jacob\AppData\Local\Programs\Python\Python311\Lib\site-packages\django\contrib\messages\constants.py first seen with mtime 1768573764.9320812
[DEBUG] 2026-01-28 21:11:03,957 autoreload File C:\Users\Abhihail Jacob\AppData\Local\Programs\Python\Python311\Lib\site-packages\django\core\checks\async_checks.py first seen with mtime 1768573766.004784
[DEBUG] 2026-01-28 21:11:03,957 autoreload File C:\Users\Abhihail Jacob\AppData\Local\Programs\Python\Python311\Lib\site-packages\django\utils\formats.py first seen with mtime 1768573766.3872533
[DEBUG] 2026-01-28 21:11:03,957 autoreload File C:\Users\Abhihail Jacob\AppData\Local\Programs\Python\Python311\Lib\site-packages\django\contrib\admin\helpers.py first seen with mtime 1768573761.8982975
[DEBUG] 2026-01-28 21:11:03,957 autoreload File C:\Users\Abhihail Jacob\AppData\Local\Programs\Python\Python311\Lib\site-packages\django\core\cache\backends\filebased.py first seen with mtime 1768573765.999102
[DEBUG] 2026-01-28 21:11:03,957 autoreload File C:\Users\Abhihail Jacob\AppData\Local\Programs\Python\Python311\Lib\site-packages\django\core\management\color.py first seen with mtime 1768573766.051541
[DEBUG] 2026-01-28 21:11:03,957 autoreload File C:\Users\Abhihail Jacob\AppData\Local\Programs\Python\Python311\Lib\asyncio\tasks.py first seen with mtime 1707239442.0
[DEBUG] 2026-01-28 21:11:03,957 autoreload File C:\Users\Abhihail Jacob\AppData\Local\Programs\Python\Python311\Lib\site-packages\django\views\decorators\cache.py first seen with mtime 1768573766.4310014
[DEBUG] 2026-01-28 21:11:03,957 autoreload File C:\Users\Abhihail Jacob\AppData\Local\Programs\Python\Python311\Lib\site-packages\rest_framework\schemas\coreapi.py first seen with mtime 1769439193.749997
[DEBUG] 2026-01-28 21:11:03,957 autoreload File C:\Users\Abhihail Jacob\AppData\Local\Programs\Python\Python311\Lib\site-packages\django\core\mail\__init__.py first seen with mtime 1768573766.0370164
[DEBUG] 2026-01-28 21:11:03,962 autoreload File C:\Users\Abhihail Jacob\AppData\Local\Programs\Python\Python311\Lib\site-packages\django\db\migrations\graph.py first seen with mtime 1768573766.1536448
[DEBUG] 2026-01-28 21:11:03,962 autoreload File C:\Users\Abhihail Jacob\AppData\Local\Programs\Python\Python311\Lib\urllib\error.py first seen with mtime 1707239442.0
[DEBUG] 2026-01-28 21:11:03,962 autoreload File C:\Users\Abhihail Jacob\AppData\Local\Programs\Python\Python311\Lib\multiprocessing\context.py first seen with mtime 1707239442.0
[DEBUG] 2026-01-28 21:11:03,962 autoreload File C:\Users\Abhihail Jacob\AppData\Local\Programs\Python\Python311\Lib\site-packages\django\core\checks\messages.py first seen with mtime 1768573766.00599
[DEBUG] 2026-01-28 21:11:03,963 autoreload File C:\Users\Abhihail Jacob\AppData\Local\Programs\Python\Python311\Lib\email\_policybase.py first seen with mtime 1707239442.0
[DEBUG] 2026-01-28 21:11:03,963 autoreload File C:\Users\Abhihail Jacob\AppData\Local\Programs\Python\Python311\Lib\site-packages\django\core\cache\__init__.py first seen with mtime 1768573765.9945116
[DEBUG] 2026-01-28 21:11:03,964 autoreload File C:\Users\Abhihail Jacob\AppData\Local\Programs\Python\Python311\Lib\site-packages\django_filters\widgets.py first seen with mtime 1769607637.8143272
[DEBUG] 2026-01-28 21:11:03,964 autoreload File C:\Users\Abhihail Jacob\AppData\Local\Programs\Python\Python311\Lib\site-packages\django\core\serializers\base.py first seen with mtime 1768573766.0812006
[DEBUG] 2026-01-28 21:11:03,964 autoreload File C:\Users\Abhihail Jacob\AppData\Local\Programs\Python\Python311\Lib\site-packages\rest_framework\validators.py first seen with mtime 1769439193.61512
[DEBUG] 2026-01-28 21:11:03,964 autoreload File C:\Users\Abhihail Jacob\AppData\Local\Programs\Python\Python311\Lib\site-packages\django\db\models\functions\datetime.py first seen with mtime 1768573766.1987557
[DEBUG] 2026-01-28 21:11:03,964 autoreload File C:\Users\Abhihail Jacob\AppData\Local\Programs\Python\Python311\Lib\site-packages\asgiref\__init__.py first seen with mtime 1768573761.080612
[DEBUG] 2026-01-28 21:11:03,964 autoreload File C:\Users\Abhihail Jacob\AppData\Local\Programs\Python\Python311\Lib\enum.py first seen with mtime 1707239442.0
[DEBUG] 2026-01-28 21:11:03,964 autoreload File C:\Users\Abhihail Jacob\AppData\Local\Programs\Python\Python311\Lib\site-packages\django\db\models\functions\__init__.py first seen with mtime 1768573766.1976616
[DEBUG] 2026-01-28 21:11:03,965 autoreload File C:\Users\Abhihail Jacob\AppData\Local\Programs\Python\Python311\Lib\site-packages\rest_framework\utils\formatting.py first seen with mtime 1769439193.8985026
[DEBUG] 2026-01-28 21:11:03,965 autoreload File C:\Users\Abhihail Jacob\AppData\Local\Programs\Python\Python311\Lib\site-packages\django\contrib\contenttypes\models.py first seen with mtime 1768573763.6654882
[DEBUG] 2026-01-28 21:11:03,965 autoreload File C:\Users\Abhihail Jacob\AppData\Local\Programs\Python\Python311\Lib\site-packages\django\contrib\messages\__init__.py first seen with mtime 1768573764.9298742
[DEBUG] 2026-01-28 21:11:03,965 autoreload File C:\Users\Abhihail Jacob\AppData\Local\Programs\Python\Python311\Lib\site-packages\django\core\checks\security\csrf.py first seen with mtime 1768573766.00599
[DEBUG] 2026-01-28 21:11:03,965 autoreload File C:\Users\Abhihail Jacob\AppData\Local\Programs\Python\Python311\Lib\site-packages\django\urls\resolvers.py first seen with mtime 1768573766.3683329
[DEBUG] 2026-01-28 21:11:03,965 autoreload File C:\Users\Abhihail Jacob\AppData\Local\Programs\Python\Python311\Lib\site-packages\django\urls\__init__.py first seen with mtime 1768573766.3632395
[DEBUG] 2026-01-28 21:11:03,965 autoreload File C:\Users\Abhihail Jacob\AppData\Local\Programs\Python\Python311\Lib\json\__init__.py first seen with mtime 1707239442.0
[DEBUG] 2026-01-28 21:11:03,967 autoreload File C:\Users\Abhihail Jacob\AppData\Local\Programs\Python\Python311\Lib\asyncio\proactor_events.py first seen with mtime 1707239442.0
[DEBUG] 2026-01-28 21:11:03,967 autoreload File C:\Users\Abhihail Jacob\AppData\Local\Programs\Python\Python311\Lib\asyncio\threads.py first seen with mtime 1707239442.0
[DEBUG] 2026-01-28 21:11:03,967 autoreload File C:\Users\Abhihail Jacob\AppData\Local\Programs\Python\Python311\Lib\email\charset.py first seen with mtime 1707239442.0
[DEBUG] 2026-01-28 21:11:03,968 autoreload File C:\Users\Abhihail Jacob\AppData\Local\Programs\Python\Python311\Lib\site-packages\django\contrib\staticfiles\utils.py first seen with mtime 1768573765.9764345
[DEBUG] 2026-01-28 21:11:03,968 autoreload File C:\Users\Abhihail Jacob\AppData\Local\Programs\Python\Python311\Lib\wsgiref\handlers.py first seen with mtime 1707239442.0
[DEBUG] 2026-01-28 21:11:03,968 autoreload File C:\Users\Abhihail Jacob\AppData\Local\Programs\Python\Python311\Lib\site-packages\django\contrib\auth\signals.py first seen with mtime 1768573763.3046775
[DEBUG] 2026-01-28 21:11:03,968 autoreload File C:\Users\Abhihail Jacob\AppData\Local\Programs\Python\Python311\Lib\site-packages\django\core\management\__init__.py first seen with mtime 1768573766.0480413
[DEBUG] 2026-01-28 21:11:03,968 autoreload File C:\Users\Abhihail Jacob\AppData\Local\Programs\Python\Python311\Lib\site-packages\django\contrib\contenttypes\__init__.py first seen with mtime 1768573763.6634834
[DEBUG] 2026-01-28 21:11:03,968 autoreload File C:\Users\Abhihail Jacob\AppData\Local\Programs\Python\Python311\Lib\site-packages\django\utils\text.py first seen with mtime 1768573766.4017043
[DEBUG] 2026-01-28 21:11:03,968 autoreload File C:\Users\Abhihail Jacob\AppData\Local\Programs\Python\Python311\Lib\email\mime\__init__.py first seen with mtime 1707239442.0
[DEBUG] 2026-01-28 21:11:03,970 autoreload File C:\Users\Abhihail Jacob\AppData\Local\Programs\Python\Python311\Lib\html\parser.py first seen with mtime 1707239442.0
[DEBUG] 2026-01-28 21:11:03,970 autoreload File C:\Users\Abhihail Jacob\AppData\Local\Programs\Python\Python311\Lib\site-packages\sqlparse\utils.py first seen with mtime 1768573760.215604
[DEBUG] 2026-01-28 21:11:03,970 autoreload File C:\Users\Abhihail Jacob\AppData\Local\Programs\Python\Python311\Lib\site-packages\django\template\backends\django.py first seen with mtime 1768573766.340093
[DEBUG] 2026-01-28 21:11:03,970 autoreload File C:\Users\Abhihail Jacob\AppData\Local\Programs\Python\Python311\Lib\site-packages\django\template\autoreload.py first seen with mtime 1768573766.3246646
[DEBUG] 2026-01-28 21:11:03,972 autoreload File C:\Users\Abhihail Jacob\AppData\Local\Programs\Python\Python311\Lib\site-packages\django\core\management\commands\makemigrations.py first seen with mtime 1768573766.0651133
[DEBUG] 2026-01-28 21:11:03,972 autoreload File C:\Users\Abhihail Jacob\AppData\Local\Programs\Python\Python311\Lib\wsgiref\simple_server.py first seen with mtime 1707239442.0
[DEBUG] 2026-01-28 21:11:03,973 autoreload File C:\Users\Abhihail Jacob\AppData\Local\Programs\Python\Python311\Lib\site-packages\django\views\__init__.py first seen with mtime 1768573766.412633
[DEBUG] 2026-01-28 21:11:03,974 autoreload File C:\Users\Abhihail Jacob\AppData\Local\Programs\Python\Python311\Lib\site-packages\django\views\decorators\debug.py first seen with mtime 1768573766.4434874
[DEBUG] 2026-01-28 21:11:03,974 autoreload File C:\Users\Abhihail Jacob\AppData\Local\Programs\Python\Python311\Lib\site-packages\django\forms\models.py first seen with mtime 1768573766.2086406
[DEBUG] 2026-01-28 21:11:03,975 autoreload File C:\Users\Abhihail Jacob\AppData\Local\Programs\Python\Python311\Lib\ipaddress.py first seen with mtime 1707239442.0
[DEBUG] 2026-01-28 21:11:03,975 autoreload File C:\Users\Abhihail Jacob\AppData\Local\Programs\Python\Python311\Lib\shutil.py first seen with mtime 1707239442.0
[DEBUG] 2026-01-28 21:11:03,975 autoreload File C:\Users\Abhihail Jacob\AppData\Local\Programs\Python\Python311\Lib\site-packages\django\db\migrations\exceptions.py first seen with mtime 1768573766.1503685
[DEBUG] 2026-01-28 21:11:03,975 autoreload File C:\Users\Abhihail Jacob\AppData\Local\Programs\Python\Python311\Lib\site-packages\django\contrib\messages\storage\__init__.py first seen with mtime 1768573764.9376092
[DEBUG] 2026-01-28 21:11:03,975 autoreload File C:\Users\Abhihail Jacob\AppData\Local\Programs\Python\Python311\Lib\urllib\__init__.py first seen with mtime 1707239442.0
[DEBUG] 2026-01-28 21:11:03,975 autoreload File C:\Users\Abhihail Jacob\AppData\Local\Programs\Python\Python311\Lib\calendar.py first seen with mtime 1707239442.0
[DEBUG] 2026-01-28 21:11:03,976 autoreload File C:\Users\Abhihail Jacob\AppData\Local\Programs\Python\Python311\Lib\graphlib.py first seen with mtime 1707239442.0
[DEBUG] 2026-01-28 21:11:03,976 autoreload File C:\Users\Abhihail Jacob\AppData\Local\Programs\Python\Python311\Lib\selectors.py first seen with mtime 1707239442.0
[DEBUG] 2026-01-28 21:11:03,976 autoreload File C:\Users\Abhihail Jacob\AppData\Local\Programs\Python\Python311\Lib\site-packages\django\contrib\auth\forms.py first seen with mtime 1768573763.2973888
[DEBUG] 2026-01-28 21:11:03,976 autoreload File C:\Users\Abhihail Jacob\AppData\Local\Programs\Python\Python311\Lib\site-packages\django\contrib\auth\middleware.py first seen with mtime 1768573763.2997794
[DEBUG] 2026-01-28 21:11:03,976 autoreload File C:\Users\Abhihail Jacob\AppData\Local\Programs\Python\Python311\Lib\site-packages\rest_framework\status.py first seen with mtime 1769439193.6083102
[DEBUG] 2026-01-28 21:11:03,977 autoreload File C:\Users\Abhihail Jacob\AppData\Local\Programs\Python\Python311\Lib\site-packages\django\contrib\staticfiles\management\__init__.py first seen with mtime 1768573765.9764345
[DEBUG] 2026-01-28 21:11:03,977 autoreload File C:\Users\Abhihail Jacob\AppData\Local\Programs\Python\Python311\Lib\site-packages\django\forms\__init__.py first seen with mtime 1768573766.2086406
[DEBUG] 2026-01-28 21:11:03,978 autoreload File C:\Users\Abhihail Jacob\AppData\Local\Programs\Python\Python311\Lib\site-packages\django\utils\http.py first seen with mtime 1768573766.391199
[DEBUG] 2026-01-28 21:11:03,978 autoreload File C:\Users\Abhihail Jacob\AppData\Local\Programs\Python\Python311\Lib\site-packages\django\apps\config.py first seen with mtime 1768573761.3505023
[DEBUG] 2026-01-28 21:11:03,978 autoreload File C:\Users\Abhihail Jacob\AppData\Local\Programs\Python\Python311\Lib\site-packages\django\contrib\sites\__init__.py first seen with mtime 1768573765.7277937
[DEBUG] 2026-01-28 21:11:03,978 autoreload File C:\Users\Abhihail Jacob\AppData\Local\Programs\Python\Python311\Lib\asyncio\coroutines.py first seen with mtime 1707239442.0
[DEBUG] 2026-01-28 21:11:03,978 autoreload File C:\Users\Abhihail Jacob\AppData\Local\Programs\Python\Python311\Lib\site-packages\django\contrib\admin\utils.py first seen with mtime 1768573761.911802
[DEBUG] 2026-01-28 21:11:03,979 autoreload File C:\Users\Abhihail Jacob\AppData\Local\Programs\Python\Python311\Lib\site-packages\decouple.py first seen with mtime 1769531738.0061634
[DEBUG] 2026-01-28 21:11:03,979 autoreload File C:\Users\Abhihail Jacob\AppData\Local\Programs\Python\Python311\Lib\site-packages\django\contrib\admin\views\decorators.py first seen with mtime 1768573762.96247
[DEBUG] 2026-01-28 21:11:03,979 autoreload File C:\Users\Abhihail Jacob\AppData\Local\Programs\Python\Python311\Lib\site-packages\asgiref\sync.py first seen with mtime 1768573761.087159
[DEBUG] 2026-01-28 21:11:03,979 autoreload File C:\Users\Abhihail Jacob\AppData\Local\Programs\Python\Python311\Lib\gzip.py first seen with mtime 1707239442.0
[DEBUG] 2026-01-28 21:11:03,979 autoreload File C:\Users\Abhihail Jacob\AppData\Local\Programs\Python\Python311\Lib\site-packages\sqlparse\cli.py first seen with mtime 1768573760.194264
[DEBUG] 2026-01-28 21:11:03,979 autoreload File C:\Users\Abhihail Jacob\AppData\Local\Programs\Python\Python311\Lib\site-packages\django\contrib\staticfiles\handlers.py first seen with mtime 1768573765.9718542
[DEBUG] 2026-01-28 21:11:03,979 autoreload File C:\Users\Abhihail Jacob\AppData\Local\Programs\Python\Python311\Lib\site-packages\django\utils\crypto.py first seen with mtime 1768573766.3770158
[DEBUG] 2026-01-28 21:11:03,979 autoreload File C:\Users\Abhihail Jacob\AppData\Local\Programs\Python\Python311\Lib\site-packages\django\contrib\admin\templatetags\admin_urls.py first seen with mtime 1768573762.9560928
[DEBUG] 2026-01-28 21:11:03,979 autoreload File C:\Users\Abhihail Jacob\AppData\Local\Programs\Python\Python311\Lib\site-packages\django\db\models\sql\subqueries.py first seen with mtime 1768573766.2086406
[DEBUG] 2026-01-28 21:11:03,979 autoreload File C:\Users\Abhihail Jacob\AppData\Local\Programs\Python\Python311\Lib\site-packages\django_filters\rest_framework\backends.py first seen with mtime 1769607637.8779652
[DEBUG] 2026-01-28 21:11:03,979 autoreload File C:\Users\Abhihail Jacob\AppData\Local\Programs\Python\Python311\Lib\site-packages\django\db\models\fields\related_lookups.py first seen with mtime 1768573766.1930363
[DEBUG] 2026-01-28 21:11:03,979 autoreload File C:\Users\Abhihail Jacob\AppData\Local\Programs\Python\Python311\Lib\site-packages\django\views\generic\edit.py first seen with mtime 1768573766.4525778
[DEBUG] 2026-01-28 21:11:03,982 autoreload File C:\Users\Abhihail Jacob\AppData\Local\Programs\Python\Python311\Lib\asyncio\__init__.py first seen with mtime 1707239442.0
[DEBUG] 2026-01-28 21:11:03,982 autoreload File C:\Users\Abhihail Jacob\AppData\Local\Programs\Python\Python311\Lib\site-packages\django\contrib\messages\apps.py first seen with mtime 1768573764.9320812
[DEBUG] 2026-01-28 21:11:03,982 autoreload File C:\Users\Abhihail Jacob\AppData\Local\Programs\Python\Python311\Lib\asyncio\sslproto.py first seen with mtime 1707239442.0
[DEBUG] 2026-01-28 21:11:03,982 autoreload File C:\Users\Abhihail Jacob\AppData\Local\Programs\Python\Python311\Lib\site-packages\rest_framework\authtoken\admin.py first seen with mtime 1769439193.6196787
[DEBUG] 2026-01-28 21:11:03,983 autoreload File C:\Users\Abhihail Jacob\AppData\Local\Programs\Python\Python311\Lib\site-packages\django\views\csrf.py first seen with mtime 1768573766.4159112
[DEBUG] 2026-01-28 21:11:03,983 autoreload File C:\Users\Abhihail Jacob\AppData\Local\Programs\Python\Python311\Lib\site-packages\django\contrib\admindocs\utils.py first seen with mtime 1768573762.968863
[DEBUG] 2026-01-28 21:11:03,983 autoreload File C:\Users\Abhihail Jacob\AppData\Local\Programs\Python\Python311\Lib\site-packages\django\db\models\fields\tuple_lookups.py first seen with mtime 1768573766.1930363
[DEBUG] 2026-01-28 21:11:03,983 autoreload File C:\Users\Abhihail Jacob\AppData\Local\Programs\Python\Python311\Lib\site-packages\django\templatetags\__init__.py first seen with mtime 1768573766.34706
[DEBUG] 2026-01-28 21:11:03,984 autoreload File C:\Users\Abhihail Jacob\AppData\Local\Programs\Python\Python311\Lib\json\scanner.py first seen with mtime 1707239442.0
[DEBUG] 2026-01-28 21:11:03,984 autoreload File C:\Users\Abhihail Jacob\AppData\Local\Programs\Python\Python311\Lib\keyword.py first seen with mtime 1707239442.0
[DEBUG] 2026-01-28 21:11:03,984 autoreload File C:\Users\Abhihail Jacob\AppData\Local\Programs\Python\Python311\Lib\site-packages\django\core\handlers\base.py first seen with mtime 1768573766.0370164
[DEBUG] 2026-01-28 21:11:03,985 autoreload File C:\Users\Abhihail Jacob\AppData\Local\Programs\Python\Python311\Lib\site-packages\django\db\backends\base\schema.py first seen with mtime 1768573766.1028438
[DEBUG] 2026-01-28 21:11:03,985 autoreload File C:\Users\Abhihail Jacob\AppData\Local\Programs\Python\Python311\Lib\site-packages\django\db\backends\__init__.py first seen with mtime 1768573766.0900056
[DEBUG] 2026-01-28 21:11:03,985 autoreload File C:\Users\Abhihail Jacob\AppData\Local\Programs\Python\Python311\Lib\site-packages\django\contrib\admin\views\__init__.py first seen with mtime 1768573762.9560928
[DEBUG] 2026-01-28 21:11:03,985 autoreload File C:\Users\Abhihail Jacob\AppData\Local\Programs\Python\Python311\Lib\site-packages\django\middleware\__init__.py first seen with mtime 1768573766.313158
[DEBUG] 2026-01-28 21:11:03,987 autoreload File C:\Users\Abhihail Jacob\AppData\Local\Programs\Python\Python311\Lib\contextvars.py first seen with mtime 1707239442.0
[DEBUG] 2026-01-28 21:11:03,987 autoreload File C:\Users\Abhihail Jacob\AppData\Local\Programs\Python\Python311\Lib\site-packages\django\core\servers\__init__.py first seen with mtime 1768573766.086025
[DEBUG] 2026-01-28 21:11:03,988 autoreload File C:\Users\Abhihail Jacob\AppData\Local\Programs\Python\Python311\Lib\site-packages\rest_framework\schemas\inspectors.py first seen with mtime 1769439193.753724
[DEBUG] 2026-01-28 21:11:03,989 autoreload File C:\Users\Abhihail Jacob\AppData\Local\Programs\Python\Python311\Lib\quopri.py first seen with mtime 1707239442.0
[DEBUG] 2026-01-28 21:11:03,990 autoreload File C:\Users\Abhihail Jacob\AppData\Local\Programs\Python\Python311\Lib\site-packages\rest_framework\serializers.py first seen with mtime 1769439193.6072092
[DEBUG] 2026-01-28 21:11:03,990 autoreload File C:\Users\Abhihail Jacob\AppData\Local\Programs\Python\Python311\Lib\email\mime\text.py first seen with mtime 1707239442.0
[DEBUG] 2026-01-28 21:11:03,990 autoreload File C:\Users\Abhihail Jacob\AppData\Local\Programs\Python\Python311\Lib\asyncio\base_subprocess.py first seen with mtime 1707239442.0
[DEBUG] 2026-01-28 21:11:03,991 autoreload File C:\Users\Abhihail Jacob\AppData\Local\Programs\Python\Python311\Lib\site-packages\django\contrib\auth\checks.py first seen with mtime 1768573763.2929473
[DEBUG] 2026-01-28 21:11:03,991 autoreload File C:\Users\Abhihail Jacob\AppData\Local\Programs\Python\Python311\Lib\site-packages\django\db\models\sql\constants.py first seen with mtime 1768573766.2066352
[DEBUG] 2026-01-28 21:11:03,991 autoreload File C:\Users\Abhihail Jacob\AppData\Local\Programs\Python\Python311\Lib\site-packages\django\contrib\contenttypes\apps.py first seen with mtime 1768573763.6634834
[DEBUG] 2026-01-28 21:11:03,991 autoreload File C:\Users\Abhihail Jacob\AppData\Local\Programs\Python\Python311\Lib\shlex.py first seen with mtime 1707239442.0
[DEBUG] 2026-01-28 21:11:03,992 autoreload File C:\Users\Abhihail Jacob\AppData\Local\Programs\Python\Python311\Lib\site-packages\django\db\models\manager.py first seen with mtime 1768573766.1779044
[DEBUG] 2026-01-28 21:11:03,992 autoreload File C:\Users\Abhihail Jacob\AppData\Local\Programs\Python\Python311\Lib\email\utils.py first seen with mtime 1707239442.0
[DEBUG] 2026-01-28 21:11:03,992 autoreload File C:\Users\Abhihail Jacob\AppData\Local\Programs\Python\Python311\Lib\site-packages\django\contrib\admin\templatetags\__init__.py first seen with mtime 1768573762.9478729
[DEBUG] 2026-01-28 21:11:03,992 autoreload File C:\Users\Abhihail Jacob\AppData\Local\Programs\Python\Python311\Lib\site-packages\rest_framework\templatetags\rest_framework.py first seen with mtime 1769439193.8929224
[DEBUG] 2026-01-28 21:11:03,992 autoreload File C:\Users\Abhihail Jacob\AppData\Local\Programs\Python\Python311\Lib\site-packages\django\contrib\auth\admin.py first seen with mtime 1768573763.2871418
[DEBUG] 2026-01-28 21:11:03,992 autoreload File C:\Users\Abhihail Jacob\AppData\Local\Programs\Python\Python311\Lib\site-packages\django\db\models\sql\where.py first seen with mtime 1768573766.2086406
[DEBUG] 2026-01-28 21:11:03,993 autoreload File C:\Users\Abhihail Jacob\AppData\Local\Programs\Python\Python311\Lib\site-packages\rest_framework\utils\__init__.py first seen with mtime 1769439193.8944402
[DEBUG] 2026-01-28 21:11:03,993 autoreload File C:\Users\Abhihail Jacob\AppData\Local\Programs\Python\Python311\Lib\site-packages\django\contrib\postgres\__init__.py first seen with mtime 1768573764.9416094
[DEBUG] 2026-01-28 21:11:03,993 autoreload File C:\Users\Abhihail Jacob\AppData\Local\Programs\Python\Python311\Lib\site-packages\rest_framework\views.py first seen with mtime 1769439193.616235
[DEBUG] 2026-01-28 21:11:03,993 autoreload File C:\Users\Abhihail Jacob\AppData\Local\Programs\Python\Python311\Lib\site-packages\django\utils\termcolors.py first seen with mtime 1768573766.4004622
[DEBUG] 2026-01-28 21:11:03,993 autoreload File C:\Users\Abhihail Jacob\AppData\Local\Programs\Python\Python311\Lib\bz2.py first seen with mtime 1707239442.0
[DEBUG] 2026-01-28 21:11:03,993 autoreload File C:\Users\Abhihail Jacob\AppData\Local\Programs\Python\Python311\Lib\tokenize.py first seen with mtime 1707239442.0
[DEBUG] 2026-01-28 21:11:03,993 autoreload File C:\Users\Abhihail Jacob\AppData\Local\Programs\Python\Python311\Lib\site-packages\django\template\base.py first seen with mtime 1768573766.3256757
[DEBUG] 2026-01-28 21:11:03,993 autoreload File C:\Users\Abhihail Jacob\AppData\Local\Programs\Python\Python311\Lib\decimal.py first seen with mtime 1707239442.0
[DEBUG] 2026-01-28 21:11:03,993 autoreload File C:\Users\Abhihail Jacob\AppData\Local\Programs\Python\Python311\Lib\site-packages\django\contrib\messages\api.py first seen with mtime 1768573764.930986
[DEBUG] 2026-01-28 21:11:03,993 autoreload File C:\Users\Abhihail Jacob\AppData\Local\Programs\Python\Python311\Lib\email\policy.py first seen with mtime 1707239442.0
[DEBUG] 2026-01-28 21:11:03,993 autoreload File C:\Users\Abhihail Jacob\AppData\Local\Programs\Python\Python311\Lib\site-packages\django\core\serializers\__init__.py first seen with mtime 1768573766.0812006
[DEBUG] 2026-01-28 21:11:03,993 autoreload File C:\Users\Abhihail Jacob\AppData\Local\Programs\Python\Python311\Lib\site-packages\django\http\multipartparser.py first seen with mtime 1768573766.3120527
[DEBUG] 2026-01-28 21:11:03,993 autoreload File C:\Users\Abhihail Jacob\AppData\Local\Programs\Python\Python311\Lib\site-packages\django\db\backends\ddl_references.py first seen with mtime 1768573766.0926836
[DEBUG] 2026-01-28 21:11:03,993 autoreload File C:\Users\Abhihail Jacob\AppData\Local\Programs\Python\Python311\Lib\lzma.py first seen with mtime 1707239442.0
[DEBUG] 2026-01-28 21:11:03,993 autoreload File C:\Users\Abhihail Jacob\AppData\Local\Programs\Python\Python311\Lib\concurrent\futures\__init__.py first seen with mtime 1707239442.0
[DEBUG] 2026-01-28 21:11:03,993 autoreload File C:\Users\Abhihail Jacob\AppData\Local\Programs\Python\Python311\Lib\configparser.py first seen with mtime 1707239442.0
[DEBUG] 2026-01-28 21:11:03,993 autoreload File C:\Users\Abhihail Jacob\AppData\Local\Programs\Python\Python311\Lib\site-packages\django\http\request.py first seen with mtime 1768573766.313158
[DEBUG] 2026-01-28 21:11:03,993 autoreload File C:\Users\Abhihail Jacob\AppData\Local\Programs\Python\Python311\Lib\site-packages\django_filters\conf.py first seen with mtime 1769607637.8060167
[DEBUG] 2026-01-28 21:11:03,998 autoreload File C:\Users\Abhihail Jacob\AppData\Local\Programs\Python\Python311\Lib\site-packages\django\db\migrations\recorder.py first seen with mtime 1768573766.1573646
[DEBUG] 2026-01-28 21:11:03,998 autoreload File D:\Python Journey\Python training\python-core\day27\expense_tracker\expenses\views.py first seen with mtime 1769614446.3258345
[DEBUG] 2026-01-28 21:11:03,998 autoreload File C:\Users\Abhihail Jacob\AppData\Local\Programs\Python\Python311\Lib\site-packages\django\views\generic\list.py first seen with mtime 1768573766.455198
[DEBUG] 2026-01-28 21:11:03,998 autoreload File C:\Users\Abhihail Jacob\AppData\Local\Programs\Python\Python311\Lib\site-packages\django_filters\utils.py first seen with mtime 1769607637.811867
[DEBUG] 2026-01-28 21:11:03,998 autoreload File C:\Users\Abhihail Jacob\AppData\Local\Programs\Python\Python311\Lib\email\_header_value_parser.py first seen with mtime 1707239442.0
[DEBUG] 2026-01-28 21:11:03,999 autoreload File C:\Users\Abhihail Jacob\AppData\Local\Programs\Python\Python311\Lib\site-packages\django\conf\global_settings.py first seen with mtime 1768573761.35726
[DEBUG] 2026-01-28 21:11:03,999 autoreload File C:\Users\Abhihail Jacob\AppData\Local\Programs\Python\Python311\Lib\site-packages\django\contrib\postgres\validators.py first seen with mtime 1768573764.951229
[DEBUG] 2026-01-28 21:11:03,999 autoreload File C:\Users\Abhihail Jacob\AppData\Local\Programs\Python\Python311\Lib\site-packages\django\middleware\csrf.py first seen with mtime 1768573766.3193097
[DEBUG] 2026-01-28 21:11:03,999 autoreload File D:\Python Journey\Python training\python-core\day27\expense_tracker\expense_tracker\__init__.py first seen with mtime 1769321638.3576667
[DEBUG] 2026-01-28 21:11:03,999 autoreload File C:\Users\Abhihail Jacob\AppData\Local\Programs\Python\Python311\Lib\site-packages\django\dispatch\dispatcher.py first seen with mtime 1768573766.2086406
[DEBUG] 2026-01-28 21:11:04,000 autoreload File C:\Users\Abhihail Jacob\AppData\Local\Programs\Python\Python311\Lib\sqlite3\dbapi2.py first seen with mtime 1707239442.0
[DEBUG] 2026-01-28 21:11:04,000 autoreload File C:\Users\Abhihail Jacob\AppData\Local\Programs\Python\Python311\Lib\site-packages\django\utils\log.py first seen with mtime 1768573766.395171
[DEBUG] 2026-01-28 21:11:04,000 autoreload File C:\Users\Abhihail Jacob\AppData\Local\Programs\Python\Python311\Lib\site-packages\django\contrib\admin\templatetags\admin_list.py first seen with mtime 1768573762.9478729
[DEBUG] 2026-01-28 21:11:04,000 autoreload File C:\Users\Abhihail Jacob\AppData\Local\Programs\Python\Python311\Lib\site-packages\django\db\models\options.py first seen with mtime 1768573766.1779044
[DEBUG] 2026-01-28 21:11:04,000 autoreload File C:\Users\Abhihail Jacob\AppData\Local\Programs\Python\Python311\Lib\site-packages\django\contrib\sites\shortcuts.py first seen with mtime 1768573765.7358413
[DEBUG] 2026-01-28 21:11:04,000 autoreload File C:\Users\Abhihail Jacob\AppData\Local\Programs\Python\Python311\Lib\site-packages\django\db\models\functions\math.py first seen with mtime 1768573766.2011237
[DEBUG] 2026-01-28 21:11:04,001 autoreload File C:\Users\Abhihail Jacob\AppData\Local\Programs\Python\Python311\DLLs\select.pyd first seen with mtime 1707239488.0
[DEBUG] 2026-01-28 21:11:04,001 autoreload File C:\Users\Abhihail Jacob\AppData\Local\Programs\Python\Python311\Lib\site-packages\django\core\cache\backends\base.py first seen with mtime 1768573765.996519
[DEBUG] 2026-01-28 21:11:04,001 autoreload File C:\Users\Abhihail Jacob\AppData\Local\Programs\Python\Python311\Lib\asyncio\windows_utils.py first seen with mtime 1707239442.0
[DEBUG] 2026-01-28 21:11:04,001 autoreload File C:\Users\Abhihail Jacob\AppData\Local\Programs\Python\Python311\Lib\site-packages\django\http\cookie.py first seen with mtime 1768573766.3120527
[DEBUG] 2026-01-28 21:11:04,001 autoreload File C:\Users\Abhihail Jacob\AppData\Local\Programs\Python\Python311\Lib\site-packages\django\views\decorators\__init__.py first seen with mtime 1768573766.4310014
[DEBUG] 2026-01-28 21:11:04,002 autoreload File C:\Users\Abhihail Jacob\AppData\Local\Programs\Python\Python311\DLLs\_queue.pyd first seen with mtime 1707239488.0
[DEBUG] 2026-01-28 21:11:04,003 autoreload File C:\Users\Abhihail Jacob\AppData\Local\Programs\Python\Python311\Lib\site-packages\django\core\mail\message.py first seen with mtime 1768573766.0370164
[DEBUG] 2026-01-28 21:11:04,003 autoreload File C:\Users\Abhihail Jacob\AppData\Local\Programs\Python\Python311\Lib\reprlib.py first seen with mtime 1707239442.0
[DEBUG] 2026-01-28 21:11:04,003 autoreload File C:\Users\Abhihail Jacob\AppData\Local\Programs\Python\Python311\Lib\site-packages\rest_framework\exceptions.py first seen with mtime 1769439193.5870688
[DEBUG] 2026-01-28 21:11:04,004 autoreload File C:\Users\Abhihail Jacob\AppData\Local\Programs\Python\Python311\Lib\site-packages\django\utils\datastructures.py first seen with mtime 1768573766.3770158
[DEBUG] 2026-01-28 21:11:04,005 autoreload File C:\Users\Abhihail Jacob\AppData\Local\Programs\Python\Python311\Lib\site-packages\django\db\models\constants.py first seen with mtime 1768573766.169967
[DEBUG] 2026-01-28 21:11:04,005 autoreload File C:\Users\Abhihail Jacob\AppData\Local\Programs\Python\Python311\Lib\asyncio\subprocess.py first seen with mtime 1707239442.0
[DEBUG] 2026-01-28 21:11:04,005 autoreload File C:\Users\Abhihail Jacob\AppData\Local\Programs\Python\Python311\Lib\site-packages\django\db\backends\base\base.py first seen with mtime 1768573766.0960538
[DEBUG] 2026-01-28 21:11:04,005 autoreload File C:\Users\Abhihail Jacob\AppData\Local\Programs\Python\Python311\DLLs\_uuid.pyd first seen with mtime 1707239488.0
[DEBUG] 2026-01-28 21:11:04,005 autoreload File C:\Users\Abhihail Jacob\AppData\Local\Programs\Python\Python311\Lib\site-packages\django\utils\tree.py first seen with mtime 1768573766.4049957
[DEBUG] 2026-01-28 21:11:04,005 autoreload File C:\Users\Abhihail Jacob\AppData\Local\Programs\Python\Python311\Lib\site-packages\rest_framework\utils\representation.py first seen with mtime 1769439193.9047163
[DEBUG] 2026-01-28 21:11:04,008 autoreload File C:\Users\Abhihail Jacob\AppData\Local\Programs\Python\Python311\Lib\site-packages\rest_framework\decorators.py first seen with mtime 1769439193.5834553
[DEBUG] 2026-01-28 21:11:04,008 autoreload File C:\Users\Abhihail Jacob\AppData\Local\Programs\Python\Python311\Lib\site-packages\sqlparse\engine\__init__.py first seen with mtime 1768573760.216614
[DEBUG] 2026-01-28 21:11:04,008 autoreload File C:\Users\Abhihail Jacob\AppData\Local\Programs\Python\Python311\Lib\struct.py first seen with mtime 1707239442.0
[DEBUG] 2026-01-28 21:11:04,008 autoreload File C:\Users\Abhihail Jacob\AppData\Local\Programs\Python\Python311\Lib\re\__init__.py first seen with mtime 1707239442.0
[DEBUG] 2026-01-28 21:11:04,009 autoreload File C:\Users\Abhihail Jacob\AppData\Local\Programs\Python\Python311\Lib\site-packages\sqlparse\sql.py first seen with mtime 1768573760.2135818
[DEBUG] 2026-01-28 21:11:04,009 autoreload File C:\Users\Abhihail Jacob\AppData\Local\Programs\Python\Python311\DLLs\_lzma.pyd first seen with mtime 1707239490.0
[DEBUG] 2026-01-28 21:11:04,009 autoreload File C:\Users\Abhihail Jacob\AppData\Local\Programs\Python\Python311\Lib\ast.py first seen with mtime 1707239442.0
[DEBUG] 2026-01-28 21:11:04,009 autoreload File C:\Users\Abhihail Jacob\AppData\Local\Programs\Python\Python311\Lib\site-packages\django\db\models\fields\proxy.py first seen with mtime 1768573766.1910298
[DEBUG] 2026-01-28 21:11:04,009 autoreload File C:\Users\Abhihail Jacob\AppData\Local\Programs\Python\Python311\Lib\heapq.py first seen with mtime 1707239442.0
[DEBUG] 2026-01-28 21:11:04,009 autoreload File C:\Users\Abhihail Jacob\AppData\Local\Programs\Python\Python311\Lib\site-packages\sqlparse\filters\others.py first seen with mtime 1768573760.2251186
[DEBUG] 2026-01-28 21:11:04,010 autoreload File C:\Users\Abhihail Jacob\AppData\Local\Programs\Python\Python311\Lib\sysconfig.py first seen with mtime 1707239442.0
[DEBUG] 2026-01-28 21:11:04,010 autoreload File C:\Users\Abhihail Jacob\AppData\Local\Programs\Python\Python311\DLLs\_bz2.pyd first seen with mtime 1707239490.0
[DEBUG] 2026-01-28 21:11:04,010 autoreload File C:\Users\Abhihail Jacob\AppData\Local\Programs\Python\Python311\DLLs\_socket.pyd first seen with mtime 1707239490.0
[DEBUG] 2026-01-28 21:11:04,010 autoreload File C:\Users\Abhihail Jacob\AppData\Local\Programs\Python\Python311\Lib\site-packages\django\core\checks\caches.py first seen with mtime 1768573766.00599
[DEBUG] 2026-01-28 21:11:04,010 autoreload File C:\Users\Abhihail Jacob\AppData\Local\Programs\Python\Python311\Lib\concurrent\__init__.py first seen with mtime 1707239442.0
[DEBUG] 2026-01-28 21:11:04,011 autoreload File C:\Users\Abhihail Jacob\AppData\Local\Programs\Python\Python311\Lib\site-packages\django\contrib\auth\base_user.py first seen with mtime 1768573763.2916543
[DEBUG] 2026-01-28 21:11:04,011 autoreload File C:\Users\Abhihail Jacob\AppData\Local\Programs\Python\Python311\Lib\ctypes\__init__.py first seen with mtime 1707239442.0
[DEBUG] 2026-01-28 21:11:04,011 autoreload File C:\Users\Abhihail Jacob\AppData\Local\Programs\Python\Python311\Lib\asyncio\windows_events.py first seen with mtime 1707239442.0
[DEBUG] 2026-01-28 21:11:04,011 autoreload File C:\Users\Abhihail Jacob\AppData\Local\Programs\Python\Python311\Lib\queue.py first seen with mtime 1707239442.0
[DEBUG] 2026-01-28 21:11:04,011 autoreload File C:\Users\Abhihail Jacob\AppData\Local\Programs\Python\Python311\Lib\site-packages\django\middleware\security.py first seen with mtime 1768573766.3226411
[DEBUG] 2026-01-28 21:11:04,011 autoreload File C:\Users\Abhihail Jacob\AppData\Local\Programs\Python\Python311\Lib\site-packages\django\db\migrations\loader.py first seen with mtime 1768573766.1547213
[DEBUG] 2026-01-28 21:11:04,012 autoreload File C:\Users\Abhihail Jacob\AppData\Local\Programs\Python\Python311\Lib\site-packages\django\core\__init__.py first seen with mtime 1768573765.9764345
[DEBUG] 2026-01-28 21:11:04,012 autoreload File C:\Users\Abhihail Jacob\AppData\Local\Programs\Python\Python311\Lib\site-packages\django\contrib\admin\sites.py first seen with mtime 1768573761.911802
[DEBUG] 2026-01-28 21:11:04,012 autoreload File C:\Users\Abhihail Jacob\AppData\Local\Programs\Python\Python311\Lib\site-packages\django\contrib\auth\backends.py first seen with mtime 1768573763.2905402
[DEBUG] 2026-01-28 21:11:04,012 autoreload File C:\Users\Abhihail Jacob\AppData\Local\Programs\Python\Python311\Lib\site-packages\rest_framework\settings.py first seen with mtime 1769439193.6072092
[DEBUG] 2026-01-28 21:11:04,012 autoreload File C:\Users\Abhihail Jacob\AppData\Local\Programs\Python\Python311\DLLs\_ctypes.pyd first seen with mtime 1707239490.0
[DEBUG] 2026-01-28 21:11:04,012 autoreload File C:\Users\Abhihail Jacob\AppData\Local\Programs\Python\Python311\Lib\asyncio\futures.py first seen with mtime 1707239442.0
[DEBUG] 2026-01-28 21:11:04,012 autoreload File C:\Users\Abhihail Jacob\AppData\Local\Programs\Python\Python311\Lib\tempfile.py first seen with mtime 1707239442.0
[DEBUG] 2026-01-28 21:11:04,012 autoreload File C:\Users\Abhihail Jacob\AppData\Local\Programs\Python\Python311\Lib\site-packages\django\core\files\storage\mixins.py first seen with mtime 1768573766.0335367
[DEBUG] 2026-01-28 21:11:04,012 autoreload File C:\Users\Abhihail Jacob\AppData\Local\Programs\Python\Python311\Lib\site-packages\django\db\models\signals.py first seen with mtime 1768573766.1821475
[DEBUG] 2026-01-28 21:11:04,012 autoreload File C:\Users\Abhihail Jacob\AppData\Local\Programs\Python\Python311\Lib\site-packages\django\core\files\uploadhandler.py first seen with mtime 1768573766.0265734
[DEBUG] 2026-01-28 21:11:04,012 autoreload File C:\Users\Abhihail Jacob\AppData\Local\Programs\Python\Python311\Lib\email\mime\message.py first seen with mtime 1707239442.0
[DEBUG] 2026-01-28 21:11:04,012 autoreload File C:\Users\Abhihail Jacob\AppData\Local\Programs\Python\Python311\Lib\site-packages\django\db\models\fields\related.py first seen with mtime 1768573766.1910298
[DEBUG] 2026-01-28 21:11:04,012 autoreload File C:\Users\Abhihail Jacob\AppData\Local\Programs\Python\Python311\Lib\site-packages\django_filters\filters.py first seen with mtime 1769607637.8098633
[DEBUG] 2026-01-28 21:11:04,012 autoreload File C:\Users\Abhihail Jacob\AppData\Local\Programs\Python\Python311\Lib\email\header.py first seen with mtime 1707239442.0
[DEBUG] 2026-01-28 21:11:04,012 autoreload File C:\Users\Abhihail Jacob\AppData\Local\Programs\Python\Python311\Lib\site-packages\django\core\checks\compatibility\django_4_0.py first seen with mtime 1768573766.00599
[DEBUG] 2026-01-28 21:11:04,012 autoreload File C:\Users\Abhihail Jacob\AppData\Local\Programs\Python\Python311\Lib\site-packages\django\contrib\sessions\exceptions.py first seen with mtime 1768573765.481574
[DEBUG] 2026-01-28 21:11:04,012 autoreload File C:\Users\Abhihail Jacob\AppData\Local\Programs\Python\Python311\DLLs\unicodedata.pyd first seen with mtime 1707239490.0
[DEBUG] 2026-01-28 21:11:04,012 autoreload File C:\Users\Abhihail Jacob\AppData\Local\Programs\Python\Python311\Lib\ctypes\_endian.py first seen with mtime 1707239442.0
[DEBUG] 2026-01-28 21:11:04,012 autoreload File D:\Python Journey\Python training\python-core\day27\expense_tracker\expenses\models.py first seen with mtime 1769431191.6908245
[DEBUG] 2026-01-28 21:11:04,017 autoreload File C:\Users\Abhihail Jacob\AppData\Local\Programs\Python\Python311\Lib\site-packages\django\core\files\storage\base.py first seen with mtime 1768573766.0299988
[DEBUG] 2026-01-28 21:11:04,017 autoreload File C:\Users\Abhihail Jacob\AppData\Local\Programs\Python\Python311\Lib\site-packages\django\urls\exceptions.py first seen with mtime 1768573766.365674
[DEBUG] 2026-01-28 21:11:04,017 autoreload File C:\Users\Abhihail Jacob\AppData\Local\Programs\Python\Python311\Lib\site-packages\django\db\models\functions\window.py first seen with mtime 1768573766.2046292
[DEBUG] 2026-01-28 21:11:04,017 autoreload File C:\Users\Abhihail Jacob\AppData\Local\Programs\Python\Python311\DLLs\_sqlite3.pyd first seen with mtime 1707239490.0
[DEBUG] 2026-01-28 21:11:04,018 autoreload File C:\Users\Abhihail Jacob\AppData\Local\Programs\Python\Python311\Lib\site-packages\django\core\files\locks.py first seen with mtime 1768573766.0228972
[DEBUG] 2026-01-28 21:11:04,018 autoreload File C:\Users\Abhihail Jacob\AppData\Local\Programs\Python\Python311\Lib\importlib\__init__.py first seen with mtime 1707239442.0
[DEBUG] 2026-01-28 21:11:04,018 autoreload File C:\Users\Abhihail Jacob\AppData\Local\Programs\Python\Python311\Lib\site-packages\django\contrib\sessions\models.py first seen with mtime 1768573765.4839928
[DEBUG] 2026-01-28 21:11:04,018 autoreload File C:\Users\Abhihail Jacob\AppData\Local\Programs\Python\Python311\Lib\site-packages\django\db\models\fields\composite.py first seen with mtime 1768573766.1864605
[DEBUG] 2026-01-28 21:11:04,018 autoreload File C:\Users\Abhihail Jacob\AppData\Local\Programs\Python\Python311\Lib\urllib\parse.py first seen with mtime 1707239442.0
[DEBUG] 2026-01-28 21:11:04,018 autoreload File C:\Users\Abhihail Jacob\AppData\Local\Programs\Python\Python311\Lib\site-packages\django\core\validators.py first seen with mtime 1768573765.9925027
[DEBUG] 2026-01-28 21:11:04,019 autoreload File C:\Users\Abhihail Jacob\AppData\Local\Programs\Python\Python311\Lib\site-packages\django\template\exceptions.py first seen with mtime 1768573766.3318825
[DEBUG] 2026-01-28 21:11:04,019 autoreload File C:\Users\Abhihail Jacob\AppData\Local\Programs\Python\Python311\Lib\site-packages\django\db\backends\sqlite3\schema.py first seen with mtime 1768573766.1468205
[DEBUG] 2026-01-28 21:11:04,019 autoreload File D:\Python Journey\Python training\python-core\day27\expense_tracker\expenses\__init__.py first seen with mtime 1769321952.3958075
[DEBUG] 2026-01-28 21:11:04,021 autoreload File C:\Users\Abhihail Jacob\AppData\Local\Programs\Python\Python311\Lib\site-packages\django\contrib\staticfiles\checks.py first seen with mtime 1768573765.9704657
[DEBUG] 2026-01-28 21:11:04,021 autoreload File C:\Users\Abhihail Jacob\AppData\Local\Programs\Python\Python311\Lib\site-packages\django\http\__init__.py first seen with mtime 1768573766.3102252
[DEBUG] 2026-01-28 21:11:04,022 autoreload File C:\Users\Abhihail Jacob\AppData\Local\Programs\Python\Python311\Lib\site-packages\django_filters\fields.py first seen with mtime 1769607637.8093593
[DEBUG] 2026-01-28 21:11:04,022 autoreload File C:\Users\Abhihail Jacob\AppData\Local\Programs\Python\Python311\Lib\site-packages\django\contrib\sessions\__init__.py first seen with mtime 1768573765.4785707
[DEBUG] 2026-01-28 21:11:04,022 autoreload File C:\Users\Abhihail Jacob\AppData\Local\Programs\Python\Python311\Lib\site-packages\django\contrib\postgres\forms\array.py first seen with mtime 1768573764.9622843
[DEBUG] 2026-01-28 21:11:04,022 autoreload File C:\Users\Abhihail Jacob\AppData\Local\Programs\Python\Python311\Lib\site-packages\django_filters\compat.py first seen with mtime 1769607637.8050098
[DEBUG] 2026-01-28 21:11:04,024 autoreload File C:\Users\Abhihail Jacob\AppData\Local\Programs\Python\Python311\Lib\site-packages\django\db\models\fields\mixins.py first seen with mtime 1768573766.189025
[DEBUG] 2026-01-28 21:11:04,024 autoreload File C:\Users\Abhihail Jacob\AppData\Local\Programs\Python\Python311\Lib\email\feedparser.py first seen with mtime 1707239442.0
[DEBUG] 2026-01-28 21:11:04,024 autoreload File C:\Users\Abhihail Jacob\AppData\Local\Programs\Python\Python311\Lib\site-packages\rest_framework\authtoken\models.py first seen with mtime 1769439193.6217005
[DEBUG] 2026-01-28 21:11:04,024 autoreload File C:\Users\Abhihail Jacob\AppData\Local\Programs\Python\Python311\Lib\site-packages\django\middleware\common.py first seen with mtime 1768573766.3183005
[DEBUG] 2026-01-28 21:11:04,024 autoreload File C:\Users\Abhihail Jacob\AppData\Local\Programs\Python\Python311\Lib\base64.py first seen with mtime 1707239442.0
[DEBUG] 2026-01-28 21:11:04,024 autoreload File C:\Users\Abhihail Jacob\AppData\Local\Programs\Python\Python311\Lib\site-packages\rest_framework\reverse.py first seen with mtime 1769439193.604519
[DEBUG] 2026-01-28 21:11:04,024 autoreload File C:\Users\Abhihail Jacob\AppData\Local\Programs\Python\Python311\Lib\opcode.py first seen with mtime 1707239442.0
[DEBUG] 2026-01-28 21:11:04,024 autoreload File C:\Users\Abhihail Jacob\AppData\Local\Programs\Python\Python311\Lib\site-packages\rest_framework\parsers.py first seen with mtime 1769439193.59543
[DEBUG] 2026-01-28 21:11:04,024 autoreload File C:\Users\Abhihail Jacob\AppData\Local\Programs\Python\Python311\Lib\site-packages\django_filters\filterset.py first seen with mtime 1769607637.8108666
[DEBUG] 2026-01-28 21:11:04,027 autoreload File C:\Users\Abhihail Jacob\AppData\Local\Programs\Python\Python311\Lib\site-packages\django\utils\_os.py first seen with mtime 1768573766.3705251
[DEBUG] 2026-01-28 21:11:04,027 autoreload File C:\Users\Abhihail Jacob\AppData\Local\Programs\Python\Python311\Lib\site-packages\rest_framework\urls.py first seen with mtime 1769439193.6141155
[DEBUG] 2026-01-28 21:11:04,028 autoreload File C:\Users\Abhihail Jacob\AppData\Local\Programs\Python\Python311\Lib\site-packages\django\template\__init__.py first seen with mtime 1768573766.3236544
[DEBUG] 2026-01-28 21:11:04,028 autoreload File C:\Users\Abhihail Jacob\AppData\Local\Programs\Python\Python311\Lib\site-packages\django\conf\__init__.py first seen with mtime 1768573761.35726
[DEBUG] 2026-01-28 21:11:04,028 autoreload File C:\Users\Abhihail Jacob\AppData\Local\Programs\Python\Python311\Lib\site-packages\django\db\migrations\executor.py first seen with mtime 1768573766.1523738
[DEBUG] 2026-01-28 21:11:04,028 autoreload File C:\Users\Abhihail Jacob\AppData\Local\Programs\Python\Python311\Lib\site-packages\django\utils\ipv6.py first seen with mtime 1768573766.3926706
[DEBUG] 2026-01-28 21:11:04,029 autoreload File C:\Users\Abhihail Jacob\AppData\Local\Programs\Python\Python311\Lib\site-packages\django\utils\timezone.py first seen with mtime 1768573766.4037344
[DEBUG] 2026-01-28 21:11:04,029 autoreload File C:\Users\Abhihail Jacob\AppData\Local\Programs\Python\Python311\Lib\site-packages\rest_framework\authtoken\__init__.py first seen with mtime 1769439193.61835
[DEBUG] 2026-01-28 21:11:04,029 autoreload File C:\Users\Abhihail Jacob\AppData\Local\Programs\Python\Python311\Lib\site-packages\django\template\backends\__init__.py first seen with mtime 1768573766.3377554
[DEBUG] 2026-01-28 21:11:04,029 autoreload File C:\Users\Abhihail Jacob\AppData\Local\Programs\Python\Python311\Lib\subprocess.py first seen with mtime 1707239442.0
[DEBUG] 2026-01-28 21:11:04,029 autoreload File C:\Users\Abhihail Jacob\AppData\Local\Programs\Python\Python311\Lib\http\cookies.py first seen with mtime 1707239442.0
[DEBUG] 2026-01-28 21:11:04,030 autoreload File C:\Users\Abhihail Jacob\AppData\Local\Programs\Python\Python311\Lib\difflib.py first seen with mtime 1707239442.0
[DEBUG] 2026-01-28 21:11:04,030 autoreload File C:\Users\Abhihail Jacob\AppData\Local\Programs\Python\Python311\Lib\site-packages\django\contrib\auth\management\__init__.py first seen with mtime 1768573763.6325574
[DEBUG] 2026-01-28 21:11:04,030 autoreload File C:\Users\Abhihail Jacob\AppData\Local\Programs\Python\Python311\Lib\uuid.py first seen with mtime 1707239442.0
[DEBUG] 2026-01-28 21:11:04,030 autoreload File C:\Users\Abhihail Jacob\AppData\Local\Programs\Python\Python311\Lib\site-packages\django\core\checks\model_checks.py first seen with mtime 1768573766.00599
[DEBUG] 2026-01-28 21:11:04,030 autoreload File C:\Users\Abhihail Jacob\AppData\Local\Programs\Python\Python311\Lib\site-packages\django\utils\dateformat.py first seen with mtime 1768573766.3790207
[DEBUG] 2026-01-28 21:11:04,031 autoreload File C:\Users\Abhihail Jacob\AppData\Local\Programs\Python\Python311\Lib\concurrent\futures\thread.py first seen with mtime 1707239442.0
[DEBUG] 2026-01-28 21:11:04,031 autoreload File C:\Users\Abhihail Jacob\AppData\Local\Programs\Python\Python311\Lib\site-packages\django\contrib\admin\checks.py first seen with mtime 1768573761.8982975
[DEBUG] 2026-01-28 21:11:04,031 autoreload File C:\Users\Abhihail Jacob\AppData\Local\Programs\Python\Python311\Lib\site-packages\django\contrib\messages\middleware.py first seen with mtime 1768573764.9346037
[DEBUG] 2026-01-28 21:11:04,031 autoreload File C:\Users\Abhihail Jacob\AppData\Local\Programs\Python\Python311\Lib\asyncio\trsock.py first seen with mtime 1707239442.0
[DEBUG] 2026-01-28 21:11:04,031 autoreload File C:\Users\Abhihail Jacob\AppData\Local\Programs\Python\Python311\Lib\site-packages\rest_framework\apps.py first seen with mtime 1769439193.5794227
[DEBUG] 2026-01-28 21:11:04,031 autoreload File C:\Users\Abhihail Jacob\AppData\Local\Programs\Python\Python311\Lib\pkgutil.py first seen with mtime 1707239442.0
[DEBUG] 2026-01-28 21:11:04,031 autoreload File D:\Python Journey\Python training\python-core\day27\expense_tracker\expenses\urls.py first seen with mtime 1769608932.4935443
[DEBUG] 2026-01-28 21:11:04,032 autoreload File C:\Users\Abhihail Jacob\AppData\Local\Programs\Python\Python311\Lib\dis.py first seen with mtime 1707239442.0
[DEBUG] 2026-01-28 21:11:04,032 autoreload File C:\Users\Abhihail Jacob\AppData\Local\Programs\Python\Python311\Lib\asyncio\timeouts.py first seen with mtime 1707239442.0
[DEBUG] 2026-01-28 21:11:04,032 autoreload File C:\Users\Abhihail Jacob\AppData\Local\Programs\Python\Python311\Lib\site-packages\django\db\migrations\optimizer.py first seen with mtime 1768573766.1558115
[DEBUG] 2026-01-28 21:11:04,032 autoreload File C:\Users\Abhihail Jacob\AppData\Local\Programs\Python\Python311\Lib\site-packages\django\contrib\sessions\backends\base.py first seen with mtime 1768573765.4862201
[DEBUG] 2026-01-28 21:11:04,032 autoreload File C:\Users\Abhihail Jacob\AppData\Local\Programs\Python\Python311\Lib\site-packages\django\utils\cache.py first seen with mtime 1768573766.375011
[DEBUG] 2026-01-28 21:11:04,032 autoreload File C:\Users\Abhihail Jacob\AppData\Local\Programs\Python\Python311\Lib\zoneinfo\__init__.py first seen with mtime 1707239442.0
[DEBUG] 2026-01-28 21:11:04,032 autoreload File C:\Users\Abhihail Jacob\AppData\Local\Programs\Python\Python311\Lib\json\decoder.py first seen with mtime 1707239442.0
[DEBUG] 2026-01-28 21:11:04,034 autoreload File C:\Users\Abhihail Jacob\AppData\Local\Programs\Python\Python311\Lib\asyncio\exceptions.py first seen with mtime 1707239442.0
[DEBUG] 2026-01-28 21:11:04,034 autoreload File C:\Users\Abhihail Jacob\AppData\Local\Programs\Python\Python311\Lib\site-packages\rest_framework\utils\html.py first seen with mtime 1769439193.8994558
[DEBUG] 2026-01-28 21:11:04,034 autoreload File C:\Users\Abhihail Jacob\AppData\Local\Programs\Python\Python311\Lib\site-packages\django\utils\timesince.py first seen with mtime 1768573766.4017043
[DEBUG] 2026-01-28 21:11:04,034 autoreload File C:\Users\Abhihail Jacob\AppData\Local\Programs\Python\Python311\Lib\concurrent\futures\_base.py first seen with mtime 1707239442.0
[DEBUG] 2026-01-28 21:11:04,034 autoreload File C:\Users\Abhihail Jacob\AppData\Local\Programs\Python\Python311\Lib\site-packages\django\contrib\contenttypes\forms.py first seen with mtime 1768573763.6654882
[DEBUG] 2026-01-28 21:11:04,034 autoreload File C:\Users\Abhihail Jacob\AppData\Local\Programs\Python\Python311\Lib\site-packages\django\core\cache\backends\__init__.py first seen with mtime 1768573765.9945116
[DEBUG] 2026-01-28 21:11:04,035 autoreload File C:\Users\Abhihail Jacob\AppData\Local\Programs\Python\Python311\Lib\asyncio\constants.py first seen with mtime 1707239442.0
[DEBUG] 2026-01-28 21:11:04,035 autoreload File C:\Users\Abhihail Jacob\AppData\Local\Programs\Python\Python311\Lib\site-packages\django\db\models\utils.py first seen with mtime 1768573766.1821475
[DEBUG] 2026-01-28 21:11:04,035 autoreload File C:\Users\Abhihail Jacob\AppData\Local\Programs\Python\Python311\Lib\site-packages\django_filters\rest_framework\filters.py first seen with mtime 1769607637.878971
[DEBUG] 2026-01-28 21:11:04,035 autoreload File C:\Users\Abhihail Jacob\AppData\Local\Programs\Python\Python311\Lib\site-packages\django\db\models\constraints.py first seen with mtime 1768573766.1725698
[DEBUG] 2026-01-28 21:11:04,036 autoreload File C:\Users\Abhihail Jacob\AppData\Local\Programs\Python\Python311\Lib\site-packages\django\core\checks\__init__.py first seen with mtime 1768573765.999102
[DEBUG] 2026-01-28 21:11:04,036 autoreload File D:\Python Journey\Python training\python-core\day27\expense_tracker\expenses\apps.py first seen with mtime 1769524990.697551
[DEBUG] 2026-01-28 21:11:04,037 autoreload File C:\Users\Abhihail Jacob\AppData\Local\Programs\Python\Python311\Lib\site-packages\django\template\engine.py first seen with mtime 1768573766.3308792
[DEBUG] 2026-01-28 21:11:04,038 autoreload File C:\Users\Abhihail Jacob\AppData\Local\Programs\Python\Python311\Lib\site-packages\django\core\checks\templates.py first seen with mtime 1768573766.00599
[DEBUG] 2026-01-28 21:11:04,039 autoreload File C:\Users\Abhihail Jacob\AppData\Local\Programs\Python\Python311\Lib\copy.py first seen with mtime 1707239442.0
[DEBUG] 2026-01-28 21:11:04,039 autoreload File C:\Users\Abhihail Jacob\AppData\Local\Programs\Python\Python311\Lib\site-packages\django\db\backends\sqlite3\base.py first seen with mtime 1768573766.1401365
[DEBUG] 2026-01-28 21:11:04,039 autoreload File C:\Users\Abhihail Jacob\AppData\Local\Programs\Python\Python311\Lib\site-packages\django\db\models\fields\reverse_related.py first seen with mtime 1768573766.1930363
[DEBUG] 2026-01-28 21:11:04,041 autoreload File C:\Users\Abhihail Jacob\AppData\Local\Programs\Python\Python311\Lib\email\quoprimime.py first seen with mtime 1707239442.0
[DEBUG] 2026-01-28 21:11:04,041 autoreload File C:\Users\Abhihail Jacob\AppData\Local\Programs\Python\Python311\Lib\traceback.py first seen with mtime 1707239442.0
[DEBUG] 2026-01-28 21:11:04,041 autoreload File C:\Users\Abhihail Jacob\AppData\Local\Programs\Python\Python311\Lib\site-packages\django\contrib\sessions\base_session.py first seen with mtime 1768573765.4805756
[DEBUG] 2026-01-28 21:11:04,041 autoreload File C:\Users\Abhihail Jacob\AppData\Local\Programs\Python\Python311\Lib\wsgiref\headers.py first seen with mtime 1707239442.0
[DEBUG] 2026-01-28 21:11:04,041 autoreload File C:\Users\Abhihail Jacob\AppData\Local\Programs\Python\Python311\Lib\site-packages\sqlparse\filters\right_margin.py first seen with mtime 1768573760.228804
[DEBUG] 2026-01-28 21:11:04,041 autoreload File C:\Users\Abhihail Jacob\AppData\Local\Programs\Python\Python311\Lib\site-packages\django\db\migrations\autodetector.py first seen with mtime 1768573766.1483614
[DEBUG] 2026-01-28 21:11:04,042 autoreload File C:\Users\Abhihail Jacob\AppData\Local\Programs\Python\Python311\DLLs\_zoneinfo.pyd first seen with mtime 1707239490.0
[DEBUG] 2026-01-28 21:11:04,042 autoreload File C:\Users\Abhihail Jacob\AppData\Local\Programs\Python\Python311\Lib\site-packages\django\db\models\functions\text.py first seen with mtime 1768573766.2026236
[DEBUG] 2026-01-28 21:11:04,042 autoreload File C:\Users\Abhihail Jacob\AppData\Local\Programs\Python\Python311\Lib\site-packages\django\core\files\utils.py first seen with mtime 1768573766.0278234
[DEBUG] 2026-01-28 21:11:04,042 autoreload File C:\Users\Abhihail Jacob\AppData\Local\Programs\Python\Python311\Lib\site-packages\django\contrib\sessions\apps.py first seen with mtime 1768573765.4795747
[DEBUG] 2026-01-28 21:11:04,042 autoreload File C:\Users\Abhihail Jacob\AppData\Local\Programs\Python\Python311\Lib\site-packages\django_filters\__init__.py first seen with mtime 1769607637.8037255
[DEBUG] 2026-01-28 21:11:04,042 autoreload File C:\Users\Abhihail Jacob\AppData\Local\Programs\Python\Python311\Lib\re\_compiler.py first seen with mtime 1707239442.0
[DEBUG] 2026-01-28 21:11:04,042 autoreload File C:\Users\Abhihail Jacob\AppData\Local\Programs\Python\Python311\Lib\site-packages\django\template\library.py first seen with mtime 1768573766.3329604
[DEBUG] 2026-01-28 21:11:04,044 autoreload File C:\Users\Abhihail Jacob\AppData\Local\Programs\Python\Python311\Lib\site-packages\django\utils\version.py first seen with mtime 1768573766.4049957
[DEBUG] 2026-01-28 21:11:04,044 autoreload File C:\Users\Abhihail Jacob\AppData\Local\Programs\Python\Python311\Lib\site-packages\django\contrib\admin\templatetags\log.py first seen with mtime 1768573762.9560928
[DEBUG] 2026-01-28 21:11:04,044 autoreload File C:\Users\Abhihail Jacob\AppData\Local\Programs\Python\Python311\Lib\site-packages\django\views\decorators\common.py first seen with mtime 1768573766.4386194
[DEBUG] 2026-01-28 21:11:04,044 autoreload File C:\Users\Abhihail Jacob\AppData\Local\Programs\Python\Python311\Lib\site-packages\django\template\loader_tags.py first seen with mtime 1768573766.3341072
[DEBUG] 2026-01-28 21:11:04,044 autoreload File C:\Users\Abhihail Jacob\AppData\Local\Programs\Python\Python311\Lib\site-packages\django\db\backends\base\validation.py first seen with mtime 1768573766.1028438
[DEBUG] 2026-01-28 21:11:04,044 autoreload File C:\Users\Abhihail Jacob\AppData\Local\Programs\Python\Python311\DLLs\_decimal.pyd first seen with mtime 1707239490.0
[DEBUG] 2026-01-28 21:11:04,044 autoreload File C:\Users\Abhihail Jacob\AppData\Local\Programs\Python\Python311\Lib\site-packages\rest_framework\utils\breadcrumbs.py first seen with mtime 1769439193.8954597
[DEBUG] 2026-01-28 21:11:04,044 autoreload File C:\Users\Abhihail Jacob\AppData\Local\Programs\Python\Python311\Lib\token.py first seen with mtime 1707239442.0
[DEBUG] 2026-01-28 21:11:04,044 autoreload File C:\Users\Abhihail Jacob\AppData\Local\Programs\Python\Python311\Lib\site-packages\sqlparse\lexer.py first seen with mtime 1768573760.211341
[DEBUG] 2026-01-28 21:11:04,044 autoreload File D:\Python Journey\Python training\python-core\day27\expense_tracker\expenses\templates\expenses first seen with mtime 1769612553.397234
[DEBUG] 2026-01-28 21:11:04,044 autoreload File D:\Python Journey\Python training\python-core\day27\expense_tracker\expenses\templates\expenses\edit.html first seen with mtime 1769437887.4540844
[DEBUG] 2026-01-28 21:11:04,044 autoreload File D:\Python Journey\Python training\python-core\day27\expense_tracker\expenses\templates\expenses\expense_list.html first seen with mtime 1769337845.2180746
[DEBUG] 2026-01-28 21:11:04,048 autoreload File D:\Python Journey\Python training\python-core\day27\expense_tracker\expenses\templates\expenses\home.html first seen with mtime 1769437486.0827622
[DEBUG] 2026-01-28 21:11:04,048 autoreload File D:\Python Journey\Python training\python-core\day27\expense_tracker\expenses\templates\expenses\login.html first seen with mtime 1769438029.6642244
[DEBUG] 2026-01-28 21:11:04,048 autoreload File D:\Python Journey\Python training\python-core\day27\expense_tracker\expenses\templates\expenses\signup.html first seen with mtime 1769438283.1814852
[DEBUG] 2026-01-28 21:11:04,048 autoreload File C:\Users\Abhihail Jacob\AppData\Local\Programs\Python\Python311\Lib\site-packages\rest_framework\templates\rest_framework first seen with mtime 1769439193.8770278
[DEBUG] 2026-01-28 21:11:04,049 autoreload File C:\Users\Abhihail Jacob\AppData\Local\Programs\Python\Python311\Lib\site-packages\rest_framework\templates\rest_framework\admin first seen with mtime 1769439193.824252
[DEBUG] 2026-01-28 21:11:04,049 autoreload File C:\Users\Abhihail Jacob\AppData\Local\Programs\Python\Python311\Lib\site-packages\rest_framework\templates\rest_framework\admin.html first seen with mtime 1769439193.812823
[DEBUG] 2026-01-28 21:11:04,049 autoreload File C:\Users\Abhihail Jacob\AppData\Local\Programs\Python\Python311\Lib\site-packages\rest_framework\templates\rest_framework\api.html first seen with mtime 1769439193.8162434
[DEBUG] 2026-01-28 21:11:04,050 autoreload File C:\Users\Abhihail Jacob\AppData\Local\Programs\Python\Python311\Lib\site-packages\rest_framework\templates\rest_framework\base.html first seen with mtime 1769439193.8162434
[DEBUG] 2026-01-28 21:11:04,050 autoreload File C:\Users\Abhihail Jacob\AppData\Local\Programs\Python\Python311\Lib\site-packages\rest_framework\templates\rest_framework\docs first seen with mtime 1769439193.8378696
[DEBUG] 2026-01-28 21:11:04,050 autoreload File C:\Users\Abhihail Jacob\AppData\Local\Programs\Python\Python311\Lib\site-packages\rest_framework\templates\rest_framework\filters first seen with mtime 1769439193.8481915
[DEBUG] 2026-01-28 21:11:04,050 autoreload File C:\Users\Abhihail Jacob\AppData\Local\Programs\Python\Python311\Lib\site-packages\rest_framework\templates\rest_framework\horizontal first seen with mtime 1769439193.8609622
[DEBUG] 2026-01-28 21:11:04,050 autoreload File C:\Users\Abhihail Jacob\AppData\Local\Programs\Python\Python311\Lib\site-packages\rest_framework\templates\rest_framework\inline first seen with mtime 1769439193.874777
[DEBUG] 2026-01-28 21:11:04,050 autoreload File C:\Users\Abhihail Jacob\AppData\Local\Programs\Python\Python311\Lib\site-packages\rest_framework\templates\rest_framework\login.html first seen with mtime 1769439193.8187287
[DEBUG] 2026-01-28 21:11:04,052 autoreload File C:\Users\Abhihail Jacob\AppData\Local\Programs\Python\Python311\Lib\site-packages\rest_framework\templates\rest_framework\login_base.html first seen with mtime 1769439193.8187287
[DEBUG] 2026-01-28 21:11:04,053 autoreload File C:\Users\Abhihail Jacob\AppData\Local\Programs\Python\Python311\Lib\site-packages\rest_framework\templates\rest_framework\pagination first seen with mtime 1769439193.8770278
[DEBUG] 2026-01-28 21:11:04,053 autoreload File C:\Users\Abhihail Jacob\AppData\Local\Programs\Python\Python311\Lib\site-packages\rest_framework\templates\rest_framework\raw_data_form.html first seen with mtime 1769439193.820573
[DEBUG] 2026-01-28 21:11:04,053 autoreload File C:\Users\Abhihail Jacob\AppData\Local\Programs\Python\Python311\Lib\site-packages\rest_framework\templates\rest_framework\schema.js first seen with mtime 1769439193.8217216
[DEBUG] 2026-01-28 21:11:04,053 autoreload File C:\Users\Abhihail Jacob\AppData\Local\Programs\Python\Python311\Lib\site-packages\rest_framework\templates\rest_framework\vertical first seen with mtime 1769439193.888513
[DEBUG] 2026-01-28 21:11:04,054 autoreload File C:\Users\Abhihail Jacob\AppData\Local\Programs\Python\Python311\Lib\site-packages\rest_framework\templates\rest_framework\admin\detail.html first seen with mtime 1769439193.8227863
[DEBUG] 2026-01-28 21:11:04,055 autoreload File C:\Users\Abhihail Jacob\AppData\Local\Programs\Python\Python311\Lib\site-packages\rest_framework\templates\rest_framework\admin\dict_value.html first seen with mtime 1769439193.824252
[DEBUG] 2026-01-28 21:11:04,055 autoreload File C:\Users\Abhihail Jacob\AppData\Local\Programs\Python\Python311\Lib\site-packages\rest_framework\templates\rest_framework\admin\list.html first seen with mtime 1769439193.824252
[DEBUG] 2026-01-28 21:11:04,055 autoreload File C:\Users\Abhihail Jacob\AppData\Local\Programs\Python\Python311\Lib\site-packages\rest_framework\templates\rest_framework\admin\list_value.html first seen with mtime 1769439193.824252
[DEBUG] 2026-01-28 21:11:04,057 autoreload File C:\Users\Abhihail Jacob\AppData\Local\Programs\Python\Python311\Lib\site-packages\rest_framework\templates\rest_framework\admin\simple_list_value.html first seen with mtime 1769439193.824252
[DEBUG] 2026-01-28 21:11:04,058 autoreload File C:\Users\Abhihail Jacob\AppData\Local\Programs\Python\Python311\Lib\site-packages\rest_framework\templates\rest_framework\docs\auth first seen with mtime 1769439193.8368256
[DEBUG] 2026-01-28 21:11:04,058 autoreload File C:\Users\Abhihail Jacob\AppData\Local\Programs\Python\Python311\Lib\site-packages\rest_framework\templates\rest_framework\docs\document.html first seen with mtime 1769439193.8286498
[DEBUG] 2026-01-28 21:11:04,058 autoreload File C:\Users\Abhihail Jacob\AppData\Local\Programs\Python\Python311\Lib\site-packages\rest_framework\templates\rest_framework\docs\error.html first seen with mtime 1769439193.830053
[DEBUG] 2026-01-28 21:11:04,059 autoreload File C:\Users\Abhihail Jacob\AppData\Local\Programs\Python\Python311\Lib\site-packages\rest_framework\templates\rest_framework\docs\index.html first seen with mtime 1769439193.8312907
[DEBUG] 2026-01-28 21:11:04,059 autoreload File C:\Users\Abhihail Jacob\AppData\Local\Programs\Python\Python311\Lib\site-packages\rest_framework\templates\rest_framework\docs\interact.html first seen with mtime 1769439193.832384
[DEBUG] 2026-01-28 21:11:04,059 autoreload File C:\Users\Abhihail Jacob\AppData\Local\Programs\Python\Python311\Lib\site-packages\rest_framework\templates\rest_framework\docs\langs first seen with mtime 1769439193.8435483
[DEBUG] 2026-01-28 21:11:04,059 autoreload File C:\Users\Abhihail Jacob\AppData\Local\Programs\Python\Python311\Lib\site-packages\rest_framework\templates\rest_framework\docs\link.html first seen with mtime 1769439193.8336465
[DEBUG] 2026-01-28 21:11:04,059 autoreload File C:\Users\Abhihail Jacob\AppData\Local\Programs\Python\Python311\Lib\site-packages\rest_framework\templates\rest_framework\docs\sidebar.html first seen with mtime 1769439193.8336465
[DEBUG] 2026-01-28 21:11:04,060 autoreload File C:\Users\Abhihail Jacob\AppData\Local\Programs\Python\Python311\Lib\site-packages\rest_framework\templates\rest_framework\docs\auth\basic.html first seen with mtime 1769439193.8356888
[DEBUG] 2026-01-28 21:11:04,060 autoreload File C:\Users\Abhihail Jacob\AppData\Local\Programs\Python\Python311\Lib\site-packages\rest_framework\templates\rest_framework\docs\auth\session.html first seen with mtime 1769439193.8368256
[DEBUG] 2026-01-28 21:11:04,061 autoreload File C:\Users\Abhihail Jacob\AppData\Local\Programs\Python\Python311\Lib\site-packages\rest_framework\templates\rest_framework\docs\auth\token.html first seen with mtime 1769439193.8368256
[DEBUG] 2026-01-28 21:11:04,061 autoreload File C:\Users\Abhihail Jacob\AppData\Local\Programs\Python\Python311\Lib\site-packages\rest_framework\templates\rest_framework\docs\langs\javascript-intro.html first seen with mtime 1769439193.83889
[DEBUG] 2026-01-28 21:11:04,061 autoreload File C:\Users\Abhihail Jacob\AppData\Local\Programs\Python\Python311\Lib\site-packages\rest_framework\templates\rest_framework\docs\langs\javascript.html first seen with mtime 1769439193.840066
[DEBUG] 2026-01-28 21:11:04,062 autoreload File C:\Users\Abhihail Jacob\AppData\Local\Programs\Python\Python311\Lib\site-packages\rest_framework\templates\rest_framework\docs\langs\python-intro.html first seen with mtime 1769439193.841135
[DEBUG] 2026-01-28 21:11:04,063 autoreload File C:\Users\Abhihail Jacob\AppData\Local\Programs\Python\Python311\Lib\site-packages\rest_framework\templates\rest_framework\docs\langs\python.html first seen with mtime 1769439193.8421376
[DEBUG] 2026-01-28 21:11:04,063 autoreload File C:\Users\Abhihail Jacob\AppData\Local\Programs\Python\Python311\Lib\site-packages\rest_framework\templates\rest_framework\docs\langs\shell-intro.html first seen with mtime 1769439193.8421376
[DEBUG] 2026-01-28 21:11:04,063 autoreload File C:\Users\Abhihail Jacob\AppData\Local\Programs\Python\Python311\Lib\site-packages\rest_framework\templates\rest_framework\docs\langs\shell.html first seen with mtime 1769439193.8435483
[DEBUG] 2026-01-28 21:11:04,063 autoreload File C:\Users\Abhihail Jacob\AppData\Local\Programs\Python\Python311\Lib\site-packages\rest_framework\templates\rest_framework\filters\base.html first seen with mtime 1769439193.8445592
[DEBUG] 2026-01-28 21:11:04,063 autoreload File C:\Users\Abhihail Jacob\AppData\Local\Programs\Python\Python311\Lib\site-packages\rest_framework\templates\rest_framework\filters\ordering.html first seen with mtime 1769439193.8445592
[DEBUG] 2026-01-28 21:11:04,063 autoreload File C:\Users\Abhihail Jacob\AppData\Local\Programs\Python\Python311\Lib\site-packages\rest_framework\templates\rest_framework\filters\search.html first seen with mtime 1769439193.8481915
[DEBUG] 2026-01-28 21:11:04,065 autoreload File C:\Users\Abhihail Jacob\AppData\Local\Programs\Python\Python311\Lib\site-packages\rest_framework\templates\rest_framework\horizontal\checkbox.html first seen with mtime 1769439193.8481915
[DEBUG] 2026-01-28 21:11:04,065 autoreload File C:\Users\Abhihail Jacob\AppData\Local\Programs\Python\Python311\Lib\site-packages\rest_framework\templates\rest_framework\horizontal\checkbox_multiple.html first seen with mtime 1769439193.8510041
[DEBUG] 2026-01-28 21:11:04,065 autoreload File C:\Users\Abhihail Jacob\AppData\Local\Programs\Python\Python311\Lib\site-packages\rest_framework\templates\rest_framework\horizontal\dict_field.html first seen with mtime 1769439193.8510041
[DEBUG] 2026-01-28 21:11:04,065 autoreload File C:\Users\Abhihail Jacob\AppData\Local\Programs\Python\Python311\Lib\site-packages\rest_framework\templates\rest_framework\horizontal\fieldset.html first seen with mtime 1769439193.8534214
[DEBUG] 2026-01-28 21:11:04,065 autoreload File C:\Users\Abhihail Jacob\AppData\Local\Programs\Python\Python311\Lib\site-packages\rest_framework\templates\rest_framework\horizontal\form.html first seen with mtime 1769439193.8534214
[DEBUG] 2026-01-28 21:11:04,065 autoreload File C:\Users\Abhihail Jacob\AppData\Local\Programs\Python\Python311\Lib\site-packages\rest_framework\templates\rest_framework\horizontal\input.html first seen with mtime 1769439193.8553913
[DEBUG] 2026-01-28 21:11:04,065 autoreload File C:\Users\Abhihail Jacob\AppData\Local\Programs\Python\Python311\Lib\site-packages\rest_framework\templates\rest_framework\horizontal\list_field.html first seen with mtime 1769439193.8569417
[DEBUG] 2026-01-28 21:11:04,065 autoreload File C:\Users\Abhihail Jacob\AppData\Local\Programs\Python\Python311\Lib\site-packages\rest_framework\templates\rest_framework\horizontal\list_fieldset.html first seen with mtime 1769439193.8569417
[DEBUG] 2026-01-28 21:11:04,068 autoreload File C:\Users\Abhihail Jacob\AppData\Local\Programs\Python\Python311\Lib\site-packages\rest_framework\templates\rest_framework\horizontal\radio.html first seen with mtime 1769439193.8582072
[DEBUG] 2026-01-28 21:11:04,068 autoreload File C:\Users\Abhihail Jacob\AppData\Local\Programs\Python\Python311\Lib\site-packages\rest_framework\templates\rest_framework\horizontal\select.html first seen with mtime 1769439193.8609622
[DEBUG] 2026-01-28 21:11:04,068 autoreload File C:\Users\Abhihail Jacob\AppData\Local\Programs\Python\Python311\Lib\site-packages\rest_framework\templates\rest_framework\horizontal\select_multiple.html first seen with mtime 1769439193.8609622
[DEBUG] 2026-01-28 21:11:04,068 autoreload File C:\Users\Abhihail Jacob\AppData\Local\Programs\Python\Python311\Lib\site-packages\rest_framework\templates\rest_framework\horizontal\textarea.html first seen with mtime 1769439193.8609622
[DEBUG] 2026-01-28 21:11:04,069 autoreload File C:\Users\Abhihail Jacob\AppData\Local\Programs\Python\Python311\Lib\site-packages\rest_framework\templates\rest_framework\inline\checkbox.html first seen with mtime 1769439193.863937
[DEBUG] 2026-01-28 21:11:04,069 autoreload File C:\Users\Abhihail Jacob\AppData\Local\Programs\Python\Python311\Lib\site-packages\rest_framework\templates\rest_framework\inline\checkbox_multiple.html first seen with mtime 1769439193.8649726
[DEBUG] 2026-01-28 21:11:04,070 autoreload File C:\Users\Abhihail Jacob\AppData\Local\Programs\Python\Python311\Lib\site-packages\rest_framework\templates\rest_framework\inline\dict_field.html first seen with mtime 1769439193.86644
[DEBUG] 2026-01-28 21:11:04,070 autoreload File C:\Users\Abhihail Jacob\AppData\Local\Programs\Python\Python311\Lib\site-packages\rest_framework\templates\rest_framework\inline\fieldset.html first seen with mtime 1769439193.86644
[DEBUG] 2026-01-28 21:11:04,071 autoreload File C:\Users\Abhihail Jacob\AppData\Local\Programs\Python\Python311\Lib\site-packages\rest_framework\templates\rest_framework\inline\form.html first seen with mtime 1769439193.86644
[DEBUG] 2026-01-28 21:11:04,072 autoreload File C:\Users\Abhihail Jacob\AppData\Local\Programs\Python\Python311\Lib\site-packages\rest_framework\templates\rest_framework\inline\input.html first seen with mtime 1769439193.86644
[DEBUG] 2026-01-28 21:11:04,072 autoreload File C:\Users\Abhihail Jacob\AppData\Local\Programs\Python\Python311\Lib\site-packages\rest_framework\templates\rest_framework\inline\list_field.html first seen with mtime 1769439193.871094
[DEBUG] 2026-01-28 21:11:04,072 autoreload File C:\Users\Abhihail Jacob\AppData\Local\Programs\Python\Python311\Lib\site-packages\rest_framework\templates\rest_framework\inline\list_fieldset.html first seen with mtime 1769439193.871094
[DEBUG] 2026-01-28 21:11:04,072 autoreload File C:\Users\Abhihail Jacob\AppData\Local\Programs\Python\Python311\Lib\site-packages\rest_framework\templates\rest_framework\inline\radio.html first seen with mtime 1769439193.8722947
[DEBUG] 2026-01-28 21:11:04,072 autoreload File C:\Users\Abhihail Jacob\AppData\Local\Programs\Python\Python311\Lib\site-packages\rest_framework\templates\rest_framework\inline\select.html first seen with mtime 1769439193.8733554
[DEBUG] 2026-01-28 21:11:04,075 autoreload File C:\Users\Abhihail Jacob\AppData\Local\Programs\Python\Python311\Lib\site-packages\rest_framework\templates\rest_framework\inline\select_multiple.html first seen with mtime 1769439193.874777
[DEBUG] 2026-01-28 21:11:04,075 autoreload File C:\Users\Abhihail Jacob\AppData\Local\Programs\Python\Python311\Lib\site-packages\rest_framework\templates\rest_framework\inline\textarea.html first seen with mtime 1769439193.874777
[DEBUG] 2026-01-28 21:11:04,075 autoreload File C:\Users\Abhihail Jacob\AppData\Local\Programs\Python\Python311\Lib\site-packages\rest_framework\templates\rest_framework\pagination\numbers.html first seen with mtime 1769439193.8770278
[DEBUG] 2026-01-28 21:11:04,075 autoreload File C:\Users\Abhihail Jacob\AppData\Local\Programs\Python\Python311\Lib\site-packages\rest_framework\templates\rest_framework\pagination\previous_and_next.html first seen with mtime 1769439193.8770278
[DEBUG] 2026-01-28 21:11:04,075 autoreload File C:\Users\Abhihail Jacob\AppData\Local\Programs\Python\Python311\Lib\site-packages\rest_framework\templates\rest_framework\vertical\checkbox.html first seen with mtime 1769439193.8770278
[DEBUG] 2026-01-28 21:11:04,075 autoreload File C:\Users\Abhihail Jacob\AppData\Local\Programs\Python\Python311\Lib\site-packages\rest_framework\templates\rest_framework\vertical\checkbox_multiple.html first seen with mtime 1769439193.8770278
[DEBUG] 2026-01-28 21:11:04,075 autoreload File C:\Users\Abhihail Jacob\AppData\Local\Programs\Python\Python311\Lib\site-packages\rest_framework\templates\rest_framework\vertical\dict_field.html first seen with mtime 1769439193.8770278
[DEBUG] 2026-01-28 21:11:04,078 autoreload File C:\Users\Abhihail Jacob\AppData\Local\Programs\Python\Python311\Lib\site-packages\rest_framework\templates\rest_framework\vertical\fieldset.html first seen with mtime 1769439193.8770278
[DEBUG] 2026-01-28 21:11:04,078 autoreload File C:\Users\Abhihail Jacob\AppData\Local\Programs\Python\Python311\Lib\site-packages\rest_framework\templates\rest_framework\vertical\form.html first seen with mtime 1769439193.8770278
[DEBUG] 2026-01-28 21:11:04,078 autoreload File C:\Users\Abhihail Jacob\AppData\Local\Programs\Python\Python311\Lib\site-packages\rest_framework\templates\rest_framework\vertical\input.html first seen with mtime 1769439193.8770278
[DEBUG] 2026-01-28 21:11:04,078 autoreload File C:\Users\Abhihail Jacob\AppData\Local\Programs\Python\Python311\Lib\site-packages\rest_framework\templates\rest_framework\vertical\list_field.html first seen with mtime 1769439193.8770278
[DEBUG] 2026-01-28 21:11:04,078 autoreload File C:\Users\Abhihail Jacob\AppData\Local\Programs\Python\Python311\Lib\site-packages\rest_framework\templates\rest_framework\vertical\list_fieldset.html first seen with mtime 1769439193.8866055
[DEBUG] 2026-01-28 21:11:04,079 autoreload File C:\Users\Abhihail Jacob\AppData\Local\Programs\Python\Python311\Lib\site-packages\rest_framework\templates\rest_framework\vertical\radio.html first seen with mtime 1769439193.8866055
[DEBUG] 2026-01-28 21:11:04,079 autoreload File C:\Users\Abhihail Jacob\AppData\Local\Programs\Python\Python311\Lib\site-packages\rest_framework\templates\rest_framework\vertical\select.html first seen with mtime 1769439193.888513
[DEBUG] 2026-01-28 21:11:04,079 autoreload File C:\Users\Abhihail Jacob\AppData\Local\Programs\Python\Python311\Lib\site-packages\rest_framework\templates\rest_framework\vertical\select_multiple.html first seen with mtime 1769439193.888513
[DEBUG] 2026-01-28 21:11:04,079 autoreload File C:\Users\Abhihail Jacob\AppData\Local\Programs\Python\Python311\Lib\site-packages\rest_framework\templates\rest_framework\vertical\textarea.html first seen with mtime 1769439193.888513
[DEBUG] 2026-01-28 21:11:04,080 autoreload File C:\Users\Abhihail Jacob\AppData\Local\Programs\Python\Python311\Lib\site-packages\django_filters\templates\django_filters first seen with mtime 1769607637.8834226
[DEBUG] 2026-01-28 21:11:04,080 autoreload File C:\Users\Abhihail Jacob\AppData\Local\Programs\Python\Python311\Lib\site-packages\django_filters\templates\django_filters\rest_framework first seen with mtime 1769607637.8834226
[DEBUG] 2026-01-28 21:11:04,080 autoreload File C:\Users\Abhihail Jacob\AppData\Local\Programs\Python\Python311\Lib\site-packages\django_filters\templates\django_filters\widgets first seen with mtime 1769607637.8834226
[DEBUG] 2026-01-28 21:11:04,082 autoreload File C:\Users\Abhihail Jacob\AppData\Local\Programs\Python\Python311\Lib\site-packages\django_filters\templates\django_filters\rest_framework\crispy_form.html first seen with mtime 1769607637.8820882
[DEBUG] 2026-01-28 21:11:04,082 autoreload File C:\Users\Abhihail Jacob\AppData\Local\Programs\Python\Python311\Lib\site-packages\django_filters\templates\django_filters\rest_framework\form.html first seen with mtime 1769607637.8834226
[DEBUG] 2026-01-28 21:11:04,082 autoreload File C:\Users\Abhihail Jacob\AppData\Local\Programs\Python\Python311\Lib\site-packages\django_filters\templates\django_filters\widgets\multiwidget.html first seen with mtime 1769607637.8834226
[DEBUG] 2026-01-28 21:11:04,083 autoreload File C:\Users\Abhihail Jacob\AppData\Local\Programs\Python\Python311\Lib\site-packages\rest_framework\locale\ach\LC_MESSAGES\django.mo first seen with mtime 1769439193.6371553
[DEBUG] 2026-01-28 21:11:04,083 autoreload File C:\Users\Abhihail Jacob\AppData\Local\Programs\Python\Python311\Lib\site-packages\rest_framework\locale\ar\LC_MESSAGES\django.mo first seen with mtime 1769439193.6392624
[DEBUG] 2026-01-28 21:11:04,083 autoreload File C:\Users\Abhihail Jacob\AppData\Local\Programs\Python\Python311\Lib\site-packages\rest_framework\locale\az\LC_MESSAGES\django.mo first seen with mtime 1769439193.641633
[DEBUG] 2026-01-28 21:11:04,083 autoreload File C:\Users\Abhihail Jacob\AppData\Local\Programs\Python\Python311\Lib\site-packages\rest_framework\locale\be\LC_MESSAGES\django.mo first seen with mtime 1769439193.643363
[DEBUG] 2026-01-28 21:11:04,087 autoreload File C:\Users\Abhihail Jacob\AppData\Local\Programs\Python\Python311\Lib\site-packages\rest_framework\locale\bg\LC_MESSAGES\django.mo first seen with mtime 1769439193.6454744
[DEBUG] 2026-01-28 21:11:04,087 autoreload File C:\Users\Abhihail Jacob\AppData\Local\Programs\Python\Python311\Lib\site-packages\rest_framework\locale\ca\LC_MESSAGES\django.mo first seen with mtime 1769439193.6454744
[DEBUG] 2026-01-28 21:11:04,088 autoreload File C:\Users\Abhihail Jacob\AppData\Local\Programs\Python\Python311\Lib\site-packages\rest_framework\locale\ca_ES\LC_MESSAGES\django.mo first seen with mtime 1769439193.6473575
[DEBUG] 2026-01-28 21:11:04,089 autoreload File C:\Users\Abhihail Jacob\AppData\Local\Programs\Python\Python311\Lib\site-packages\rest_framework\locale\cs\LC_MESSAGES\django.mo first seen with mtime 1769439193.6500232
[DEBUG] 2026-01-28 21:11:04,091 autoreload File C:\Users\Abhihail Jacob\AppData\Local\Programs\Python\Python311\Lib\site-packages\rest_framework\locale\da\LC_MESSAGES\django.mo first seen with mtime 1769439193.6525085
[DEBUG] 2026-01-28 21:11:04,091 autoreload File C:\Users\Abhihail Jacob\AppData\Local\Programs\Python\Python311\Lib\site-packages\rest_framework\locale\de\LC_MESSAGES\django.mo first seen with mtime 1769439193.6540146
[DEBUG] 2026-01-28 21:11:04,092 autoreload File C:\Users\Abhihail Jacob\AppData\Local\Programs\Python\Python311\Lib\site-packages\rest_framework\locale\el\LC_MESSAGES\django.mo first seen with mtime 1769439193.6540146
[DEBUG] 2026-01-28 21:11:04,093 autoreload File C:\Users\Abhihail Jacob\AppData\Local\Programs\Python\Python311\Lib\site-packages\rest_framework\locale\el_GR\LC_MESSAGES\django.mo first seen with mtime 1769439193.6594954
[DEBUG] 2026-01-28 21:11:04,093 autoreload File C:\Users\Abhihail Jacob\AppData\Local\Programs\Python\Python311\Lib\site-packages\rest_framework\locale\en\LC_MESSAGES\django.mo first seen with mtime 1769439193.6612403
[DEBUG] 2026-01-28 21:11:04,095 autoreload File C:\Users\Abhihail Jacob\AppData\Local\Programs\Python\Python311\Lib\site-packages\rest_framework\locale\en_AU\LC_MESSAGES\django.mo first seen with mtime 1769439193.6612403
[DEBUG] 2026-01-28 21:11:04,095 autoreload File C:\Users\Abhihail Jacob\AppData\Local\Programs\Python\Python311\Lib\site-packages\rest_framework\locale\en_CA\LC_MESSAGES\django.mo first seen with mtime 1769439193.6632457
[DEBUG] 2026-01-28 21:11:04,095 autoreload File C:\Users\Abhihail Jacob\AppData\Local\Programs\Python\Python311\Lib\site-packages\rest_framework\locale\en_US\LC_MESSAGES\django.mo first seen with mtime 1769439193.6652522
[DEBUG] 2026-01-28 21:11:04,096 autoreload File C:\Users\Abhihail Jacob\AppData\Local\Programs\Python\Python311\Lib\site-packages\rest_framework\locale\es\LC_MESSAGES\django.mo first seen with mtime 1769439193.667258
[DEBUG] 2026-01-28 21:11:04,097 autoreload File C:\Users\Abhihail Jacob\AppData\Local\Programs\Python\Python311\Lib\site-packages\rest_framework\locale\et\LC_MESSAGES\django.mo first seen with mtime 1769439193.667258
[DEBUG] 2026-01-28 21:11:04,097 autoreload File C:\Users\Abhihail Jacob\AppData\Local\Programs\Python\Python311\Lib\site-packages\rest_framework\locale\fa\LC_MESSAGES\django.mo first seen with mtime 1769439193.6710777
[DEBUG] 2026-01-28 21:11:04,098 autoreload File C:\Users\Abhihail Jacob\AppData\Local\Programs\Python\Python311\Lib\site-packages\rest_framework\locale\fa_IR\LC_MESSAGES\django.mo first seen with mtime 1769439193.6722727
[DEBUG] 2026-01-28 21:11:04,099 autoreload File C:\Users\Abhihail Jacob\AppData\Local\Programs\Python\Python311\Lib\site-packages\rest_framework\locale\fi\LC_MESSAGES\django.mo first seen with mtime 1769439193.6746993
[DEBUG] 2026-01-28 21:11:04,099 autoreload File C:\Users\Abhihail Jacob\AppData\Local\Programs\Python\Python311\Lib\site-packages\rest_framework\locale\fr\LC_MESSAGES\django.mo first seen with mtime 1769439193.6766436
[DEBUG] 2026-01-28 21:11:04,101 autoreload File C:\Users\Abhihail Jacob\AppData\Local\Programs\Python\Python311\Lib\site-packages\rest_framework\locale\fr_CA\LC_MESSAGES\django.mo first seen with mtime 1769439193.6789992
[DEBUG] 2026-01-28 21:11:04,101 autoreload File C:\Users\Abhihail Jacob\AppData\Local\Programs\Python\Python311\Lib\site-packages\rest_framework\locale\gl\LC_MESSAGES\django.mo first seen with mtime 1769439193.6789992
[DEBUG] 2026-01-28 21:11:04,102 autoreload File C:\Users\Abhihail Jacob\AppData\Local\Programs\Python\Python311\Lib\site-packages\rest_framework\locale\gl_ES\LC_MESSAGES\django.mo first seen with mtime 1769439193.6789992
[DEBUG] 2026-01-28 21:11:04,103 autoreload File C:\Users\Abhihail Jacob\AppData\Local\Programs\Python\Python311\Lib\site-packages\rest_framework\locale\he_IL\LC_MESSAGES\django.mo first seen with mtime 1769439193.6789992
[DEBUG] 2026-01-28 21:11:04,103 autoreload File C:\Users\Abhihail Jacob\AppData\Local\Programs\Python\Python311\Lib\site-packages\rest_framework\locale\hu\LC_MESSAGES\django.mo first seen with mtime 1769439193.687057
[DEBUG] 2026-01-28 21:11:04,105 autoreload File C:\Users\Abhihail Jacob\AppData\Local\Programs\Python\Python311\Lib\site-packages\rest_framework\locale\hy\LC_MESSAGES\django.mo first seen with mtime 1769439193.6881237
[DEBUG] 2026-01-28 21:11:04,106 autoreload File C:\Users\Abhihail Jacob\AppData\Local\Programs\Python\Python311\Lib\site-packages\rest_framework\locale\id\LC_MESSAGES\django.mo first seen with mtime 1769439193.6881237
[DEBUG] 2026-01-28 21:11:04,107 autoreload File C:\Users\Abhihail Jacob\AppData\Local\Programs\Python\Python311\Lib\site-packages\rest_framework\locale\it\LC_MESSAGES\django.mo first seen with mtime 1769439193.6909533
[DEBUG] 2026-01-28 21:11:04,107 autoreload File C:\Users\Abhihail Jacob\AppData\Local\Programs\Python\Python311\Lib\site-packages\rest_framework\locale\ja\LC_MESSAGES\django.mo first seen with mtime 1769439193.6926985
[DEBUG] 2026-01-28 21:11:04,108 autoreload File C:\Users\Abhihail Jacob\AppData\Local\Programs\Python\Python311\Lib\site-packages\rest_framework\locale\kk\LC_MESSAGES\django.mo first seen with mtime 1769439193.6926985
[DEBUG] 2026-01-28 21:11:04,108 autoreload File C:\Users\Abhihail Jacob\AppData\Local\Programs\Python\Python311\Lib\site-packages\rest_framework\locale\ko_KR\LC_MESSAGES\django.mo first seen with mtime 1769439193.6926985
[DEBUG] 2026-01-28 21:11:04,110 autoreload File C:\Users\Abhihail Jacob\AppData\Local\Programs\Python\Python311\Lib\site-packages\rest_framework\locale\lt\LC_MESSAGES\django.mo first seen with mtime 1769439193.6926985
[DEBUG] 2026-01-28 21:11:04,110 autoreload File C:\Users\Abhihail Jacob\AppData\Local\Programs\Python\Python311\Lib\site-packages\rest_framework\locale\lv\LC_MESSAGES\django.mo first seen with mtime 1769439193.700537
[DEBUG] 2026-01-28 21:11:04,111 autoreload File C:\Users\Abhihail Jacob\AppData\Local\Programs\Python\Python311\Lib\site-packages\rest_framework\locale\mk\LC_MESSAGES\django.mo first seen with mtime 1769439193.7023144
[DEBUG] 2026-01-28 21:11:04,113 autoreload File C:\Users\Abhihail Jacob\AppData\Local\Programs\Python\Python311\Lib\site-packages\rest_framework\locale\nb\LC_MESSAGES\django.mo first seen with mtime 1769439193.7055724
[DEBUG] 2026-01-28 21:11:04,114 autoreload File C:\Users\Abhihail Jacob\AppData\Local\Programs\Python\Python311\Lib\site-packages\rest_framework\locale\ne_NP\LC_MESSAGES\django.mo first seen with mtime 1769439193.706812
[DEBUG] 2026-01-28 21:11:04,115 autoreload File C:\Users\Abhihail Jacob\AppData\Local\Programs\Python\Python311\Lib\site-packages\rest_framework\locale\nl\LC_MESSAGES\django.mo first seen with mtime 1769439193.709217
[DEBUG] 2026-01-28 21:11:04,116 autoreload File C:\Users\Abhihail Jacob\AppData\Local\Programs\Python\Python311\Lib\site-packages\rest_framework\locale\nn\LC_MESSAGES\django.mo first seen with mtime 1769439193.7102232
[DEBUG] 2026-01-28 21:11:04,117 autoreload File C:\Users\Abhihail Jacob\AppData\Local\Programs\Python\Python311\Lib\site-packages\rest_framework\locale\no\LC_MESSAGES\django.mo first seen with mtime 1769439193.7124367
[DEBUG] 2026-01-28 21:11:04,118 autoreload File C:\Users\Abhihail Jacob\AppData\Local\Programs\Python\Python311\Lib\site-packages\rest_framework\locale\pl\LC_MESSAGES\django.mo first seen with mtime 1769439193.7134497
[DEBUG] 2026-01-28 21:11:04,118 autoreload File C:\Users\Abhihail Jacob\AppData\Local\Programs\Python\Python311\Lib\site-packages\rest_framework\locale\pt\LC_MESSAGES\django.mo first seen with mtime 1769439193.7148972
[DEBUG] 2026-01-28 21:11:04,120 autoreload File C:\Users\Abhihail Jacob\AppData\Local\Programs\Python\Python311\Lib\site-packages\rest_framework\locale\pt_BR\LC_MESSAGES\django.mo first seen with mtime 1769439193.717323
[DEBUG] 2026-01-28 21:11:04,122 autoreload File C:\Users\Abhihail Jacob\AppData\Local\Programs\Python\Python311\Lib\site-packages\rest_framework\locale\pt_PT\LC_MESSAGES\django.mo first seen with mtime 1769439193.7187982
[DEBUG] 2026-01-28 21:11:04,123 autoreload File C:\Users\Abhihail Jacob\AppData\Local\Programs\Python\Python311\Lib\site-packages\rest_framework\locale\ro\LC_MESSAGES\django.mo first seen with mtime 1769439193.7203057
[DEBUG] 2026-01-28 21:11:04,124 autoreload File C:\Users\Abhihail Jacob\AppData\Local\Programs\Python\Python311\Lib\site-packages\rest_framework\locale\ru\LC_MESSAGES\django.mo first seen with mtime 1769439193.7225177
[DEBUG] 2026-01-28 21:11:04,124 autoreload File C:\Users\Abhihail Jacob\AppData\Local\Programs\Python\Python311\Lib\site-packages\rest_framework\locale\ru_RU\LC_MESSAGES\django.mo first seen with mtime 1769439193.7239335
[DEBUG] 2026-01-28 21:11:04,125 autoreload File C:\Users\Abhihail Jacob\AppData\Local\Programs\Python\Python311\Lib\site-packages\rest_framework\locale\sk\LC_MESSAGES\django.mo first seen with mtime 1769439193.7264798
[DEBUG] 2026-01-28 21:11:04,127 autoreload File C:\Users\Abhihail Jacob\AppData\Local\Programs\Python\Python311\Lib\site-packages\rest_framework\locale\sl\LC_MESSAGES\django.mo first seen with mtime 1769439193.728762
[DEBUG] 2026-01-28 21:11:04,127 autoreload File C:\Users\Abhihail Jacob\AppData\Local\Programs\Python\Python311\Lib\site-packages\rest_framework\locale\sv\LC_MESSAGES\django.mo first seen with mtime 1769439193.729781
[DEBUG] 2026-01-28 21:11:04,128 autoreload File C:\Users\Abhihail Jacob\AppData\Local\Programs\Python\Python311\Lib\site-packages\rest_framework\locale\th\LC_MESSAGES\django.mo first seen with mtime 1769439193.7321048
[DEBUG] 2026-01-28 21:11:04,128 autoreload File C:\Users\Abhihail Jacob\AppData\Local\Programs\Python\Python311\Lib\site-packages\rest_framework\locale\tr\LC_MESSAGES\django.mo first seen with mtime 1769439193.7332234
[DEBUG] 2026-01-28 21:11:04,128 autoreload File C:\Users\Abhihail Jacob\AppData\Local\Programs\Python\Python311\Lib\site-packages\rest_framework\locale\tr_TR\LC_MESSAGES\django.mo first seen with mtime 1769439193.7358222
[DEBUG] 2026-01-28 21:11:04,128 autoreload File C:\Users\Abhihail Jacob\AppData\Local\Programs\Python\Python311\Lib\site-packages\rest_framework\locale\uk\LC_MESSAGES\django.mo first seen with mtime 1769439193.7373278
[DEBUG] 2026-01-28 21:11:04,132 autoreload File C:\Users\Abhihail Jacob\AppData\Local\Programs\Python\Python311\Lib\site-packages\rest_framework\locale\vi\LC_MESSAGES\django.mo first seen with mtime 1769439193.7390935
[DEBUG] 2026-01-28 21:11:04,132 autoreload File C:\Users\Abhihail Jacob\AppData\Local\Programs\Python\Python311\Lib\site-packages\rest_framework\locale\zh_CN\LC_MESSAGES\django.mo first seen with mtime 1769439193.74049
[DEBUG] 2026-01-28 21:11:04,132 autoreload File C:\Users\Abhihail Jacob\AppData\Local\Programs\Python\Python311\Lib\site-packages\rest_framework\locale\zh_Hans\LC_MESSAGES\django.mo first seen with mtime 1769439193.7430165
[DEBUG] 2026-01-28 21:11:04,132 autoreload File C:\Users\Abhihail Jacob\AppData\Local\Programs\Python\Python311\Lib\site-packages\rest_framework\locale\zh_Hant\LC_MESSAGES\django.mo first seen with mtime 1769439193.7442162
[DEBUG] 2026-01-28 21:11:04,135 autoreload File C:\Users\Abhihail Jacob\AppData\Local\Programs\Python\Python311\Lib\site-packages\rest_framework\locale\zh_TW\LC_MESSAGES\django.mo first seen with mtime 1769439193.7455246
[DEBUG] 2026-01-28 21:11:04,136 autoreload File C:\Users\Abhihail Jacob\AppData\Local\Programs\Python\Python311\Lib\site-packages\django_filters\locale\ar\LC_MESSAGES\django.mo first seen with mtime 1769607637.8163297
[DEBUG] 2026-01-28 21:11:04,137 autoreload File C:\Users\Abhihail Jacob\AppData\Local\Programs\Python\Python311\Lib\site-packages\django_filters\locale\be\LC_MESSAGES\django.mo first seen with mtime 1769607637.8190467
[DEBUG] 2026-01-28 21:11:04,138 autoreload File C:\Users\Abhihail Jacob\AppData\Local\Programs\Python\Python311\Lib\site-packages\django_filters\locale\bg\LC_MESSAGES\django.mo first seen with mtime 1769607637.8190467
[DEBUG] 2026-01-28 21:11:04,139 autoreload File C:\Users\Abhihail Jacob\AppData\Local\Programs\Python\Python311\Lib\site-packages\django_filters\locale\cs\LC_MESSAGES\django.mo first seen with mtime 1769607637.8242204
[DEBUG] 2026-01-28 21:11:04,141 autoreload File C:\Users\Abhihail Jacob\AppData\Local\Programs\Python\Python311\Lib\site-packages\django_filters\locale\da\LC_MESSAGES\django.mo first seen with mtime 1769607637.8262265
[DEBUG] 2026-01-28 21:11:04,142 autoreload File C:\Users\Abhihail Jacob\AppData\Local\Programs\Python\Python311\Lib\site-packages\django_filters\locale\de\LC_MESSAGES\django.mo first seen with mtime 1769607637.8286192
[DEBUG] 2026-01-28 21:11:04,142 autoreload File C:\Users\Abhihail Jacob\AppData\Local\Programs\Python\Python311\Lib\site-packages\django_filters\locale\el\LC_MESSAGES\django.mo first seen with mtime 1769607637.8331504
[DEBUG] 2026-01-28 21:11:04,142 autoreload File C:\Users\Abhihail Jacob\AppData\Local\Programs\Python\Python311\Lib\site-packages\django_filters\locale\es\LC_MESSAGES\django.mo first seen with mtime 1769607637.836851
[DEBUG] 2026-01-28 21:11:04,142 autoreload File C:\Users\Abhihail Jacob\AppData\Local\Programs\Python\Python311\Lib\site-packages\django_filters\locale\es_AR\LC_MESSAGES\django.mo first seen with mtime 1769607637.836851
[DEBUG] 2026-01-28 21:11:04,145 autoreload File C:\Users\Abhihail Jacob\AppData\Local\Programs\Python\Python311\Lib\site-packages\django_filters\locale\fa\LC_MESSAGES\django.mo first seen with mtime 1769607637.836851
[DEBUG] 2026-01-28 21:11:04,146 autoreload File C:\Users\Abhihail Jacob\AppData\Local\Programs\Python\Python311\Lib\site-packages\django_filters\locale\fr\LC_MESSAGES\django.mo first seen with mtime 1769607637.8440592
[DEBUG] 2026-01-28 21:11:04,146 autoreload File C:\Users\Abhihail Jacob\AppData\Local\Programs\Python\Python311\Lib\site-packages\django_filters\locale\it\LC_MESSAGES\django.mo first seen with mtime 1769607637.8440592
[DEBUG] 2026-01-28 21:11:04,148 autoreload File C:\Users\Abhihail Jacob\AppData\Local\Programs\Python\Python311\Lib\site-packages\django_filters\locale\nl\LC_MESSAGES\django.mo first seen with mtime 1769607637.852075
[DEBUG] 2026-01-28 21:11:04,148 autoreload File C:\Users\Abhihail Jacob\AppData\Local\Programs\Python\Python311\Lib\site-packages\django_filters\locale\pl\LC_MESSAGES\django.mo first seen with mtime 1769607637.8560033
[DEBUG] 2026-01-28 21:11:04,148 autoreload File C:\Users\Abhihail Jacob\AppData\Local\Programs\Python\Python311\Lib\site-packages\django_filters\locale\pt_BR\LC_MESSAGES\django.mo first seen with mtime 1769607637.859081
[DEBUG] 2026-01-28 21:11:04,149 autoreload File C:\Users\Abhihail Jacob\AppData\Local\Programs\Python\Python311\Lib\site-packages\django_filters\locale\ru\LC_MESSAGES\django.mo first seen with mtime 1769607637.8633566
[DEBUG] 2026-01-28 21:11:04,150 autoreload File C:\Users\Abhihail Jacob\AppData\Local\Programs\Python\Python311\Lib\site-packages\django_filters\locale\sk\LC_MESSAGES\django.mo first seen with mtime 1769607637.8674202
[DEBUG] 2026-01-28 21:11:04,151 autoreload File C:\Users\Abhihail Jacob\AppData\Local\Programs\Python\Python311\Lib\site-packages\django_filters\locale\uk\LC_MESSAGES\django.mo first seen with mtime 1769607637.8706226
[DEBUG] 2026-01-28 21:11:04,152 autoreload File C:\Users\Abhihail Jacob\AppData\Local\Programs\Python\Python311\Lib\site-packages\django_filters\locale\zh_CN\LC_MESSAGES\django.mo first seen with mtime 1769607637.8739436
[DEBUG] 2026-01-28 21:11:05,317 autoreload File C:\Users\Abhihail Jacob\AppData\Local\Programs\Python\Python311\Lib\site-packages\django\contrib\auth\migrations\__init__.py first seen with mtime 1768573763.65371
[DEBUG] 2026-01-28 21:11:05,317 autoreload File C:\Users\Abhihail Jacob\AppData\Local\Programs\Python\Python311\Lib\site-packages\rest_framework\authtoken\migrations\0002_auto_20160226_1747.py first seen with mtime 1769439193.6323
[DEBUG] 2026-01-28 21:11:05,317 autoreload File C:\Users\Abhihail Jacob\AppData\Local\Programs\Python\Python311\Lib\site-packages\django\contrib\auth\migrations\0011_update_proxy_permissions.py first seen with mtime 1768573763.65371
[DEBUG] 2026-01-28 21:11:05,327 autoreload File C:\Users\Abhihail Jacob\AppData\Local\Programs\Python\Python311\Lib\site-packages\django\contrib\contenttypes\migrations\0001_initial.py first seen with mtime 1768573763.9909494
[DEBUG] 2026-01-28 21:11:05,330 autoreload File D:\Python Journey\Python training\python-core\day27\expense_tracker\expenses\migrations\0001_initial.py first seen with mtime 1769326240.2277436
[DEBUG] 2026-01-28 21:11:05,332 autoreload File C:\Users\Abhihail Jacob\AppData\Local\Programs\Python\Python311\Lib\site-packages\django\contrib\auth\migrations\0010_alter_group_name_max_length.py first seen with mtime 1768573763.65371
[DEBUG] 2026-01-28 21:11:05,332 autoreload File C:\Users\Abhihail Jacob\AppData\Local\Programs\Python\Python311\Lib\site-packages\django\contrib\contenttypes\migrations\__init__.py first seen with mtime 1768573763.9930797
[DEBUG] 2026-01-28 21:11:05,334 autoreload File C:\Users\Abhihail Jacob\AppData\Local\Programs\Python\Python311\Lib\site-packages\django\contrib\auth\migrations\0008_alter_user_username_max_length.py first seen with mtime 1768573763.6464918
[DEBUG] 2026-01-28 21:11:05,335 autoreload File C:\Users\Abhihail Jacob\AppData\Local\Programs\Python\Python311\Lib\site-packages\django\contrib\auth\migrations\0007_alter_validators_add_error_messages.py first seen with mtime 1768573763.6464918
[DEBUG] 2026-01-28 21:11:05,337 autoreload File C:\Users\Abhihail Jacob\AppData\Local\Programs\Python\Python311\Lib\site-packages\rest_framework\authtoken\migrations\0004_alter_tokenproxy_options.py first seen with mtime 1769439193.6347003
[DEBUG] 2026-01-28 21:11:05,339 autoreload File C:\Users\Abhihail Jacob\AppData\Local\Programs\Python\Python311\Lib\site-packages\django\contrib\auth\migrations\0009_alter_user_last_name_max_length.py first seen with mtime 1768573763.65371
[DEBUG] 2026-01-28 21:11:05,340 autoreload File C:\Users\Abhihail Jacob\AppData\Local\Programs\Python\Python311\Lib\site-packages\django\contrib\contenttypes\migrations\0002_remove_content_type_name.py first seen with mtime 1768573763.9909494
[DEBUG] 2026-01-28 21:11:05,342 autoreload File C:\Users\Abhihail Jacob\AppData\Local\Programs\Python\Python311\Lib\site-packages\django\contrib\admin\migrations\0001_initial.py first seen with mtime 1768573762.725634
[DEBUG] 2026-01-28 21:11:05,343 autoreload File C:\Users\Abhihail Jacob\AppData\Local\Programs\Python\Python311\Lib\site-packages\django\contrib\admin\migrations\0003_logentry_add_action_flag_choices.py first seen with mtime 1768573762.725634
[DEBUG] 2026-01-28 21:11:05,344 autoreload File D:\Python Journey\Python training\python-core\day27\expense_tracker\expenses\migrations\0002_expense_created_at.py first seen with mtime 1769431410.6936948
[DEBUG] 2026-01-28 21:11:05,345 autoreload File C:\Users\Abhihail Jacob\AppData\Local\Programs\Python\Python311\Lib\encodings\idna.py first seen with mtime 1707239442.0
[DEBUG] 2026-01-28 21:11:05,346 autoreload File C:\Users\Abhihail Jacob\AppData\Local\Programs\Python\Python311\Lib\site-packages\django\contrib\admin\migrations\__init__.py first seen with mtime 1768573762.725634
[DEBUG] 2026-01-28 21:11:05,346 autoreload File C:\Users\Abhihail Jacob\AppData\Local\Programs\Python\Python311\Lib\site-packages\django\contrib\auth\migrations\0003_alter_user_email_max_length.py first seen with mtime 1768573763.6464918
[DEBUG] 2026-01-28 21:11:05,347 autoreload File C:\Users\Abhihail Jacob\AppData\Local\Programs\Python\Python311\Lib\site-packages\django\contrib\auth\migrations\0012_alter_user_first_name_max_length.py first seen with mtime 1768573763.65371
[DEBUG] 2026-01-28 21:11:05,348 autoreload File C:\Users\Abhihail Jacob\AppData\Local\Programs\Python\Python311\Lib\site-packages\django\contrib\sessions\migrations\0001_initial.py first seen with mtime 1768573765.7203293
[DEBUG] 2026-01-28 21:11:05,348 autoreload File C:\Users\Abhihail Jacob\AppData\Local\Programs\Python\Python311\Lib\stringprep.py first seen with mtime 1707239442.0
[DEBUG] 2026-01-28 21:11:05,349 autoreload File D:\Python Journey\Python training\python-core\day27\expense_tracker\expenses\migrations\__init__.py first seen with mtime 1769321952.3958075
[DEBUG] 2026-01-28 21:11:05,350 autoreload File C:\Users\Abhihail Jacob\AppData\Local\Programs\Python\Python311\Lib\site-packages\django\contrib\auth\migrations\0002_alter_permission_name_max_length.py first seen with mtime 1768573763.6464918
[DEBUG] 2026-01-28 21:11:05,351 autoreload File C:\Users\Abhihail Jacob\AppData\Local\Programs\Python\Python311\Lib\site-packages\django\contrib\sessions\backends\db.py first seen with mtime 1768573765.488659
[DEBUG] 2026-01-28 21:11:05,351 autoreload File D:\Python Journey\Python training\python-core\day27\expense_tracker\expense_tracker\wsgi.py first seen with mtime 1769321638.3576667
[DEBUG] 2026-01-28 21:11:05,352 autoreload File C:\Users\Abhihail Jacob\AppData\Local\Programs\Python\Python311\Lib\site-packages\django\views\defaults.py first seen with mtime 1768573766.4274628
[DEBUG] 2026-01-28 21:11:05,357 autoreload File C:\Users\Abhihail Jacob\AppData\Local\Programs\Python\Python311\Lib\site-packages\django\contrib\auth\migrations\0005_alter_user_last_login_null.py first seen with mtime 1768573763.6464918
[DEBUG] 2026-01-28 21:11:05,358 autoreload File C:\Users\Abhihail Jacob\AppData\Local\Programs\Python\Python311\Lib\site-packages\rest_framework\authtoken\migrations\0001_initial.py first seen with mtime 1769439193.630202
[DEBUG] 2026-01-28 21:11:05,359 autoreload File C:\Users\Abhihail Jacob\AppData\Local\Programs\Python\Python311\Lib\site-packages\rest_framework\authtoken\migrations\0003_tokenproxy.py first seen with mtime 1769439193.6336944
[DEBUG] 2026-01-28 21:11:05,359 autoreload File C:\Users\Abhihail Jacob\AppData\Local\Programs\Python\Python311\Lib\site-packages\django\contrib\auth\migrations\0001_initial.py first seen with mtime 1768573763.6325574
[DEBUG] 2026-01-28 21:11:05,360 autoreload File C:\Users\Abhihail Jacob\AppData\Local\Programs\Python\Python311\Lib\site-packages\django\contrib\admin\migrations\0002_logentry_remove_auto_add.py first seen with mtime 1768573762.725634
[DEBUG] 2026-01-28 21:11:05,360 autoreload File C:\Users\Abhihail Jacob\AppData\Local\Programs\Python\Python311\Lib\site-packages\rest_framework\authtoken\migrations\__init__.py first seen with mtime 1769439193.6347003
[DEBUG] 2026-01-28 21:11:05,360 autoreload File C:\Users\Abhihail Jacob\AppData\Local\Programs\Python\Python311\Lib\site-packages\django\contrib\sessions\migrations\__init__.py first seen with mtime 1768573765.7203293
[DEBUG] 2026-01-28 21:11:05,361 autoreload File C:\Users\Abhihail Jacob\AppData\Local\Programs\Python\Python311\Lib\site-packages\django\db\models\sql\compiler.py first seen with mtime 1768573766.2066352
[DEBUG] 2026-01-28 21:11:05,361 autoreload File C:\Users\Abhihail Jacob\AppData\Local\Programs\Python\Python311\Lib\site-packages\django\contrib\auth\migrations\0004_alter_user_username_opts.py first seen with mtime 1768573763.6464918
[DEBUG] 2026-01-28 21:11:05,361 autoreload File C:\Users\Abhihail Jacob\AppData\Local\Programs\Python\Python311\Lib\site-packages\django\contrib\auth\migrations\0006_require_contenttypes_0002.py first seen with mtime 1768573763.6464918
[DEBUG] 2026-01-28 21:11:55,331 autoreload File D:\Python Journey\Python training\python-core\day27\expense_tracker\expenses\views.py previous mtime: 1769614446.3258345, current mtime: 1769614914.3536124
[DEBUG] 2026-01-28 21:11:55,331 autoreload D:\Python Journey\Python training\python-core\day27\expense_tracker\expenses\views.py notified as changed. Signal results: [(<function template_changed at 0x000001EABE1123E0>, None), (<function translation_file_changed at 0x000001EABF117380>, None)].
[INFO] 2026-01-28 21:11:55,331 autoreload D:\Python Journey\Python training\python-core\day27\expense_tracker\expenses\views.py changed, reloading.
[INFO] 2026-01-28 21:11:56,197 autoreload Watching for file changes with StatReloader
[DEBUG] 2026-01-28 21:11:56,198 autoreload Waiting for apps ready_event.
[DEBUG] 2026-01-28 21:11:56,292 autoreload Apps ready_event triggered. Sending autoreload_started signal.
[DEBUG] 2026-01-28 21:11:56,300 autoreload Watching dir D:\Python Journey\Python training\python-core\day27\expense_tracker\expenses\templates with glob **/*.
[DEBUG] 2026-01-28 21:11:56,303 autoreload Watching dir C:\Users\Abhihail Jacob\AppData\Local\Programs\Python\Python311\Lib\site-packages\rest_framework\templates with glob **/*.
[DEBUG] 2026-01-28 21:11:56,304 autoreload Watching dir C:\Users\Abhihail Jacob\AppData\Local\Programs\Python\Python311\Lib\site-packages\django_filters\templates with glob **/*.
[DEBUG] 2026-01-28 21:11:56,304 autoreload Watching dir D:\Python Journey\Python training\python-core\day27\expense_tracker\locale with glob **/*.mo.
[DEBUG] 2026-01-28 21:11:56,305 autoreload Watching dir D:\Python Journey\Python training\python-core\day27\expense_tracker\expenses\locale with glob **/*.mo.
[DEBUG] 2026-01-28 21:11:56,305 autoreload Watching dir C:\Users\Abhihail Jacob\AppData\Local\Programs\Python\Python311\Lib\site-packages\rest_framework\locale with glob **/*.mo.
[DEBUG] 2026-01-28 21:11:56,305 autoreload Watching dir C:\Users\Abhihail Jacob\AppData\Local\Programs\Python\Python311\Lib\site-packages\rest_framework\authtoken\locale with glob **/*.mo.
[DEBUG] 2026-01-28 21:11:56,307 autoreload Watching dir C:\Users\Abhihail Jacob\AppData\Local\Programs\Python\Python311\Lib\site-packages\django_filters\locale with glob **/*.mo.
[DEBUG] 2026-01-28 21:11:56,353 utils (0.000) 
            SELECT name, type FROM sqlite_master
            WHERE type in ('table', 'view') AND NOT name='sqlite_sequence'
            ORDER BY name; args=None; alias=default
[DEBUG] 2026-01-28 21:11:56,357 utils (0.000) SELECT "django_migrations"."id", "django_migrations"."app", "django_migrations"."name", "django_migrations"."applied" FROM "django_migrations"; args=(); alias=default
[DEBUG] 2026-01-28 21:11:56,512 autoreload File C:\Users\Abhihail Jacob\AppData\Local\Programs\Python\Python311\Lib\site-packages\rest_framework\urls.py first seen with mtime 1769439193.6141155
[DEBUG] 2026-01-28 21:11:56,512 autoreload File C:\Users\Abhihail Jacob\AppData\Local\Programs\Python\Python311\Lib\lzma.py first seen with mtime 1707239442.0
[DEBUG] 2026-01-28 21:11:56,512 autoreload File C:\Users\Abhihail Jacob\AppData\Local\Programs\Python\Python311\Lib\email\utils.py first seen with mtime 1707239442.0
[DEBUG] 2026-01-28 21:11:56,513 autoreload File C:\Users\Abhihail Jacob\AppData\Local\Programs\Python\Python311\Lib\site-packages\django\db\backends\base\validation.py first seen with mtime 1768573766.1028438
[DEBUG] 2026-01-28 21:11:56,513 autoreload File D:\Python Journey\Python training\python-core\day27\expense_tracker\manage.py first seen with mtime 1769321638.2544072
[DEBUG] 2026-01-28 21:11:56,513 autoreload File C:\Users\Abhihail Jacob\AppData\Local\Programs\Python\Python311\DLLs\_sqlite3.pyd first seen with mtime 1707239490.0
[DEBUG] 2026-01-28 21:11:56,515 autoreload File C:\Users\Abhihail Jacob\AppData\Local\Programs\Python\Python311\Lib\site-packages\django\db\models\query_utils.py first seen with mtime 1768573766.1821475
[DEBUG] 2026-01-28 21:11:56,515 autoreload File C:\Users\Abhihail Jacob\AppData\Local\Programs\Python\Python311\Lib\asyncio\__init__.py first seen with mtime 1707239442.0
[DEBUG] 2026-01-28 21:11:56,516 autoreload File C:\Users\Abhihail Jacob\AppData\Local\Programs\Python\Python311\Lib\site-packages\django_filters\exceptions.py first seen with mtime 1769607637.8083549
[DEBUG] 2026-01-28 21:11:56,516 autoreload File C:\Users\Abhihail Jacob\AppData\Local\Programs\Python\Python311\Lib\multiprocessing\process.py first seen with mtime 1707239442.0
[DEBUG] 2026-01-28 21:11:56,516 autoreload File C:\Users\Abhihail Jacob\AppData\Local\Programs\Python\Python311\Lib\site-packages\rest_framework\fields.py first seen with mtime 1769439193.5870688
[DEBUG] 2026-01-28 21:11:56,517 autoreload File C:\Users\Abhihail Jacob\AppData\Local\Programs\Python\Python311\Lib\site-packages\django\core\management\utils.py first seen with mtime 1768573766.0550787
[DEBUG] 2026-01-28 21:11:56,517 autoreload File C:\Users\Abhihail Jacob\AppData\Local\Programs\Python\Python311\Lib\site-packages\django\core\checks\security\base.py first seen with mtime 1768573766.00599
[DEBUG] 2026-01-28 21:11:56,517 autoreload File C:\Users\Abhihail Jacob\AppData\Local\Programs\Python\Python311\Lib\site-packages\django\contrib\contenttypes\models.py first seen with mtime 1768573763.6654882
[DEBUG] 2026-01-28 21:11:56,519 autoreload File C:\Users\Abhihail Jacob\AppData\Local\Programs\Python\Python311\Lib\site-packages\django\db\migrations\graph.py first seen with mtime 1768573766.1536448
[DEBUG] 2026-01-28 21:11:56,519 autoreload File C:\Users\Abhihail Jacob\AppData\Local\Programs\Python\Python311\Lib\gettext.py first seen with mtime 1707239442.0
[DEBUG] 2026-01-28 21:11:56,520 autoreload File C:\Users\Abhihail Jacob\AppData\Local\Programs\Python\Python311\Lib\site-packages\django\contrib\admin\utils.py first seen with mtime 1768573761.911802
[DEBUG] 2026-01-28 21:11:56,520 autoreload File C:\Users\Abhihail Jacob\AppData\Local\Programs\Python\Python311\Lib\site-packages\django\core\checks\messages.py first seen with mtime 1768573766.00599
[DEBUG] 2026-01-28 21:11:56,521 autoreload File C:\Users\Abhihail Jacob\AppData\Local\Programs\Python\Python311\Lib\threading.py first seen with mtime 1707239442.0
[DEBUG] 2026-01-28 21:11:56,521 autoreload File C:\Users\Abhihail Jacob\AppData\Local\Programs\Python\Python311\Lib\asyncio\base_events.py first seen with mtime 1707239442.0
[DEBUG] 2026-01-28 21:11:56,522 autoreload File C:\Users\Abhihail Jacob\AppData\Local\Programs\Python\Python311\Lib\site-packages\django\utils\termcolors.py first seen with mtime 1768573766.4004622
[DEBUG] 2026-01-28 21:11:56,522 autoreload File C:\Users\Abhihail Jacob\AppData\Local\Programs\Python\Python311\DLLs\_ssl.pyd first seen with mtime 1707239490.0
[DEBUG] 2026-01-28 21:11:56,523 autoreload File C:\Users\Abhihail Jacob\AppData\Local\Programs\Python\Python311\Lib\site-packages\django\db\migrations\utils.py first seen with mtime 1768573766.1573646
[DEBUG] 2026-01-28 21:11:56,523 autoreload File C:\Users\Abhihail Jacob\AppData\Local\Programs\Python\Python311\Lib\site-packages\django\contrib\postgres\validators.py first seen with mtime 1768573764.951229
[DEBUG] 2026-01-28 21:11:56,523 autoreload File C:\Users\Abhihail Jacob\AppData\Local\Programs\Python\Python311\Lib\asyncio\base_subprocess.py first seen with mtime 1707239442.0
[DEBUG] 2026-01-28 21:11:56,524 autoreload File C:\Users\Abhihail Jacob\AppData\Local\Programs\Python\Python311\Lib\site-packages\django\contrib\admin\views\autocomplete.py first seen with mtime 1768573762.9614642
[DEBUG] 2026-01-28 21:11:56,524 autoreload File C:\Users\Abhihail Jacob\AppData\Local\Programs\Python\Python311\Lib\asyncio\events.py first seen with mtime 1707239442.0
[DEBUG] 2026-01-28 21:11:56,524 autoreload File C:\Users\Abhihail Jacob\AppData\Local\Programs\Python\Python311\Lib\site-packages\rest_framework\generics.py first seen with mtime 1769439193.5904508
[DEBUG] 2026-01-28 21:11:56,525 autoreload File C:\Users\Abhihail Jacob\AppData\Local\Programs\Python\Python311\Lib\decimal.py first seen with mtime 1707239442.0
[DEBUG] 2026-01-28 21:11:56,525 autoreload File C:\Users\Abhihail Jacob\AppData\Local\Programs\Python\Python311\Lib\site-packages\django\contrib\admindocs\utils.py first seen with mtime 1768573762.968863
[DEBUG] 2026-01-28 21:11:56,525 autoreload File C:\Users\Abhihail Jacob\AppData\Local\Programs\Python\Python311\Lib\site-packages\django\db\backends\__init__.py first seen with mtime 1768573766.0900056
[DEBUG] 2026-01-28 21:11:56,525 autoreload File C:\Users\Abhihail Jacob\AppData\Local\Programs\Python\Python311\Lib\site-packages\rest_framework\templatetags\__init__.py first seen with mtime 1769439193.8914695
[DEBUG] 2026-01-28 21:11:56,525 autoreload File C:\Users\Abhihail Jacob\AppData\Local\Programs\Python\Python311\Lib\site-packages\rest_framework\utils\breadcrumbs.py first seen with mtime 1769439193.8954597
[DEBUG] 2026-01-28 21:11:56,525 autoreload File C:\Users\Abhihail Jacob\AppData\Local\Programs\Python\Python311\Lib\socket.py first seen with mtime 1707239442.0
[DEBUG] 2026-01-28 21:11:56,525 autoreload File C:\Users\Abhihail Jacob\AppData\Local\Programs\Python\Python311\Lib\site-packages\rest_framework\metadata.py first seen with mtime 1769439193.5925877
[DEBUG] 2026-01-28 21:11:56,526 autoreload File C:\Users\Abhihail Jacob\AppData\Local\Programs\Python\Python311\Lib\textwrap.py first seen with mtime 1707239442.0
[DEBUG] 2026-01-28 21:11:56,526 autoreload File C:\Users\Abhihail Jacob\AppData\Local\Programs\Python\Python311\Lib\site-packages\rest_framework\authtoken\models.py first seen with mtime 1769439193.6217005
[DEBUG] 2026-01-28 21:11:56,526 autoreload File C:\Users\Abhihail Jacob\AppData\Local\Programs\Python\Python311\Lib\site-packages\sqlparse\filters\aligned_indent.py first seen with mtime 1768573760.222695
[DEBUG] 2026-01-28 21:11:56,526 autoreload File C:\Users\Abhihail Jacob\AppData\Local\Programs\Python\Python311\Lib\enum.py first seen with mtime 1707239442.0
[DEBUG] 2026-01-28 21:11:56,526 autoreload File D:\Python Journey\Python training\python-core\day27\expense_tracker\expense_tracker\settings.py first seen with mtime 1769614862.356399
[DEBUG] 2026-01-28 21:11:56,526 autoreload File C:\Users\Abhihail Jacob\AppData\Local\Programs\Python\Python311\Lib\site-packages\django\core\checks\security\csrf.py first seen with mtime 1768573766.00599
[DEBUG] 2026-01-28 21:11:56,528 autoreload File C:\Users\Abhihail Jacob\AppData\Local\Programs\Python\Python311\Lib\hashlib.py first seen with mtime 1707239442.0
[DEBUG] 2026-01-28 21:11:56,528 autoreload File C:\Users\Abhihail Jacob\AppData\Local\Programs\Python\Python311\Lib\site-packages\django\core\checks\database.py first seen with mtime 1768573766.00599
[DEBUG] 2026-01-28 21:11:56,528 autoreload File C:\Users\Abhihail Jacob\AppData\Local\Programs\Python\Python311\Lib\site-packages\django\core\cache\backends\filebased.py first seen with mtime 1768573765.999102
[DEBUG] 2026-01-28 21:11:56,528 autoreload File C:\Users\Abhihail Jacob\AppData\Local\Programs\Python\Python311\Lib\site-packages\django\utils\translation\reloader.py first seen with mtime 1768573766.4089565
[DEBUG] 2026-01-28 21:11:56,529 autoreload File D:\Python Journey\Python training\python-core\day27\expense_tracker\expenses\models.py first seen with mtime 1769431191.6908245
[DEBUG] 2026-01-28 21:11:56,529 autoreload File C:\Users\Abhihail Jacob\AppData\Local\Programs\Python\Python311\Lib\site-packages\django\db\models\functions\window.py first seen with mtime 1768573766.2046292
[DEBUG] 2026-01-28 21:11:56,529 autoreload File C:\Users\Abhihail Jacob\AppData\Local\Programs\Python\Python311\Lib\site-packages\django\contrib\sites\__init__.py first seen with mtime 1768573765.7277937
[DEBUG] 2026-01-28 21:11:56,529 autoreload File C:\Users\Abhihail Jacob\AppData\Local\Programs\Python\Python311\Lib\site-packages\django\contrib\admin\widgets.py first seen with mtime 1768573761.911802
[DEBUG] 2026-01-28 21:11:56,530 autoreload File D:\Python Journey\Python training\python-core\day27\expense_tracker\expense_tracker\__init__.py first seen with mtime 1769321638.3576667
[DEBUG] 2026-01-28 21:11:56,530 autoreload File C:\Users\Abhihail Jacob\AppData\Local\Programs\Python\Python311\Lib\html\__init__.py first seen with mtime 1707239442.0
[DEBUG] 2026-01-28 21:11:56,530 autoreload File C:\Users\Abhihail Jacob\AppData\Local\Programs\Python\Python311\Lib\site-packages\rest_framework\permissions.py first seen with mtime 1769439193.5985732
[DEBUG] 2026-01-28 21:11:56,530 autoreload File C:\Users\Abhihail Jacob\AppData\Local\Programs\Python\Python311\Lib\site-packages\rest_framework\utils\model_meta.py first seen with mtime 1769439193.9037073
[DEBUG] 2026-01-28 21:11:56,530 autoreload File C:\Users\Abhihail Jacob\AppData\Local\Programs\Python\Python311\Lib\operator.py first seen with mtime 1707239442.0
[DEBUG] 2026-01-28 21:11:56,530 autoreload File C:\Users\Abhihail Jacob\AppData\Local\Programs\Python\Python311\Lib\json\__init__.py first seen with mtime 1707239442.0
[DEBUG] 2026-01-28 21:11:56,531 autoreload File C:\Users\Abhihail Jacob\AppData\Local\Programs\Python\Python311\Lib\site-packages\django\db\migrations\migration.py first seen with mtime 1768573766.1547213
[DEBUG] 2026-01-28 21:11:56,531 autoreload File C:\Users\Abhihail Jacob\AppData\Local\Programs\Python\Python311\Lib\site-packages\django\db\models\sql\subqueries.py first seen with mtime 1768573766.2086406
[DEBUG] 2026-01-28 21:11:56,531 autoreload File C:\Users\Abhihail Jacob\AppData\Local\Programs\Python\Python311\Lib\site-packages\rest_framework\compat.py first seen with mtime 1769439193.5834553
[DEBUG] 2026-01-28 21:11:56,531 autoreload File C:\Users\Abhihail Jacob\AppData\Local\Programs\Python\Python311\Lib\site-packages\sqlparse\filters\others.py first seen with mtime 1768573760.2251186
[DEBUG] 2026-01-28 21:11:56,531 autoreload File C:\Users\Abhihail Jacob\AppData\Local\Programs\Python\Python311\Lib\site-packages\django\template\__init__.py first seen with mtime 1768573766.3236544
[DEBUG] 2026-01-28 21:11:56,531 autoreload File C:\Users\Abhihail Jacob\AppData\Local\Programs\Python\Python311\Lib\asyncio\threads.py first seen with mtime 1707239442.0
[DEBUG] 2026-01-28 21:11:56,531 autoreload File C:\Users\Abhihail Jacob\AppData\Local\Programs\Python\Python311\Lib\site-packages\django\core\serializers\python.py first seen with mtime 1768573766.0839353
[DEBUG] 2026-01-28 21:11:56,532 autoreload File C:\Users\Abhihail Jacob\AppData\Local\Programs\Python\Python311\Lib\site-packages\django\db\models\__init__.py first seen with mtime 1768573766.167158
[DEBUG] 2026-01-28 21:11:56,532 autoreload File C:\Users\Abhihail Jacob\AppData\Local\Programs\Python\Python311\Lib\site-packages\django\template\response.py first seen with mtime 1768573766.3355887
[DEBUG] 2026-01-28 21:11:56,532 autoreload File C:\Users\Abhihail Jacob\AppData\Local\Programs\Python\Python311\Lib\asyncio\windows_utils.py first seen with mtime 1707239442.0
[DEBUG] 2026-01-28 21:11:56,532 autoreload File C:\Users\Abhihail Jacob\AppData\Local\Programs\Python\Python311\Lib\asyncio\base_futures.py first seen with mtime 1707239442.0
[DEBUG] 2026-01-28 21:11:56,532 autoreload File C:\Users\Abhihail Jacob\AppData\Local\Programs\Python\Python311\Lib\site-packages\django\db\backends\sqlite3\_functions.py first seen with mtime 1768573766.1389403
[DEBUG] 2026-01-28 21:11:56,533 autoreload File C:\Users\Abhihail Jacob\AppData\Local\Programs\Python\Python311\Lib\site-packages\django\core\cache\utils.py first seen with mtime 1768573765.9945116
[DEBUG] 2026-01-28 21:11:56,533 autoreload File C:\Users\Abhihail Jacob\AppData\Local\Programs\Python\Python311\Lib\contextlib.py first seen with mtime 1707239442.0
[DEBUG] 2026-01-28 21:11:56,533 autoreload File C:\Users\Abhihail Jacob\AppData\Local\Programs\Python\Python311\Lib\site-packages\django\core\checks\urls.py first seen with mtime 1768573766.00599
[DEBUG] 2026-01-28 21:11:56,534 autoreload File C:\Users\Abhihail Jacob\AppData\Local\Programs\Python\Python311\Lib\site-packages\django\db\backends\postgresql\__init__.py first seen with mtime 1768573766.1281767
[DEBUG] 2026-01-28 21:11:56,534 autoreload File C:\Users\Abhihail Jacob\AppData\Local\Programs\Python\Python311\Lib\site-packages\django\db\models\lookups.py first seen with mtime 1768573766.17687
[DEBUG] 2026-01-28 21:11:56,534 autoreload File C:\Users\Abhihail Jacob\AppData\Local\Programs\Python\Python311\Lib\site-packages\django\utils\deconstruct.py first seen with mtime 1768573766.3810258
[DEBUG] 2026-01-28 21:11:56,535 autoreload File C:\Users\Abhihail Jacob\AppData\Local\Programs\Python\Python311\Lib\site-packages\django\contrib\auth\apps.py first seen with mtime 1768573763.2894537
[DEBUG] 2026-01-28 21:11:56,535 autoreload File C:\Users\Abhihail Jacob\AppData\Local\Programs\Python\Python311\Lib\urllib\response.py first seen with mtime 1707239442.0
[DEBUG] 2026-01-28 21:11:56,535 autoreload File C:\Users\Abhihail Jacob\AppData\Local\Programs\Python\Python311\Lib\logging\handlers.py first seen with mtime 1707239442.0
[DEBUG] 2026-01-28 21:11:56,536 autoreload File C:\Users\Abhihail Jacob\AppData\Local\Programs\Python\Python311\Lib\site-packages\django\core\cache\backends\locmem.py first seen with mtime 1768573765.999102
[DEBUG] 2026-01-28 21:11:56,537 autoreload File C:\Users\Abhihail Jacob\AppData\Local\Programs\Python\Python311\Lib\site-packages\django\core\checks\commands.py first seen with mtime 1768573766.00599
[DEBUG] 2026-01-28 21:11:56,537 autoreload File C:\Users\Abhihail Jacob\AppData\Local\Programs\Python\Python311\DLLs\_bz2.pyd first seen with mtime 1707239490.0
[DEBUG] 2026-01-28 21:11:56,537 autoreload File C:\Users\Abhihail Jacob\AppData\Local\Programs\Python\Python311\Lib\site-packages\django\utils\http.py first seen with mtime 1768573766.391199
[DEBUG] 2026-01-28 21:11:56,539 autoreload File C:\Users\Abhihail Jacob\AppData\Local\Programs\Python\Python311\Lib\site-packages\django_filters\fields.py first seen with mtime 1769607637.8093593
[DEBUG] 2026-01-28 21:11:56,539 autoreload File C:\Users\Abhihail Jacob\AppData\Local\Programs\Python\Python311\Lib\dis.py first seen with mtime 1707239442.0
[DEBUG] 2026-01-28 21:11:56,539 autoreload File C:\Users\Abhihail Jacob\AppData\Local\Programs\Python\Python311\Lib\asyncio\base_tasks.py first seen with mtime 1707239442.0
[DEBUG] 2026-01-28 21:11:56,539 autoreload File C:\Users\Abhihail Jacob\AppData\Local\Programs\Python\Python311\Lib\asyncio\log.py first seen with mtime 1707239442.0
[DEBUG] 2026-01-28 21:11:56,541 autoreload File C:\Users\Abhihail Jacob\AppData\Local\Programs\Python\Python311\Lib\tempfile.py first seen with mtime 1707239442.0
[DEBUG] 2026-01-28 21:11:56,541 autoreload File C:\Users\Abhihail Jacob\AppData\Local\Programs\Python\Python311\Lib\site-packages\django\contrib\messages\api.py first seen with mtime 1768573764.930986
[DEBUG] 2026-01-28 21:11:56,541 autoreload File C:\Users\Abhihail Jacob\AppData\Local\Programs\Python\Python311\Lib\asyncio\sslproto.py first seen with mtime 1707239442.0
[DEBUG] 2026-01-28 21:11:56,541 autoreload File C:\Users\Abhihail Jacob\AppData\Local\Programs\Python\Python311\Lib\site-packages\django\db\backends\base\__init__.py first seen with mtime 1768573766.0940945
[DEBUG] 2026-01-28 21:11:56,542 autoreload File C:\Users\Abhihail Jacob\AppData\Local\Programs\Python\Python311\Lib\site-packages\django\utils\dateformat.py first seen with mtime 1768573766.3790207
[DEBUG] 2026-01-28 21:11:56,542 autoreload File C:\Users\Abhihail Jacob\AppData\Local\Programs\Python\Python311\Lib\email\mime\__init__.py first seen with mtime 1707239442.0
[DEBUG] 2026-01-28 21:11:56,542 autoreload File C:\Users\Abhihail Jacob\AppData\Local\Programs\Python\Python311\Lib\site-packages\django\core\__init__.py first seen with mtime 1768573765.9764345
[DEBUG] 2026-01-28 21:11:56,542 autoreload File C:\Users\Abhihail Jacob\AppData\Local\Programs\Python\Python311\Lib\site-packages\rest_framework\schemas\utils.py first seen with mtime 1769439193.754951
[DEBUG] 2026-01-28 21:11:56,542 autoreload File C:\Users\Abhihail Jacob\AppData\Local\Programs\Python\Python311\Lib\site-packages\django\db\migrations\recorder.py first seen with mtime 1768573766.1573646
[DEBUG] 2026-01-28 21:11:56,543 autoreload File C:\Users\Abhihail Jacob\AppData\Local\Programs\Python\Python311\Lib\fractions.py first seen with mtime 1707239442.0
[DEBUG] 2026-01-28 21:11:56,543 autoreload File C:\Users\Abhihail Jacob\AppData\Local\Programs\Python\Python311\Lib\site-packages\django\db\models\fields\proxy.py first seen with mtime 1768573766.1910298
[DEBUG] 2026-01-28 21:11:56,543 autoreload File C:\Users\Abhihail Jacob\AppData\Local\Programs\Python\Python311\Lib\site-packages\django\contrib\admin\actions.py first seen with mtime 1768573761.8960052
[DEBUG] 2026-01-28 21:11:56,544 autoreload File C:\Users\Abhihail Jacob\AppData\Local\Programs\Python\Python311\DLLs\_queue.pyd first seen with mtime 1707239488.0
[DEBUG] 2026-01-28 21:11:56,544 autoreload File C:\Users\Abhihail Jacob\AppData\Local\Programs\Python\Python311\Lib\site-packages\sqlparse\filters\tokens.py first seen with mtime 1768573760.2303672
[DEBUG] 2026-01-28 21:11:56,544 autoreload File C:\Users\Abhihail Jacob\AppData\Local\Programs\Python\Python311\Lib\site-packages\django\shortcuts.py first seen with mtime 1768573761.3505023
[DEBUG] 2026-01-28 21:11:56,544 autoreload File C:\Users\Abhihail Jacob\AppData\Local\Programs\Python\Python311\Lib\site-packages\rest_framework\response.py first seen with mtime 1769439193.6040144
[DEBUG] 2026-01-28 21:11:56,545 autoreload File C:\Users\Abhihail Jacob\AppData\Local\Programs\Python\Python311\Lib\site-packages\django\db\models\query.py first seen with mtime 1768573766.1809068
[DEBUG] 2026-01-28 21:11:56,545 autoreload File C:\Users\Abhihail Jacob\AppData\Local\Programs\Python\Python311\Lib\site-packages\django\db\models\fields\files.py first seen with mtime 1768573766.1864605
[DEBUG] 2026-01-28 21:11:56,545 autoreload File C:\Users\Abhihail Jacob\AppData\Local\Programs\Python\Python311\Lib\site-packages\django\views\generic\edit.py first seen with mtime 1768573766.4525778
[DEBUG] 2026-01-28 21:11:56,545 autoreload File C:\Users\Abhihail Jacob\AppData\Local\Programs\Python\Python311\Lib\site-packages\django\utils\decorators.py first seen with mtime 1768573766.3835814
[DEBUG] 2026-01-28 21:11:56,545 autoreload File C:\Users\Abhihail Jacob\AppData\Local\Programs\Python\Python311\Lib\site-packages\rest_framework\utils\representation.py first seen with mtime 1769439193.9047163
[DEBUG] 2026-01-28 21:11:56,545 autoreload File C:\Users\Abhihail Jacob\AppData\Local\Programs\Python\Python311\Lib\signal.py first seen with mtime 1707239442.0
[DEBUG] 2026-01-28 21:11:56,545 autoreload File C:\Users\Abhihail Jacob\AppData\Local\Programs\Python\Python311\Lib\site-packages\django_filters\rest_framework\filterset.py first seen with mtime 1769607637.8799777
[DEBUG] 2026-01-28 21:11:56,546 autoreload File C:\Users\Abhihail Jacob\AppData\Local\Programs\Python\Python311\Lib\site-packages\django\forms\renderers.py first seen with mtime 1768573766.2086406
[DEBUG] 2026-01-28 21:11:56,546 autoreload File C:\Users\Abhihail Jacob\AppData\Local\Programs\Python\Python311\Lib\site-packages\django\db\migrations\questioner.py first seen with mtime 1768573766.1573646
[DEBUG] 2026-01-28 21:11:56,546 autoreload File C:\Users\Abhihail Jacob\AppData\Local\Programs\Python\Python311\Lib\site-packages\django\template\loaders\app_directories.py first seen with mtime 1768573766.3436065
[DEBUG] 2026-01-28 21:11:56,546 autoreload File C:\Users\Abhihail Jacob\AppData\Local\Programs\Python\Python311\Lib\site-packages\django_filters\filterset.py first seen with mtime 1769607637.8108666
[DEBUG] 2026-01-28 21:11:56,546 autoreload File C:\Users\Abhihail Jacob\AppData\Local\Programs\Python\Python311\Lib\types.py first seen with mtime 1707239442.0
[DEBUG] 2026-01-28 21:11:56,546 autoreload File C:\Users\Abhihail Jacob\AppData\Local\Programs\Python\Python311\DLLs\unicodedata.pyd first seen with mtime 1707239490.0
[DEBUG] 2026-01-28 21:11:56,547 autoreload File C:\Users\Abhihail Jacob\AppData\Local\Programs\Python\Python311\Lib\selectors.py first seen with mtime 1707239442.0
[DEBUG] 2026-01-28 21:11:56,547 autoreload File C:\Users\Abhihail Jacob\AppData\Local\Programs\Python\Python311\Lib\asyncio\locks.py first seen with mtime 1707239442.0
[DEBUG] 2026-01-28 21:11:56,547 autoreload File C:\Users\Abhihail Jacob\AppData\Local\Programs\Python\Python311\Lib\random.py first seen with mtime 1707239442.0
[DEBUG] 2026-01-28 21:11:56,547 autoreload File C:\Users\Abhihail Jacob\AppData\Local\Programs\Python\Python311\Lib\site-packages\django\db\migrations\exceptions.py first seen with mtime 1768573766.1503685
[DEBUG] 2026-01-28 21:11:56,548 autoreload File C:\Users\Abhihail Jacob\AppData\Local\Programs\Python\Python311\Lib\site-packages\django\template\engine.py first seen with mtime 1768573766.3308792
[DEBUG] 2026-01-28 21:11:56,549 autoreload File C:\Users\Abhihail Jacob\AppData\Local\Programs\Python\Python311\DLLs\_socket.pyd first seen with mtime 1707239490.0
[DEBUG] 2026-01-28 21:11:56,549 autoreload File C:\Users\Abhihail Jacob\AppData\Local\Programs\Python\Python311\Lib\email\encoders.py first seen with mtime 1707239442.0
[DEBUG] 2026-01-28 21:11:56,549 autoreload File C:\Users\Abhihail Jacob\AppData\Local\Programs\Python\Python311\Lib\urllib\request.py first seen with mtime 1707239442.0
[DEBUG] 2026-01-28 21:11:56,549 autoreload File C:\Users\Abhihail Jacob\AppData\Local\Programs\Python\Python311\Lib\site-packages\sqlparse\lexer.py first seen with mtime 1768573760.211341
[DEBUG] 2026-01-28 21:11:56,549 autoreload File C:\Users\Abhihail Jacob\AppData\Local\Programs\Python\Python311\Lib\uuid.py first seen with mtime 1707239442.0
[DEBUG] 2026-01-28 21:11:56,550 autoreload File C:\Users\Abhihail Jacob\AppData\Local\Programs\Python\Python311\Lib\site-packages\django_filters\compat.py first seen with mtime 1769607637.8050098
[DEBUG] 2026-01-28 21:11:56,550 autoreload File C:\Users\Abhihail Jacob\AppData\Local\Programs\Python\Python311\Lib\concurrent\futures\__init__.py first seen with mtime 1707239442.0
[DEBUG] 2026-01-28 21:11:56,550 autoreload File C:\Users\Abhihail Jacob\AppData\Local\Programs\Python\Python311\Lib\concurrent\futures\_base.py first seen with mtime 1707239442.0
[DEBUG] 2026-01-28 21:11:56,550 autoreload File C:\Users\Abhihail Jacob\AppData\Local\Programs\Python\Python311\Lib\site-packages\django\urls\__init__.py first seen with mtime 1768573766.3632395
[DEBUG] 2026-01-28 21:11:56,550 autoreload File C:\Users\Abhihail Jacob\AppData\Local\Programs\Python\Python311\Lib\site-packages\django\core\files\storage\mixins.py first seen with mtime 1768573766.0335367
[DEBUG] 2026-01-28 21:11:56,550 autoreload File C:\Users\Abhihail Jacob\AppData\Local\Programs\Python\Python311\Lib\email\errors.py first seen with mtime 1707239442.0
[DEBUG] 2026-01-28 21:11:56,551 autoreload File C:\Users\Abhihail Jacob\AppData\Local\Programs\Python\Python311\Lib\site-packages\django\contrib\admin\options.py first seen with mtime 1768573761.9078176
[DEBUG] 2026-01-28 21:11:56,551 autoreload File C:\Users\Abhihail Jacob\AppData\Local\Programs\Python\Python311\Lib\site-packages\django\core\signing.py first seen with mtime 1768573765.9904957
[DEBUG] 2026-01-28 21:11:56,551 autoreload File C:\Users\Abhihail Jacob\AppData\Local\Programs\Python\Python311\Lib\site-packages\django\db\models\fields\related_lookups.py first seen with mtime 1768573766.1930363
[DEBUG] 2026-01-28 21:11:56,551 autoreload File C:\Users\Abhihail Jacob\AppData\Local\Programs\Python\Python311\Lib\site-packages\django\db\models\deletion.py first seen with mtime 1768573766.173643
[DEBUG] 2026-01-28 21:11:56,551 autoreload File C:\Users\Abhihail Jacob\AppData\Local\Programs\Python\Python311\Lib\site-packages\django\db\migrations\operations\__init__.py first seen with mtime 1768573766.1625233
[DEBUG] 2026-01-28 21:11:56,552 autoreload File C:\Users\Abhihail Jacob\AppData\Local\Programs\Python\Python311\Lib\site-packages\rest_framework\utils\formatting.py first seen with mtime 1769439193.8985026
[DEBUG] 2026-01-28 21:11:56,552 autoreload File C:\Users\Abhihail Jacob\AppData\Local\Programs\Python\Python311\Lib\site-packages\django\utils\formats.py first seen with mtime 1768573766.3872533
[DEBUG] 2026-01-28 21:11:56,554 autoreload File C:\Users\Abhihail Jacob\AppData\Local\Programs\Python\Python311\Lib\site-packages\rest_framework\utils\json.py first seen with mtime 1769439193.9015636
[DEBUG] 2026-01-28 21:11:56,554 autoreload File C:\Users\Abhihail Jacob\AppData\Local\Programs\Python\Python311\Lib\_weakrefset.py first seen with mtime 1707239442.0
[DEBUG] 2026-01-28 21:11:56,554 autoreload File C:\Users\Abhihail Jacob\AppData\Local\Programs\Python\Python311\Lib\pickle.py first seen with mtime 1707239442.0
[DEBUG] 2026-01-28 21:11:56,554 autoreload File C:\Users\Abhihail Jacob\AppData\Local\Programs\Python\Python311\Lib\site-packages\django\contrib\admin\templatetags\admin_urls.py first seen with mtime 1768573762.9560928
[DEBUG] 2026-01-28 21:11:56,554 autoreload File C:\Users\Abhihail Jacob\AppData\Local\Programs\Python\Python311\Lib\site-packages\django\forms\formsets.py first seen with mtime 1768573766.2086406
[DEBUG] 2026-01-28 21:11:56,554 autoreload File C:\Users\Abhihail Jacob\AppData\Local\Programs\Python\Python311\Lib\site-packages\django\contrib\sessions\apps.py first seen with mtime 1768573765.4795747
[DEBUG] 2026-01-28 21:11:56,554 autoreload File C:\Users\Abhihail Jacob\AppData\Local\Programs\Python\Python311\Lib\site-packages\django\contrib\contenttypes\views.py first seen with mtime 1768573763.6654882
[DEBUG] 2026-01-28 21:11:56,554 autoreload File C:\Users\Abhihail Jacob\AppData\Local\Programs\Python\Python311\Lib\site-packages\_distutils_hack\__init__.py first seen with mtime 1767353014.066525
[DEBUG] 2026-01-28 21:11:56,554 autoreload File C:\Users\Abhihail Jacob\AppData\Local\Programs\Python\Python311\Lib\site-packages\django\db\backends\base\schema.py first seen with mtime 1768573766.1028438
[DEBUG] 2026-01-28 21:11:56,554 autoreload File C:\Users\Abhihail Jacob\AppData\Local\Programs\Python\Python311\Lib\site-packages\django\core\handlers\asgi.py first seen with mtime 1768573766.0356934
[DEBUG] 2026-01-28 21:11:56,554 autoreload File C:\Users\Abhihail Jacob\AppData\Local\Programs\Python\Python311\Lib\site-packages\django\db\models\fields\tuple_lookups.py first seen with mtime 1768573766.1930363
[DEBUG] 2026-01-28 21:11:56,554 autoreload File C:\Users\Abhihail Jacob\AppData\Local\Programs\Python\Python311\Lib\site-packages\rest_framework\filters.py first seen with mtime 1769439193.5904508
[DEBUG] 2026-01-28 21:11:56,554 autoreload File C:\Users\Abhihail Jacob\AppData\Local\Programs\Python\Python311\Lib\site-packages\django\db\models\fields\related.py first seen with mtime 1768573766.1910298
[DEBUG] 2026-01-28 21:11:56,558 autoreload File C:\Users\Abhihail Jacob\AppData\Local\Programs\Python\Python311\Lib\site-packages\django\core\checks\security\sessions.py first seen with mtime 1768573766.00599
[DEBUG] 2026-01-28 21:11:56,558 autoreload File C:\Users\Abhihail Jacob\AppData\Local\Programs\Python\Python311\Lib\site-packages\rest_framework\request.py first seen with mtime 1769439193.602058
[DEBUG] 2026-01-28 21:11:56,558 autoreload File C:\Users\Abhihail Jacob\AppData\Local\Programs\Python\Python311\Lib\site-packages\django\contrib\messages\storage\base.py first seen with mtime 1768573764.9386082
[DEBUG] 2026-01-28 21:11:56,559 autoreload File C:\Users\Abhihail Jacob\AppData\Local\Programs\Python\Python311\Lib\asyncio\tasks.py first seen with mtime 1707239442.0
[DEBUG] 2026-01-28 21:11:56,559 autoreload File C:\Users\Abhihail Jacob\AppData\Local\Programs\Python\Python311\Lib\site-packages\django\utils\duration.py first seen with mtime 1768573766.3846185
[DEBUG] 2026-01-28 21:11:56,559 autoreload File C:\Users\Abhihail Jacob\AppData\Local\Programs\Python\Python311\Lib\site-packages\sqlparse\sql.py first seen with mtime 1768573760.2135818
[DEBUG] 2026-01-28 21:11:56,559 autoreload File C:\Users\Abhihail Jacob\AppData\Local\Programs\Python\Python311\Lib\sqlite3\__init__.py first seen with mtime 1707239442.0
[DEBUG] 2026-01-28 21:11:56,560 autoreload File C:\Users\Abhihail Jacob\AppData\Local\Programs\Python\Python311\Lib\site-packages\django\template\loader_tags.py first seen with mtime 1768573766.3341072
[DEBUG] 2026-01-28 21:11:56,560 autoreload File C:\Users\Abhihail Jacob\AppData\Local\Programs\Python\Python311\Lib\site-packages\django\views\decorators\csrf.py first seen with mtime 1768573766.4411752
[DEBUG] 2026-01-28 21:11:56,560 autoreload File C:\Users\Abhihail Jacob\AppData\Local\Programs\Python\Python311\Lib\site-packages\django\db\models\fields\mixins.py first seen with mtime 1768573766.189025
[DEBUG] 2026-01-28 21:11:56,560 autoreload File C:\Users\Abhihail Jacob\AppData\Local\Programs\Python\Python311\Lib\site-packages\django\contrib\auth\__init__.py first seen with mtime 1768573763.2836263
[DEBUG] 2026-01-28 21:11:56,560 autoreload File C:\Users\Abhihail Jacob\AppData\Local\Programs\Python\Python311\Lib\dataclasses.py first seen with mtime 1707239442.0
[DEBUG] 2026-01-28 21:11:56,560 autoreload File C:\Users\Abhihail Jacob\AppData\Local\Programs\Python\Python311\Lib\site-packages\django\conf\locale\__init__.py first seen with mtime 1768573761.3652213
[DEBUG] 2026-01-28 21:11:56,561 autoreload File C:\Users\Abhihail Jacob\AppData\Local\Programs\Python\Python311\Lib\site-packages\django_filters\widgets.py first seen with mtime 1769607637.8143272
[DEBUG] 2026-01-28 21:11:56,561 autoreload File C:\Users\Abhihail Jacob\AppData\Local\Programs\Python\Python311\Lib\typing.py first seen with mtime 1707239442.0
[DEBUG] 2026-01-28 21:11:56,561 autoreload File C:\Users\Abhihail Jacob\AppData\Local\Programs\Python\Python311\Lib\site-packages\django\db\backends\ddl_references.py first seen with mtime 1768573766.0926836
[DEBUG] 2026-01-28 21:11:56,561 autoreload File C:\Users\Abhihail Jacob\AppData\Local\Programs\Python\Python311\Lib\asyncio\transports.py first seen with mtime 1707239442.0
[DEBUG] 2026-01-28 21:11:56,561 autoreload File C:\Users\Abhihail Jacob\AppData\Local\Programs\Python\Python311\Lib\asyncio\taskgroups.py first seen with mtime 1707239442.0
[DEBUG] 2026-01-28 21:11:56,561 autoreload File C:\Users\Abhihail Jacob\AppData\Local\Programs\Python\Python311\Lib\site-packages\sqlparse\__init__.py first seen with mtime 1768573760.194264
[DEBUG] 2026-01-28 21:11:56,562 autoreload File C:\Users\Abhihail Jacob\AppData\Local\Programs\Python\Python311\Lib\site-packages\django\utils\hashable.py first seen with mtime 1768573766.3882785
[DEBUG] 2026-01-28 21:11:56,562 autoreload File C:\Users\Abhihail Jacob\AppData\Local\Programs\Python\Python311\Lib\site-packages\django\core\mail\message.py first seen with mtime 1768573766.0370164
[DEBUG] 2026-01-28 21:11:56,562 autoreload File C:\Users\Abhihail Jacob\AppData\Local\Programs\Python\Python311\Lib\site-packages\django\db\backends\sqlite3\base.py first seen with mtime 1768573766.1401365
[DEBUG] 2026-01-28 21:11:56,562 autoreload File C:\Users\Abhihail Jacob\AppData\Local\Programs\Python\Python311\Lib\site-packages\django\core\files\base.py first seen with mtime 1768573766.02174
[DEBUG] 2026-01-28 21:11:56,562 autoreload File C:\Users\Abhihail Jacob\AppData\Local\Programs\Python\Python311\Lib\_markupbase.py first seen with mtime 1707239442.0
[DEBUG] 2026-01-28 21:11:56,563 autoreload File C:\Users\Abhihail Jacob\AppData\Local\Programs\Python\Python311\Lib\site-packages\django\contrib\staticfiles\management\commands\runserver.py first seen with mtime 1768573765.9764345
[DEBUG] 2026-01-28 21:11:56,563 autoreload File C:\Users\Abhihail Jacob\AppData\Local\Programs\Python\Python311\Lib\site-packages\django\contrib\auth\decorators.py first seen with mtime 1768573763.2963896
[DEBUG] 2026-01-28 21:11:56,563 autoreload File D:\Python Journey\Python training\python-core\day27\expense_tracker\expenses\views.py first seen with mtime 1769614916.511235
[DEBUG] 2026-01-28 21:11:56,563 autoreload File C:\Users\Abhihail Jacob\AppData\Local\Programs\Python\Python311\Lib\opcode.py first seen with mtime 1707239442.0
[DEBUG] 2026-01-28 21:11:56,563 autoreload File C:\Users\Abhihail Jacob\AppData\Local\Programs\Python\Python311\Lib\http\server.py first seen with mtime 1707239442.0
[DEBUG] 2026-01-28 21:11:56,563 autoreload File C:\Users\Abhihail Jacob\AppData\Local\Programs\Python\Python311\Lib\importlib\__init__.py first seen with mtime 1707239442.0
[DEBUG] 2026-01-28 21:11:56,563 autoreload File C:\Users\Abhihail Jacob\AppData\Local\Programs\Python\Python311\Lib\site-packages\django\db\backends\sqlite3\operations.py first seen with mtime 1768573766.1446218
[DEBUG] 2026-01-28 21:11:56,563 autoreload File C:\Users\Abhihail Jacob\AppData\Local\Programs\Python\Python311\DLLs\_zoneinfo.pyd first seen with mtime 1707239490.0
[DEBUG] 2026-01-28 21:11:56,563 autoreload File C:\Users\Abhihail Jacob\AppData\Local\Programs\Python\Python311\Lib\site-packages\django\core\servers\basehttp.py first seen with mtime 1768573766.086025
[DEBUG] 2026-01-28 21:11:56,563 autoreload File C:\Users\Abhihail Jacob\AppData\Local\Programs\Python\Python311\Lib\site-packages\django\utils\html.py first seen with mtime 1768573766.3901458
[DEBUG] 2026-01-28 21:11:56,566 autoreload File C:\Users\Abhihail Jacob\AppData\Local\Programs\Python\Python311\Lib\site-packages\django\contrib\admin\apps.py first seen with mtime 1768573761.8982975
[DEBUG] 2026-01-28 21:11:56,566 autoreload File C:\Users\Abhihail Jacob\AppData\Local\Programs\Python\Python311\Lib\site-packages\django\utils\connection.py first seen with mtime 1768573766.3770158
[DEBUG] 2026-01-28 21:11:56,566 autoreload File C:\Users\Abhihail Jacob\AppData\Local\Programs\Python\Python311\Lib\site-packages\decouple.py first seen with mtime 1769531738.0061634
[DEBUG] 2026-01-28 21:11:56,566 autoreload File C:\Users\Abhihail Jacob\AppData\Local\Programs\Python\Python311\Lib\site-packages\django\contrib\admin\views\main.py first seen with mtime 1768573762.9638262
[DEBUG] 2026-01-28 21:11:56,566 autoreload File C:\Users\Abhihail Jacob\AppData\Local\Programs\Python\Python311\Lib\site-packages\django\core\management\commands\migrate.py first seen with mtime 1768573766.0671213
[DEBUG] 2026-01-28 21:11:56,566 autoreload File C:\Users\Abhihail Jacob\AppData\Local\Programs\Python\Python311\Lib\site-packages\django\core\serializers\__init__.py first seen with mtime 1768573766.0812006
[DEBUG] 2026-01-28 21:11:56,566 autoreload File C:\Users\Abhihail Jacob\AppData\Local\Programs\Python\Python311\Lib\ssl.py first seen with mtime 1707239442.0
[DEBUG] 2026-01-28 21:11:56,566 autoreload File C:\Users\Abhihail Jacob\AppData\Local\Programs\Python\Python311\Lib\site-packages\django\views\generic\list.py first seen with mtime 1768573766.455198
[DEBUG] 2026-01-28 21:11:56,566 autoreload File C:\Users\Abhihail Jacob\AppData\Local\Programs\Python\Python311\Lib\site-packages\django\core\files\utils.py first seen with mtime 1768573766.0278234
[DEBUG] 2026-01-28 21:11:56,566 autoreload File C:\Users\Abhihail Jacob\AppData\Local\Programs\Python\Python311\Lib\site-packages\django\db\models\fields\generated.py first seen with mtime 1768573766.1875846
[DEBUG] 2026-01-28 21:11:56,566 autoreload File C:\Users\Abhihail Jacob\AppData\Local\Programs\Python\Python311\Lib\site-packages\django\contrib\sessions\backends\base.py first seen with mtime 1768573765.4862201
[DEBUG] 2026-01-28 21:11:56,569 autoreload File C:\Users\Abhihail Jacob\AppData\Local\Programs\Python\Python311\Lib\multiprocessing\reduction.py first seen with mtime 1707239442.0
[DEBUG] 2026-01-28 21:11:56,569 autoreload File C:\Users\Abhihail Jacob\AppData\Local\Programs\Python\Python311\Lib\site-packages\django\contrib\messages\constants.py first seen with mtime 1768573764.9320812
[DEBUG] 2026-01-28 21:11:56,570 autoreload File C:\Users\Abhihail Jacob\AppData\Local\Programs\Python\Python311\Lib\email\_encoded_words.py first seen with mtime 1707239442.0
[DEBUG] 2026-01-28 21:11:56,570 autoreload File C:\Users\Abhihail Jacob\AppData\Local\Programs\Python\Python311\Lib\site-packages\django\db\models\fields\__init__.py first seen with mtime 1768573766.1852217
[DEBUG] 2026-01-28 21:11:56,571 autoreload File C:\Users\Abhihail Jacob\AppData\Local\Programs\Python\Python311\Lib\keyword.py first seen with mtime 1707239442.0
[DEBUG] 2026-01-28 21:11:56,571 autoreload File C:\Users\Abhihail Jacob\AppData\Local\Programs\Python\Python311\Lib\asyncio\futures.py first seen with mtime 1707239442.0
[DEBUG] 2026-01-28 21:11:56,572 autoreload File C:\Users\Abhihail Jacob\AppData\Local\Programs\Python\Python311\Lib\logging\__init__.py first seen with mtime 1707239442.0
[DEBUG] 2026-01-28 21:11:56,572 autoreload File C:\Users\Abhihail Jacob\AppData\Local\Programs\Python\Python311\Lib\glob.py first seen with mtime 1707239442.0
[DEBUG] 2026-01-28 21:11:56,573 autoreload File C:\Users\Abhihail Jacob\AppData\Local\Programs\Python\Python311\Lib\site-packages\django\contrib\staticfiles\views.py first seen with mtime 1768573765.9764345
[DEBUG] 2026-01-28 21:11:56,574 autoreload File C:\Users\Abhihail Jacob\AppData\Local\Programs\Python\Python311\Lib\site-packages\django\utils\regex_helper.py first seen with mtime 1768573766.396915
[DEBUG] 2026-01-28 21:11:56,574 autoreload File C:\Users\Abhihail Jacob\AppData\Local\Programs\Python\Python311\Lib\site-packages\rest_framework\reverse.py first seen with mtime 1769439193.604519
[DEBUG] 2026-01-28 21:11:56,574 autoreload File C:\Users\Abhihail Jacob\AppData\Local\Programs\Python\Python311\Lib\site-packages\django\contrib\auth\management\__init__.py first seen with mtime 1768573763.6325574
[DEBUG] 2026-01-28 21:11:56,574 autoreload File C:\Users\Abhihail Jacob\AppData\Local\Programs\Python\Python311\Lib\multiprocessing\__init__.py first seen with mtime 1707239442.0
[DEBUG] 2026-01-28 21:11:56,574 autoreload File C:\Users\Abhihail Jacob\AppData\Local\Programs\Python\Python311\Lib\site-packages\rest_framework\serializers.py first seen with mtime 1769439193.6072092
[DEBUG] 2026-01-28 21:11:56,574 autoreload File C:\Users\Abhihail Jacob\AppData\Local\Programs\Python\Python311\Lib\site-packages\django_filters\rest_framework\filters.py first seen with mtime 1769607637.878971
[DEBUG] 2026-01-28 21:11:56,575 autoreload File C:\Users\Abhihail Jacob\AppData\Local\Programs\Python\Python311\Lib\argparse.py first seen with mtime 1707239442.0
[DEBUG] 2026-01-28 21:11:56,575 autoreload File C:\Users\Abhihail Jacob\AppData\Local\Programs\Python\Python311\Lib\site-packages\django\core\handlers\__init__.py first seen with mtime 1768573766.034688
[DEBUG] 2026-01-28 21:11:56,577 autoreload File C:\Users\Abhihail Jacob\AppData\Local\Programs\Python\Python311\Lib\site-packages\django_filters\filters.py first seen with mtime 1769607637.8098633
[DEBUG] 2026-01-28 21:11:56,577 autoreload File C:\Users\Abhihail Jacob\AppData\Local\Programs\Python\Python311\Lib\site-packages\django\utils\timesince.py first seen with mtime 1768573766.4017043
[DEBUG] 2026-01-28 21:11:56,577 autoreload File C:\Users\Abhihail Jacob\AppData\Local\Programs\Python\Python311\Lib\email\policy.py first seen with mtime 1707239442.0
[DEBUG] 2026-01-28 21:11:56,578 autoreload File C:\Users\Abhihail Jacob\AppData\Local\Programs\Python\Python311\Lib\site-packages\django\forms\fields.py first seen with mtime 1768573766.2086406
[DEBUG] 2026-01-28 21:11:56,579 autoreload File C:\Users\Abhihail Jacob\AppData\Local\Programs\Python\Python311\Lib\string.py first seen with mtime 1707239442.0
[DEBUG] 2026-01-28 21:11:56,579 autoreload File C:\Users\Abhihail Jacob\AppData\Local\Programs\Python\Python311\Lib\email\generator.py first seen with mtime 1707239442.0
[DEBUG] 2026-01-28 21:11:56,580 autoreload File C:\Users\Abhihail Jacob\AppData\Local\Programs\Python\Python311\Lib\site-packages\django\contrib\sites\requests.py first seen with mtime 1768573765.7358413
[DEBUG] 2026-01-28 21:11:56,580 autoreload File C:\Users\Abhihail Jacob\AppData\Local\Programs\Python\Python311\Lib\site-packages\django\core\mail\utils.py first seen with mtime 1768573766.0370164
[DEBUG] 2026-01-28 21:11:56,581 autoreload File C:\Users\Abhihail Jacob\AppData\Local\Programs\Python\Python311\Lib\site-packages\django\contrib\postgres\search.py first seen with mtime 1768573764.9472187
[DEBUG] 2026-01-28 21:11:56,581 autoreload File C:\Users\Abhihail Jacob\AppData\Local\Programs\Python\Python311\Lib\struct.py first seen with mtime 1707239442.0
[DEBUG] 2026-01-28 21:11:56,582 autoreload File C:\Users\Abhihail Jacob\AppData\Local\Programs\Python\Python311\Lib\inspect.py first seen with mtime 1707239442.0
[DEBUG] 2026-01-28 21:11:56,582 autoreload File C:\Users\Abhihail Jacob\AppData\Local\Programs\Python\Python311\Lib\site-packages\django\db\migrations\operations\models.py first seen with mtime 1768573766.1660938
[DEBUG] 2026-01-28 21:11:56,583 autoreload File C:\Users\Abhihail Jacob\AppData\Local\Programs\Python\Python311\Lib\statistics.py first seen with mtime 1707239442.0
[DEBUG] 2026-01-28 21:11:56,584 autoreload File C:\Users\Abhihail Jacob\AppData\Local\Programs\Python\Python311\Lib\site-packages\rest_framework\apps.py first seen with mtime 1769439193.5794227
[DEBUG] 2026-01-28 21:11:56,584 autoreload File C:\Users\Abhihail Jacob\AppData\Local\Programs\Python\Python311\Lib\site-packages\django\contrib\sessions\__init__.py first seen with mtime 1768573765.4785707
[DEBUG] 2026-01-28 21:11:56,584 autoreload File C:\Users\Abhihail Jacob\AppData\Local\Programs\Python\Python311\Lib\site-packages\django\template\smartif.py first seen with mtime 1768573766.3367052
[DEBUG] 2026-01-28 21:11:56,585 autoreload File C:\Users\Abhihail Jacob\AppData\Local\Programs\Python\Python311\Lib\site-packages\rest_framework\utils\mediatypes.py first seen with mtime 1769439193.9025695
[DEBUG] 2026-01-28 21:11:56,586 autoreload File C:\Users\Abhihail Jacob\AppData\Local\Programs\Python\Python311\Lib\site-packages\django\template\loaders\filesystem.py first seen with mtime 1768573766.345934
[DEBUG] 2026-01-28 21:11:56,588 autoreload File C:\Users\Abhihail Jacob\AppData\Local\Programs\Python\Python311\Lib\re\_compiler.py first seen with mtime 1707239442.0
[DEBUG] 2026-01-28 21:11:56,590 autoreload File C:\Users\Abhihail Jacob\AppData\Local\Programs\Python\Python311\Lib\site-packages\django\db\models\sql\constants.py first seen with mtime 1768573766.2066352
[DEBUG] 2026-01-28 21:11:56,590 autoreload File C:\Users\Abhihail Jacob\AppData\Local\Programs\Python\Python311\Lib\email\headerregistry.py first seen with mtime 1707239442.0
[DEBUG] 2026-01-28 21:11:56,591 autoreload File C:\Users\Abhihail Jacob\AppData\Local\Programs\Python\Python311\Lib\site-packages\django\utils\functional.py first seen with mtime 1768573766.3882785
[DEBUG] 2026-01-28 21:11:56,591 autoreload File C:\Users\Abhihail Jacob\AppData\Local\Programs\Python\Python311\Lib\site-packages\django\utils\timezone.py first seen with mtime 1768573766.4037344
[DEBUG] 2026-01-28 21:11:56,592 autoreload File C:\Users\Abhihail Jacob\AppData\Local\Programs\Python\Python311\Lib\site-packages\django\core\cache\backends\base.py first seen with mtime 1768573765.996519
[DEBUG] 2026-01-28 21:11:56,592 autoreload File C:\Users\Abhihail Jacob\AppData\Local\Programs\Python\Python311\Lib\site-packages\django\contrib\staticfiles\management\__init__.py first seen with mtime 1768573765.9764345
[DEBUG] 2026-01-28 21:11:56,593 autoreload File C:\Users\Abhihail Jacob\AppData\Local\Programs\Python\Python311\Lib\site-packages\django\utils\datastructures.py first seen with mtime 1768573766.3770158
[DEBUG] 2026-01-28 21:11:56,593 autoreload File C:\Users\Abhihail Jacob\AppData\Local\Programs\Python\Python311\Lib\site-packages\sqlparse\cli.py first seen with mtime 1768573760.194264
[DEBUG] 2026-01-28 21:11:56,594 autoreload File C:\Users\Abhihail Jacob\AppData\Local\Programs\Python\Python311\Lib\_compression.py first seen with mtime 1707239442.0
[DEBUG] 2026-01-28 21:11:56,594 autoreload File C:\Users\Abhihail Jacob\AppData\Local\Programs\Python\Python311\Lib\site-packages\django\template\defaultfilters.py first seen with mtime 1768573766.3287086
[DEBUG] 2026-01-28 21:11:56,594 autoreload File C:\Users\Abhihail Jacob\AppData\Local\Programs\Python\Python311\Lib\json\decoder.py first seen with mtime 1707239442.0
[DEBUG] 2026-01-28 21:11:56,594 autoreload File C:\Users\Abhihail Jacob\AppData\Local\Programs\Python\Python311\DLLs\_hashlib.pyd first seen with mtime 1707239490.0
[DEBUG] 2026-01-28 21:11:56,594 autoreload File C:\Users\Abhihail Jacob\AppData\Local\Programs\Python\Python311\Lib\wsgiref\util.py first seen with mtime 1707239442.0
[DEBUG] 2026-01-28 21:11:56,597 autoreload File C:\Users\Abhihail Jacob\AppData\Local\Programs\Python\Python311\Lib\site-packages\django\core\serializers\json.py first seen with mtime 1768573766.0824063
[DEBUG] 2026-01-28 21:11:56,599 autoreload File C:\Users\Abhihail Jacob\AppData\Local\Programs\Python\Python311\Lib\site-packages\django\template\backends\__init__.py first seen with mtime 1768573766.3377554
[DEBUG] 2026-01-28 21:11:56,599 autoreload File C:\Users\Abhihail Jacob\AppData\Local\Programs\Python\Python311\Lib\site-packages\rest_framework\status.py first seen with mtime 1769439193.6083102
[DEBUG] 2026-01-28 21:11:56,600 autoreload File C:\Users\Abhihail Jacob\AppData\Local\Programs\Python\Python311\Lib\locale.py first seen with mtime 1707239442.0
[DEBUG] 2026-01-28 21:11:56,600 autoreload File C:\Users\Abhihail Jacob\AppData\Local\Programs\Python\Python311\Lib\site-packages\django\core\files\temp.py first seen with mtime 1768573766.0255036
[DEBUG] 2026-01-28 21:11:56,600 autoreload File C:\Users\Abhihail Jacob\AppData\Local\Programs\Python\Python311\Lib\site-packages\django\contrib\auth\models.py first seen with mtime 1768573763.3030026
[DEBUG] 2026-01-28 21:11:56,602 autoreload File C:\Users\Abhihail Jacob\AppData\Local\Programs\Python\Python311\Lib\site-packages\rest_framework\schemas\inspectors.py first seen with mtime 1769439193.753724
[DEBUG] 2026-01-28 21:11:56,602 autoreload File C:\Users\Abhihail Jacob\AppData\Local\Programs\Python\Python311\Lib\site-packages\django\contrib\contenttypes\management\__init__.py first seen with mtime 1768573763.9850323
[DEBUG] 2026-01-28 21:11:56,603 autoreload File C:\Users\Abhihail Jacob\AppData\Local\Programs\Python\Python311\Lib\site-packages\django\db\models\functions\mixins.py first seen with mtime 1768573766.2026236
[DEBUG] 2026-01-28 21:11:56,603 autoreload File C:\Users\Abhihail Jacob\AppData\Local\Programs\Python\Python311\Lib\site-packages\django\utils\autoreload.py first seen with mtime 1768573766.3728738
[DEBUG] 2026-01-28 21:11:56,605 autoreload File C:\Users\Abhihail Jacob\AppData\Local\Programs\Python\Python311\Lib\site-packages\django\utils\choices.py first seen with mtime 1768573766.375011
[DEBUG] 2026-01-28 21:11:56,605 autoreload File C:\Users\Abhihail Jacob\AppData\Local\Programs\Python\Python311\Lib\site-packages\django\db\backends\sqlite3\client.py first seen with mtime 1768573766.141156
[DEBUG] 2026-01-28 21:11:56,607 autoreload File C:\Users\Abhihail Jacob\AppData\Local\Programs\Python\Python311\Lib\contextvars.py first seen with mtime 1707239442.0
[DEBUG] 2026-01-28 21:11:56,607 autoreload File C:\Users\Abhihail Jacob\AppData\Local\Programs\Python\Python311\Lib\site-packages\django\views\generic\__init__.py first seen with mtime 1768573766.4499068
[DEBUG] 2026-01-28 21:11:56,608 autoreload File C:\Users\Abhihail Jacob\AppData\Local\Programs\Python\Python311\Lib\asyncio\timeouts.py first seen with mtime 1707239442.0
[DEBUG] 2026-01-28 21:11:56,608 autoreload File C:\Users\Abhihail Jacob\AppData\Local\Programs\Python\Python311\Lib\site-packages\django\views\decorators\common.py first seen with mtime 1768573766.4386194
[DEBUG] 2026-01-28 21:11:56,608 autoreload File C:\Users\Abhihail Jacob\AppData\Local\Programs\Python\Python311\Lib\site-packages\django\utils\asyncio.py first seen with mtime 1768573766.3728738
[DEBUG] 2026-01-28 21:11:56,609 autoreload File C:\Users\Abhihail Jacob\AppData\Local\Programs\Python\Python311\Lib\site-packages\django\contrib\messages\middleware.py first seen with mtime 1768573764.9346037
[DEBUG] 2026-01-28 21:11:56,609 autoreload File C:\Users\Abhihail Jacob\AppData\Local\Programs\Python\Python311\Lib\site-packages\django\contrib\auth\backends.py first seen with mtime 1768573763.2905402
[DEBUG] 2026-01-28 21:11:56,610 autoreload File C:\Users\Abhihail Jacob\AppData\Local\Programs\Python\Python311\Lib\site-packages\django\core\handlers\exception.py first seen with mtime 1768573766.0370164
[DEBUG] 2026-01-28 21:11:56,610 autoreload File C:\Users\Abhihail Jacob\AppData\Local\Programs\Python\Python311\Lib\site-packages\django\core\management\sql.py first seen with mtime 1768573766.051541
[DEBUG] 2026-01-28 21:11:56,610 autoreload File C:\Users\Abhihail Jacob\AppData\Local\Programs\Python\Python311\Lib\ast.py first seen with mtime 1707239442.0
[DEBUG] 2026-01-28 21:11:56,610 autoreload File C:\Users\Abhihail Jacob\AppData\Local\Programs\Python\Python311\Lib\site-packages\django\db\models\fields\json.py first seen with mtime 1768573766.189025
[DEBUG] 2026-01-28 21:11:56,610 autoreload File C:\Users\Abhihail Jacob\AppData\Local\Programs\Python\Python311\Lib\site-packages\django\utils\version.py first seen with mtime 1768573766.4049957
[DEBUG] 2026-01-28 21:11:56,612 autoreload File C:\Users\Abhihail Jacob\AppData\Local\Programs\Python\Python311\Lib\site-packages\django\forms\forms.py first seen with mtime 1768573766.2086406
[DEBUG] 2026-01-28 21:11:56,612 autoreload File C:\Users\Abhihail Jacob\AppData\Local\Programs\Python\Python311\Lib\email\parser.py first seen with mtime 1707239442.0
[DEBUG] 2026-01-28 21:11:56,612 autoreload File C:\Users\Abhihail Jacob\AppData\Local\Programs\Python\Python311\Lib\site-packages\django\utils\cache.py first seen with mtime 1768573766.375011
[DEBUG] 2026-01-28 21:11:56,612 autoreload File C:\Users\Abhihail Jacob\AppData\Local\Programs\Python\Python311\Lib\site-packages\django\middleware\security.py first seen with mtime 1768573766.3226411
[DEBUG] 2026-01-28 21:11:56,612 autoreload File C:\Users\Abhihail Jacob\AppData\Local\Programs\Python\Python311\Lib\site-packages\django\http\multipartparser.py first seen with mtime 1768573766.3120527
[DEBUG] 2026-01-28 21:11:56,612 autoreload File C:\Users\Abhihail Jacob\AppData\Local\Programs\Python\Python311\Lib\zoneinfo\_common.py first seen with mtime 1707239442.0
[DEBUG] 2026-01-28 21:11:56,614 autoreload File C:\Users\Abhihail Jacob\AppData\Local\Programs\Python\Python311\Lib\site-packages\django\forms\utils.py first seen with mtime 1768573766.2233882
[DEBUG] 2026-01-28 21:11:56,614 autoreload File C:\Users\Abhihail Jacob\AppData\Local\Programs\Python\Python311\DLLs\_uuid.pyd first seen with mtime 1707239488.0
[DEBUG] 2026-01-28 21:11:56,614 autoreload File C:\Users\Abhihail Jacob\AppData\Local\Programs\Python\Python311\Lib\encodings\__init__.py first seen with mtime 1707239442.0
[DEBUG] 2026-01-28 21:11:56,614 autoreload File C:\Users\Abhihail Jacob\AppData\Local\Programs\Python\Python311\Lib\site-packages\django\core\management\__init__.py first seen with mtime 1768573766.0480413
[DEBUG] 2026-01-28 21:11:56,614 autoreload File C:\Users\Abhihail Jacob\AppData\Local\Programs\Python\Python311\Lib\site-packages\django\dispatch\dispatcher.py first seen with mtime 1768573766.2086406
[DEBUG] 2026-01-28 21:11:56,614 autoreload File C:\Users\Abhihail Jacob\AppData\Local\Programs\Python\Python311\DLLs\_overlapped.pyd first seen with mtime 1707239490.0
[DEBUG] 2026-01-28 21:11:56,616 autoreload File C:\Users\Abhihail Jacob\AppData\Local\Programs\Python\Python311\Lib\site-packages\django\db\backends\base\base.py first seen with mtime 1768573766.0960538
[DEBUG] 2026-01-28 21:11:56,616 autoreload File C:\Users\Abhihail Jacob\AppData\Local\Programs\Python\Python311\Lib\site-packages\rest_framework\mixins.py first seen with mtime 1769439193.5925877
[DEBUG] 2026-01-28 21:11:56,616 autoreload File C:\Users\Abhihail Jacob\AppData\Local\Programs\Python\Python311\Lib\site-packages\django\db\models\functions\text.py first seen with mtime 1768573766.2026236
[DEBUG] 2026-01-28 21:11:56,617 autoreload File C:\Users\Abhihail Jacob\AppData\Local\Programs\Python\Python311\Lib\email\mime\base.py first seen with mtime 1707239442.0
[DEBUG] 2026-01-28 21:11:56,617 autoreload File C:\Users\Abhihail Jacob\AppData\Local\Programs\Python\Python311\Lib\site-packages\django\contrib\admin\__init__.py first seen with mtime 1768573761.8960052
[DEBUG] 2026-01-28 21:11:56,617 autoreload File C:\Users\Abhihail Jacob\AppData\Local\Programs\Python\Python311\Lib\site-packages\asgiref\local.py first seen with mtime 1768573761.0831225
[DEBUG] 2026-01-28 21:11:56,617 autoreload File C:\Users\Abhihail Jacob\AppData\Local\Programs\Python\Python311\Lib\site-packages\django\core\checks\registry.py first seen with mtime 1768573766.00599
[DEBUG] 2026-01-28 21:11:56,618 autoreload File C:\Users\Abhihail Jacob\AppData\Local\Programs\Python\Python311\Lib\site-packages\django\core\files\images.py first seen with mtime 1768573766.0228972
[DEBUG] 2026-01-28 21:11:56,618 autoreload File C:\Users\Abhihail Jacob\AppData\Local\Programs\Python\Python311\Lib\site-packages\django\db\utils.py first seen with mtime 1768573766.0900056
[DEBUG] 2026-01-28 21:11:56,620 autoreload File C:\Users\Abhihail Jacob\AppData\Local\Programs\Python\Python311\Lib\site-packages\django\template\context.py first seen with mtime 1768573766.3266878
[DEBUG] 2026-01-28 21:11:56,620 autoreload File C:\Users\Abhihail Jacob\AppData\Local\Programs\Python\Python311\Lib\http\client.py first seen with mtime 1707239442.0
[DEBUG] 2026-01-28 21:11:56,621 autoreload File C:\Users\Abhihail Jacob\AppData\Local\Programs\Python\Python311\Lib\site-packages\django\__init__.py first seen with mtime 1768573761.3505023
[DEBUG] 2026-01-28 21:11:56,621 autoreload File C:\Users\Abhihail Jacob\AppData\Local\Programs\Python\Python311\Lib\site-packages\django\db\backends\base\operations.py first seen with mtime 1768573766.1008377
[DEBUG] 2026-01-28 21:11:56,621 autoreload File C:\Users\Abhihail Jacob\AppData\Local\Programs\Python\Python311\Lib\re\_constants.py first seen with mtime 1707239442.0
[DEBUG] 2026-01-28 21:11:56,621 autoreload File C:\Users\Abhihail Jacob\AppData\Local\Programs\Python\Python311\Lib\asyncio\constants.py first seen with mtime 1707239442.0
[DEBUG] 2026-01-28 21:11:56,621 autoreload File C:\Users\Abhihail Jacob\AppData\Local\Programs\Python\Python311\Lib\urllib\__init__.py first seen with mtime 1707239442.0
[DEBUG] 2026-01-28 21:11:56,624 autoreload File C:\Users\Abhihail Jacob\AppData\Local\Programs\Python\Python311\Lib\site-packages\asgiref\sync.py first seen with mtime 1768573761.087159
[DEBUG] 2026-01-28 21:11:56,624 autoreload File C:\Users\Abhihail Jacob\AppData\Local\Programs\Python\Python311\Lib\site-packages\django\contrib\admindocs\__init__.py first seen with mtime 1768573762.9648266
[DEBUG] 2026-01-28 21:11:56,624 autoreload File C:\Users\Abhihail Jacob\AppData\Local\Programs\Python\Python311\Lib\site-packages\django\utils\numberformat.py first seen with mtime 1768573766.396915
[DEBUG] 2026-01-28 21:11:56,626 autoreload File C:\Users\Abhihail Jacob\AppData\Local\Programs\Python\Python311\Lib\site-packages\sqlparse\filters\reindent.py first seen with mtime 1768573760.2273145
[DEBUG] 2026-01-28 21:11:56,626 autoreload File C:\Users\Abhihail Jacob\AppData\Local\Programs\Python\Python311\Lib\site-packages\django\contrib\postgres\utils.py first seen with mtime 1768573764.951229
[DEBUG] 2026-01-28 21:11:56,626 autoreload File C:\Users\Abhihail Jacob\AppData\Local\Programs\Python\Python311\Lib\site-packages\django\core\checks\files.py first seen with mtime 1768573766.00599
[DEBUG] 2026-01-28 21:11:56,626 autoreload File C:\Users\Abhihail Jacob\AppData\Local\Programs\Python\Python311\Lib\site-packages\django\middleware\csrf.py first seen with mtime 1768573766.3193097
[DEBUG] 2026-01-28 21:11:56,627 autoreload File C:\Users\Abhihail Jacob\AppData\Local\Programs\Python\Python311\Lib\site-packages\django\core\servers\__init__.py first seen with mtime 1768573766.086025
[DEBUG] 2026-01-28 21:11:56,627 autoreload File C:\Users\Abhihail Jacob\AppData\Local\Programs\Python\Python311\Lib\site-packages\django\core\checks\security\__init__.py first seen with mtime 1768573766.00599
[DEBUG] 2026-01-28 21:11:56,627 autoreload File C:\Users\Abhihail Jacob\AppData\Local\Programs\Python\Python311\Lib\email\quoprimime.py first seen with mtime 1707239442.0
[DEBUG] 2026-01-28 21:11:56,627 autoreload File C:\Users\Abhihail Jacob\AppData\Local\Programs\Python\Python311\Lib\site-packages\rest_framework\templatetags\rest_framework.py first seen with mtime 1769439193.8929224
[DEBUG] 2026-01-28 21:11:56,627 autoreload File C:\Users\Abhihail Jacob\AppData\Local\Programs\Python\Python311\Lib\site-packages\rest_framework\utils\__init__.py first seen with mtime 1769439193.8944402
[DEBUG] 2026-01-28 21:11:56,628 autoreload File D:\Python Journey\Python training\python-core\day27\expense_tracker\expenses\signals.py first seen with mtime 1769525258.138754
[DEBUG] 2026-01-28 21:11:56,628 autoreload File C:\Users\Abhihail Jacob\AppData\Local\Programs\Python\Python311\Lib\site-packages\django\templatetags\static.py first seen with mtime 1768573766.352118
[DEBUG] 2026-01-28 21:11:56,628 autoreload File C:\Users\Abhihail Jacob\AppData\Local\Programs\Python\Python311\Lib\site-packages\django\contrib\contenttypes\fields.py first seen with mtime 1768573763.6654882
[DEBUG] 2026-01-28 21:11:56,629 autoreload File C:\Users\Abhihail Jacob\AppData\Local\Programs\Python\Python311\Lib\site-packages\django\db\migrations\loader.py first seen with mtime 1768573766.1547213
[DEBUG] 2026-01-28 21:11:56,629 autoreload File C:\Users\Abhihail Jacob\AppData\Local\Programs\Python\Python311\Lib\site-packages\django\urls\conf.py first seen with mtime 1768573766.3644238
[DEBUG] 2026-01-28 21:11:56,630 autoreload File C:\Users\Abhihail Jacob\AppData\Local\Programs\Python\Python311\Lib\site-packages\django\db\models\aggregates.py first seen with mtime 1768573766.167158
[DEBUG] 2026-01-28 21:11:56,630 autoreload File C:\Users\Abhihail Jacob\AppData\Local\Programs\Python\Python311\Lib\site-packages\django\contrib\staticfiles\checks.py first seen with mtime 1768573765.9704657
[DEBUG] 2026-01-28 21:11:56,632 autoreload File C:\Users\Abhihail Jacob\AppData\Local\Programs\Python\Python311\Lib\site-packages\django\templatetags\cache.py first seen with mtime 1768573766.3485656
[DEBUG] 2026-01-28 21:11:56,632 autoreload File C:\Users\Abhihail Jacob\AppData\Local\Programs\Python\Python311\Lib\site-packages\rest_framework\settings.py first seen with mtime 1769439193.6072092
[DEBUG] 2026-01-28 21:11:56,632 autoreload File C:\Users\Abhihail Jacob\AppData\Local\Programs\Python\Python311\Lib\site-packages\django\contrib\auth\tokens.py first seen with mtime 1768573763.3046775
[DEBUG] 2026-01-28 21:11:56,632 autoreload File C:\Users\Abhihail Jacob\AppData\Local\Programs\Python\Python311\Lib\site-packages\django\forms\widgets.py first seen with mtime 1768573766.2243922
[DEBUG] 2026-01-28 21:11:56,633 autoreload File C:\Users\Abhihail Jacob\AppData\Local\Programs\Python\Python311\Lib\site-packages\django\http\cookie.py first seen with mtime 1768573766.3120527
[DEBUG] 2026-01-28 21:11:56,633 autoreload File C:\Users\Abhihail Jacob\AppData\Local\Programs\Python\Python311\Lib\site-packages\django\views\generic\dates.py first seen with mtime 1768573766.4499068
[DEBUG] 2026-01-28 21:11:56,633 autoreload File C:\Users\Abhihail Jacob\AppData\Local\Programs\Python\Python311\Lib\site-packages\django\db\models\enums.py first seen with mtime 1768573766.173643
[DEBUG] 2026-01-28 21:11:56,634 autoreload File C:\Users\Abhihail Jacob\AppData\Local\Programs\Python\Python311\Lib\site-packages\sqlparse\tokens.py first seen with mtime 1768573760.214593
[DEBUG] 2026-01-28 21:11:56,634 autoreload File C:\Users\Abhihail Jacob\AppData\Local\Programs\Python\Python311\Lib\site-packages\django\core\management\commands\makemigrations.py first seen with mtime 1768573766.0651133
[DEBUG] 2026-01-28 21:11:56,634 autoreload File C:\Users\Abhihail Jacob\AppData\Local\Programs\Python\Python311\Lib\site-packages\django\core\files\move.py first seen with mtime 1768573766.0240695
[DEBUG] 2026-01-28 21:11:56,635 autoreload File C:\Users\Abhihail Jacob\AppData\Local\Programs\Python\Python311\Lib\site-packages\django\urls\base.py first seen with mtime 1768573766.3644238
[DEBUG] 2026-01-28 21:11:56,636 autoreload File C:\Users\Abhihail Jacob\AppData\Local\Programs\Python\Python311\Lib\site-packages\django\contrib\auth\validators.py first seen with mtime 1768573763.3046775
[DEBUG] 2026-01-28 21:11:56,636 autoreload File C:\Users\Abhihail Jacob\AppData\Local\Programs\Python\Python311\Lib\site-packages\django\db\models\sql\datastructures.py first seen with mtime 1768573766.2086406
[DEBUG] 2026-01-28 21:11:56,638 autoreload File C:\Users\Abhihail Jacob\AppData\Local\Programs\Python\Python311\Lib\site-packages\rest_framework\__init__.py first seen with mtime 1769439193.577953
[DEBUG] 2026-01-28 21:11:56,638 autoreload File C:\Users\Abhihail Jacob\AppData\Local\Programs\Python\Python311\Lib\site-packages\sqlparse\keywords.py first seen with mtime 1768573760.2101953
[DEBUG] 2026-01-28 21:11:56,639 autoreload File C:\Users\Abhihail Jacob\AppData\Local\Programs\Python\Python311\Lib\asyncio\exceptions.py first seen with mtime 1707239442.0
[DEBUG] 2026-01-28 21:11:56,639 autoreload File C:\Users\Abhihail Jacob\AppData\Local\Programs\Python\Python311\Lib\functools.py first seen with mtime 1707239442.0
[DEBUG] 2026-01-28 21:11:56,640 autoreload File C:\Users\Abhihail Jacob\AppData\Local\Programs\Python\Python311\Lib\ctypes\_endian.py first seen with mtime 1707239442.0
[DEBUG] 2026-01-28 21:11:56,640 autoreload File C:\Users\Abhihail Jacob\AppData\Local\Programs\Python\Python311\Lib\site-packages\django\db\migrations\operations\base.py first seen with mtime 1768573766.1635935
[DEBUG] 2026-01-28 21:11:56,640 autoreload File C:\Users\Abhihail Jacob\AppData\Local\Programs\Python\Python311\Lib\collections\abc.py first seen with mtime 1707239442.0
[DEBUG] 2026-01-28 21:11:56,642 autoreload File D:\Python Journey\Python training\python-core\day27\expense_tracker\expenses\urls.py first seen with mtime 1769608932.4935443
[DEBUG] 2026-01-28 21:11:56,642 autoreload File C:\Users\Abhihail Jacob\AppData\Local\Programs\Python\Python311\Lib\site-packages\django\contrib\sessions\models.py first seen with mtime 1768573765.4839928
[DEBUG] 2026-01-28 21:11:56,642 autoreload File C:\Users\Abhihail Jacob\AppData\Local\Programs\Python\Python311\Lib\site-packages\django\utils\text.py first seen with mtime 1768573766.4017043
[DEBUG] 2026-01-28 21:11:56,643 autoreload File C:\Users\Abhihail Jacob\AppData\Local\Programs\Python\Python311\Lib\site-packages\django\contrib\admin\filters.py first seen with mtime 1768573761.8982975
[DEBUG] 2026-01-28 21:11:56,643 autoreload File C:\Users\Abhihail Jacob\AppData\Local\Programs\Python\Python311\Lib\site-packages\rest_framework\decorators.py first seen with mtime 1769439193.5834553
[DEBUG] 2026-01-28 21:11:56,643 autoreload File C:\Users\Abhihail Jacob\AppData\Local\Programs\Python\Python311\Lib\site-packages\django\utils\deprecation.py first seen with mtime 1768573766.3835814
[DEBUG] 2026-01-28 21:11:56,643 autoreload File C:\Users\Abhihail Jacob\AppData\Local\Programs\Python\Python311\Lib\site-packages\rest_framework\authtoken\apps.py first seen with mtime 1769439193.6206856
[DEBUG] 2026-01-28 21:11:56,643 autoreload File C:\Users\Abhihail Jacob\AppData\Local\Programs\Python\Python311\Lib\site-packages\django\contrib\admin\templatetags\admin_modify.py first seen with mtime 1768573762.9478729
[DEBUG] 2026-01-28 21:11:56,643 autoreload File C:\Users\Abhihail Jacob\AppData\Local\Programs\Python\Python311\Lib\asyncio\selector_events.py first seen with mtime 1707239442.0
[DEBUG] 2026-01-28 21:11:56,643 autoreload File C:\Users\Abhihail Jacob\AppData\Local\Programs\Python\Python311\Lib\site-packages\django\core\cache\__init__.py first seen with mtime 1768573765.9945116
[DEBUG] 2026-01-28 21:11:56,643 autoreload File C:\Users\Abhihail Jacob\AppData\Local\Programs\Python\Python311\Lib\site-packages\django\contrib\admin\templatetags\__init__.py first seen with mtime 1768573762.9478729
[DEBUG] 2026-01-28 21:11:56,643 autoreload File C:\Users\Abhihail Jacob\AppData\Local\Programs\Python\Python311\Lib\site-packages\django\views\decorators\cache.py first seen with mtime 1768573766.4310014
[DEBUG] 2026-01-28 21:11:56,644 autoreload File C:\Users\Abhihail Jacob\AppData\Local\Programs\Python\Python311\Lib\site-packages\django\db\models\sql\where.py first seen with mtime 1768573766.2086406
[DEBUG] 2026-01-28 21:11:56,644 autoreload File C:\Users\Abhihail Jacob\AppData\Local\Programs\Python\Python311\Lib\site-packages\django\conf\__init__.py first seen with mtime 1768573761.35726
[DEBUG] 2026-01-28 21:11:56,644 autoreload File C:\Users\Abhihail Jacob\AppData\Local\Programs\Python\Python311\Lib\site-packages\django_filters\conf.py first seen with mtime 1769607637.8060167
[DEBUG] 2026-01-28 21:11:56,644 autoreload File C:\Users\Abhihail Jacob\AppData\Local\Programs\Python\Python311\Lib\site-packages\django\template\loaders\base.py first seen with mtime 1768573766.3446932
[DEBUG] 2026-01-28 21:11:56,644 autoreload File C:\Users\Abhihail Jacob\AppData\Local\Programs\Python\Python311\Lib\site-packages\django\contrib\contenttypes\forms.py first seen with mtime 1768573763.6654882
[DEBUG] 2026-01-28 21:11:56,644 autoreload File C:\Users\Abhihail Jacob\AppData\Local\Programs\Python\Python311\Lib\site-packages\django\db\models\constants.py first seen with mtime 1768573766.169967
[DEBUG] 2026-01-28 21:11:56,645 autoreload File C:\Users\Abhihail Jacob\AppData\Local\Programs\Python\Python311\Lib\site-packages\django\contrib\admin\templatetags\admin_list.py first seen with mtime 1768573762.9478729
[DEBUG] 2026-01-28 21:11:56,645 autoreload File C:\Users\Abhihail Jacob\AppData\Local\Programs\Python\Python311\Lib\email\_policybase.py first seen with mtime 1707239442.0
[DEBUG] 2026-01-28 21:11:56,645 autoreload File C:\Users\Abhihail Jacob\AppData\Local\Programs\Python\Python311\DLLs\_asyncio.pyd first seen with mtime 1707239490.0
[DEBUG] 2026-01-28 21:11:56,645 autoreload File C:\Users\Abhihail Jacob\AppData\Local\Programs\Python\Python311\Lib\json\encoder.py first seen with mtime 1707239442.0
[DEBUG] 2026-01-28 21:11:56,645 autoreload File C:\Users\Abhihail Jacob\AppData\Local\Programs\Python\Python311\Lib\site-packages\rest_framework\negotiation.py first seen with mtime 1769439193.59543
[DEBUG] 2026-01-28 21:11:56,645 autoreload File C:\Users\Abhihail Jacob\AppData\Local\Programs\Python\Python311\Lib\site-packages\django\contrib\messages\utils.py first seen with mtime 1768573764.9356084
[DEBUG] 2026-01-28 21:11:56,646 autoreload File C:\Users\Abhihail Jacob\AppData\Local\Programs\Python\Python311\Lib\asyncio\coroutines.py first seen with mtime 1707239442.0
[DEBUG] 2026-01-28 21:11:56,646 autoreload File C:\Users\Abhihail Jacob\AppData\Local\Programs\Python\Python311\Lib\site-packages\django\db\models\indexes.py first seen with mtime 1768573766.17687
[DEBUG] 2026-01-28 21:11:56,646 autoreload File C:\Users\Abhihail Jacob\AppData\Local\Programs\Python\Python311\Lib\asyncio\format_helpers.py first seen with mtime 1707239442.0
[DEBUG] 2026-01-28 21:11:56,648 autoreload File C:\Users\Abhihail Jacob\AppData\Local\Programs\Python\Python311\Lib\site-packages\django\views\generic\detail.py first seen with mtime 1768573766.4525778
[DEBUG] 2026-01-28 21:11:56,649 autoreload File C:\Users\Abhihail Jacob\AppData\Local\Programs\Python\Python311\Lib\site-packages\django\db\models\functions\json.py first seen with mtime 1768573766.2000854
[DEBUG] 2026-01-28 21:11:56,649 autoreload File C:\Users\Abhihail Jacob\AppData\Local\Programs\Python\Python311\Lib\site-packages\django\template\defaulttags.py first seen with mtime 1768573766.329716
[DEBUG] 2026-01-28 21:11:56,649 autoreload File C:\Users\Abhihail Jacob\AppData\Local\Programs\Python\Python311\Lib\heapq.py first seen with mtime 1707239442.0
[DEBUG] 2026-01-28 21:11:56,649 autoreload File C:\Users\Abhihail Jacob\AppData\Local\Programs\Python\Python311\Lib\site-packages\django\db\models\manager.py first seen with mtime 1768573766.1779044
[DEBUG] 2026-01-28 21:11:56,649 autoreload File C:\Users\Abhihail Jacob\AppData\Local\Programs\Python\Python311\Lib\site-packages\sqlparse\engine\filter_stack.py first seen with mtime 1768573760.217625
[DEBUG] 2026-01-28 21:11:56,649 autoreload File C:\Users\Abhihail Jacob\AppData\Local\Programs\Python\Python311\Lib\site-packages\django\core\management\commands\__init__.py first seen with mtime 1768573766.0550787
[DEBUG] 2026-01-28 21:11:56,649 autoreload File C:\Users\Abhihail Jacob\AppData\Local\Programs\Python\Python311\Lib\asyncio\trsock.py first seen with mtime 1707239442.0
[DEBUG] 2026-01-28 21:11:56,649 autoreload File C:\Users\Abhihail Jacob\AppData\Local\Programs\Python\Python311\Lib\ctypes\__init__.py first seen with mtime 1707239442.0
[DEBUG] 2026-01-28 21:11:56,650 autoreload File C:\Users\Abhihail Jacob\AppData\Local\Programs\Python\Python311\Lib\site-packages\django\utils\translation\trans_real.py first seen with mtime 1768573766.412633
[DEBUG] 2026-01-28 21:11:56,650 autoreload File C:\Users\Abhihail Jacob\AppData\Local\Programs\Python\Python311\Lib\site-packages\django\db\backends\base\client.py first seen with mtime 1768573766.0975108
[DEBUG] 2026-01-28 21:11:56,650 autoreload File C:\Users\Abhihail Jacob\AppData\Local\Programs\Python\Python311\Lib\encodings\cp1252.py first seen with mtime 1707239442.0
[DEBUG] 2026-01-28 21:11:56,650 autoreload File C:\Users\Abhihail Jacob\AppData\Local\Programs\Python\Python311\Lib\site-packages\django\contrib\staticfiles\management\commands\__init__.py first seen with mtime 1768573765.9764345
[DEBUG] 2026-01-28 21:11:56,650 autoreload File C:\Users\Abhihail Jacob\AppData\Local\Programs\Python\Python311\Lib\site-packages\sqlparse\engine\__init__.py first seen with mtime 1768573760.216614
[DEBUG] 2026-01-28 21:11:56,650 autoreload File C:\Users\Abhihail Jacob\AppData\Local\Programs\Python\Python311\Lib\site-packages\django\contrib\admin\models.py first seen with mtime 1768573761.9078176
[DEBUG] 2026-01-28 21:11:56,651 autoreload File C:\Users\Abhihail Jacob\AppData\Local\Programs\Python\Python311\Lib\sqlite3\dbapi2.py first seen with mtime 1707239442.0
[DEBUG] 2026-01-28 21:11:56,651 autoreload File C:\Users\Abhihail Jacob\AppData\Local\Programs\Python\Python311\Lib\site-packages\django\template\exceptions.py first seen with mtime 1768573766.3318825
[DEBUG] 2026-01-28 21:11:56,651 autoreload File C:\Users\Abhihail Jacob\AppData\Local\Programs\Python\Python311\Lib\site-packages\sqlparse\engine\statement_splitter.py first seen with mtime 1768573760.220672
[DEBUG] 2026-01-28 21:11:56,651 autoreload File C:\Users\Abhihail Jacob\AppData\Local\Programs\Python\Python311\Lib\site-packages\django\db\backends\signals.py first seen with mtime 1768573766.0940945
[DEBUG] 2026-01-28 21:11:56,651 autoreload File C:\Users\Abhihail Jacob\AppData\Local\Programs\Python\Python311\Lib\concurrent\__init__.py first seen with mtime 1707239442.0
[DEBUG] 2026-01-28 21:11:56,652 autoreload File C:\Users\Abhihail Jacob\AppData\Local\Programs\Python\Python311\Lib\site-packages\rest_framework\schemas\generators.py first seen with mtime 1769439193.749997
[DEBUG] 2026-01-28 21:11:56,652 autoreload File C:\Users\Abhihail Jacob\AppData\Local\Programs\Python\Python311\Lib\site-packages\django\core\wsgi.py first seen with mtime 1768573765.9925027
[DEBUG] 2026-01-28 21:11:56,652 autoreload File C:\Users\Abhihail Jacob\AppData\Local\Programs\Python\Python311\Lib\site-packages\django\middleware\clickjacking.py first seen with mtime 1768573766.3169658
[DEBUG] 2026-01-28 21:11:56,654 autoreload File C:\Users\Abhihail Jacob\AppData\Local\Programs\Python\Python311\Lib\site-packages\django\contrib\contenttypes\admin.py first seen with mtime 1768573763.6634834
[DEBUG] 2026-01-28 21:11:56,654 autoreload File C:\Users\Abhihail Jacob\AppData\Local\Programs\Python\Python311\Lib\site-packages\django\core\checks\async_checks.py first seen with mtime 1768573766.004784
[DEBUG] 2026-01-28 21:11:56,654 autoreload File C:\Users\Abhihail Jacob\AppData\Local\Programs\Python\Python311\Lib\site-packages\django_filters\rest_framework\__init__.py first seen with mtime 1769607637.8759546
[DEBUG] 2026-01-28 21:11:56,654 autoreload File C:\Users\Abhihail Jacob\AppData\Local\Programs\Python\Python311\Lib\gzip.py first seen with mtime 1707239442.0
[DEBUG] 2026-01-28 21:11:56,654 autoreload File C:\Users\Abhihail Jacob\AppData\Local\Programs\Python\Python311\Lib\site-packages\django\db\migrations\state.py first seen with mtime 1768573766.1573646
[DEBUG] 2026-01-28 21:11:56,654 autoreload File C:\Users\Abhihail Jacob\AppData\Local\Programs\Python\Python311\Lib\site-packages\django\templatetags\__init__.py first seen with mtime 1768573766.34706
[DEBUG] 2026-01-28 21:11:56,657 autoreload File C:\Users\Abhihail Jacob\AppData\Local\Programs\Python\Python311\Lib\site-packages\django_filters\__init__.py first seen with mtime 1769607637.8037255
[DEBUG] 2026-01-28 21:11:56,657 autoreload File C:\Users\Abhihail Jacob\AppData\Local\Programs\Python\Python311\Lib\site-packages\django\contrib\auth\views.py first seen with mtime 1768573763.3046775
[DEBUG] 2026-01-28 21:11:56,657 autoreload File C:\Users\Abhihail Jacob\AppData\Local\Programs\Python\Python311\Lib\site-packages\rest_framework\relations.py first seen with mtime 1769439193.5985732
[DEBUG] 2026-01-28 21:11:56,657 autoreload File C:\Users\Abhihail Jacob\AppData\Local\Programs\Python\Python311\Lib\site-packages\django\core\files\storage\__init__.py first seen with mtime 1768573766.0288289
[DEBUG] 2026-01-28 21:11:56,657 autoreload File C:\Users\Abhihail Jacob\AppData\Local\Programs\Python\Python311\Lib\site-packages\django\utils\inspect.py first seen with mtime 1768573766.3926706
[DEBUG] 2026-01-28 21:11:56,657 autoreload File C:\Users\Abhihail Jacob\AppData\Local\Programs\Python\Python311\Lib\site-packages\django\core\checks\__init__.py first seen with mtime 1768573765.999102
[DEBUG] 2026-01-28 21:11:56,657 autoreload File C:\Users\Abhihail Jacob\AppData\Local\Programs\Python\Python311\Lib\site-packages\django\middleware\common.py first seen with mtime 1768573766.3183005
[DEBUG] 2026-01-28 21:11:56,657 autoreload File C:\Users\Abhihail Jacob\AppData\Local\Programs\Python\Python311\DLLs\_lzma.pyd first seen with mtime 1707239490.0
[DEBUG] 2026-01-28 21:11:56,657 autoreload File C:\Users\Abhihail Jacob\AppData\Local\Programs\Python\Python311\Lib\site-packages\django\contrib\sessions\base_session.py first seen with mtime 1768573765.4805756
[DEBUG] 2026-01-28 21:11:56,657 autoreload File C:\Users\Abhihail Jacob\AppData\Local\Programs\Python\Python311\Lib\site-packages\django\db\backends\sqlite3\introspection.py first seen with mtime 1768573766.1446218
[DEBUG] 2026-01-28 21:11:56,657 autoreload File C:\Users\Abhihail Jacob\AppData\Local\Programs\Python\Python311\Lib\quopri.py first seen with mtime 1707239442.0
[DEBUG] 2026-01-28 21:11:56,660 autoreload File C:\Users\Abhihail Jacob\AppData\Local\Programs\Python\Python311\Lib\site-packages\django\db\backends\sqlite3\creation.py first seen with mtime 1768573766.14225
[DEBUG] 2026-01-28 21:11:56,660 autoreload File C:\Users\Abhihail Jacob\AppData\Local\Programs\Python\Python311\Lib\site-packages\django\core\exceptions.py first seen with mtime 1768573765.9867442
[DEBUG] 2026-01-28 21:11:56,660 autoreload File C:\Users\Abhihail Jacob\AppData\Local\Programs\Python\Python311\Lib\site-packages\django\views\decorators\debug.py first seen with mtime 1768573766.4434874
[DEBUG] 2026-01-28 21:11:56,660 autoreload File C:\Users\Abhihail Jacob\AppData\Local\Programs\Python\Python311\Lib\site-packages\django\db\migrations\executor.py first seen with mtime 1768573766.1523738
[DEBUG] 2026-01-28 21:11:56,661 autoreload File C:\Users\Abhihail Jacob\AppData\Local\Programs\Python\Python311\Lib\site-packages\django\utils\lorem_ipsum.py first seen with mtime 1768573766.395171
[DEBUG] 2026-01-28 21:11:56,661 autoreload File C:\Users\Abhihail Jacob\AppData\Local\Programs\Python\Python311\Lib\site-packages\django\apps\registry.py first seen with mtime 1768573761.35726
[DEBUG] 2026-01-28 21:11:56,661 autoreload File C:\Users\Abhihail Jacob\AppData\Local\Programs\Python\Python311\Lib\site-packages\django\core\checks\templates.py first seen with mtime 1768573766.00599
[DEBUG] 2026-01-28 21:11:56,661 autoreload File C:\Users\Abhihail Jacob\AppData\Local\Programs\Python\Python311\Lib\site-packages\rest_framework\authtoken\admin.py first seen with mtime 1769439193.6196787
[DEBUG] 2026-01-28 21:11:56,661 autoreload File C:\Users\Abhihail Jacob\AppData\Local\Programs\Python\Python311\Lib\re\_parser.py first seen with mtime 1707239442.0
[DEBUG] 2026-01-28 21:11:56,661 autoreload File C:\Users\Abhihail Jacob\AppData\Local\Programs\Python\Python311\Lib\site-packages\django\contrib\admin\views\__init__.py first seen with mtime 1768573762.9560928
[DEBUG] 2026-01-28 21:11:56,661 autoreload File C:\Users\Abhihail Jacob\AppData\Local\Programs\Python\Python311\Lib\site-packages\django\contrib\postgres\forms\array.py first seen with mtime 1768573764.9622843
[DEBUG] 2026-01-28 21:11:56,664 autoreload File C:\Users\Abhihail Jacob\AppData\Local\Programs\Python\Python311\Lib\asyncio\staggered.py first seen with mtime 1707239442.0
[DEBUG] 2026-01-28 21:11:56,664 autoreload File C:\Users\Abhihail Jacob\AppData\Local\Programs\Python\Python311\Lib\site-packages\django\contrib\admin\templatetags\log.py first seen with mtime 1768573762.9560928
[DEBUG] 2026-01-28 21:11:56,664 autoreload File C:\Users\Abhihail Jacob\AppData\Local\Programs\Python\Python311\Lib\site-packages\django\core\paginator.py first seen with mtime 1768573765.9887507
[DEBUG] 2026-01-28 21:11:56,664 autoreload File C:\Users\Abhihail Jacob\AppData\Local\Programs\Python\Python311\Lib\site-packages\django\db\models\signals.py first seen with mtime 1768573766.1821475
[DEBUG] 2026-01-28 21:11:56,664 autoreload File C:\Users\Abhihail Jacob\AppData\Local\Programs\Python\Python311\Lib\site-packages\rest_framework\authentication.py first seen with mtime 1769439193.5800388
[DEBUG] 2026-01-28 21:11:56,666 autoreload File C:\Users\Abhihail Jacob\AppData\Local\Programs\Python\Python311\Lib\site-packages\django\core\checks\compatibility\django_4_0.py first seen with mtime 1768573766.00599
[DEBUG] 2026-01-28 21:11:56,666 autoreload File C:\Users\Abhihail Jacob\AppData\Local\Programs\Python\Python311\Lib\site-packages\django\contrib\staticfiles\utils.py first seen with mtime 1768573765.9764345
[DEBUG] 2026-01-28 21:11:56,666 autoreload File C:\Users\Abhihail Jacob\AppData\Local\Programs\Python\Python311\Lib\site-packages\django\http\request.py first seen with mtime 1768573766.313158
[DEBUG] 2026-01-28 21:11:56,666 autoreload File C:\Users\Abhihail Jacob\AppData\Local\Programs\Python\Python311\Lib\bisect.py first seen with mtime 1707239442.0
[DEBUG] 2026-01-28 21:11:56,667 autoreload File C:\Users\Abhihail Jacob\AppData\Local\Programs\Python\Python311\Lib\wsgiref\headers.py first seen with mtime 1707239442.0
[DEBUG] 2026-01-28 21:11:56,669 autoreload File C:\Users\Abhihail Jacob\AppData\Local\Programs\Python\Python311\DLLs\_ctypes.pyd first seen with mtime 1707239490.0
[DEBUG] 2026-01-28 21:11:56,669 autoreload File C:\Users\Abhihail Jacob\AppData\Local\Programs\Python\Python311\Lib\site-packages\rest_framework\authtoken\__init__.py first seen with mtime 1769439193.61835
[DEBUG] 2026-01-28 21:11:56,671 autoreload File D:\Python Journey\Python training\python-core\day27\expense_tracker\expenses\admin.py first seen with mtime 1769431797.376498
[DEBUG] 2026-01-28 21:11:56,672 autoreload File C:\Users\Abhihail Jacob\AppData\Local\Programs\Python\Python311\Lib\secrets.py first seen with mtime 1707239442.0
[DEBUG] 2026-01-28 21:11:56,673 autoreload File C:\Users\Abhihail Jacob\AppData\Local\Programs\Python\Python311\Lib\site-packages\django\views\decorators\__init__.py first seen with mtime 1768573766.4310014
[DEBUG] 2026-01-28 21:11:56,673 autoreload File D:\Python Journey\Python training\python-core\day27\expense_tracker\expense_tracker\urls.py first seen with mtime 1769529894.9676082
[DEBUG] 2026-01-28 21:11:56,673 autoreload File C:\Users\Abhihail Jacob\AppData\Local\Programs\Python\Python311\Lib\getpass.py first seen with mtime 1707239442.0
[DEBUG] 2026-01-28 21:11:56,675 autoreload File C:\Users\Abhihail Jacob\AppData\Local\Programs\Python\Python311\Lib\site-packages\django\views\csrf.py first seen with mtime 1768573766.4159112
[DEBUG] 2026-01-28 21:11:56,675 autoreload File C:\Users\Abhihail Jacob\AppData\Local\Programs\Python\Python311\Lib\nturl2path.py first seen with mtime 1707239442.0
[DEBUG] 2026-01-28 21:11:56,675 autoreload File C:\Users\Abhihail Jacob\AppData\Local\Programs\Python\Python311\Lib\copyreg.py first seen with mtime 1707239442.0
[DEBUG] 2026-01-28 21:11:56,675 autoreload File C:\Users\Abhihail Jacob\AppData\Local\Programs\Python\Python311\Lib\asyncio\runners.py first seen with mtime 1707239442.0
[DEBUG] 2026-01-28 21:11:56,675 autoreload File C:\Users\Abhihail Jacob\AppData\Local\Programs\Python\Python311\Lib\site-packages\django\db\models\expressions.py first seen with mtime 1768573766.173643
[DEBUG] 2026-01-28 21:11:56,675 autoreload File C:\Users\Abhihail Jacob\AppData\Local\Programs\Python\Python311\Lib\site-packages\django\templatetags\i18n.py first seen with mtime 1768573766.349569
[DEBUG] 2026-01-28 21:11:56,675 autoreload File C:\Users\Abhihail Jacob\AppData\Local\Programs\Python\Python311\Lib\urllib\parse.py first seen with mtime 1707239442.0
[DEBUG] 2026-01-28 21:11:56,675 autoreload File C:\Users\Abhihail Jacob\AppData\Local\Programs\Python\Python311\Lib\site-packages\rest_framework\parsers.py first seen with mtime 1769439193.59543
[DEBUG] 2026-01-28 21:11:56,675 autoreload File C:\Users\Abhihail Jacob\AppData\Local\Programs\Python\Python311\DLLs\_decimal.pyd first seen with mtime 1707239490.0
[DEBUG] 2026-01-28 21:11:56,675 autoreload File C:\Users\Abhihail Jacob\AppData\Local\Programs\Python\Python311\Lib\asyncio\mixins.py first seen with mtime 1707239442.0
[DEBUG] 2026-01-28 21:11:56,677 autoreload File C:\Users\Abhihail Jacob\AppData\Local\Programs\Python\Python311\Lib\site-packages\django\core\signals.py first seen with mtime 1768573765.9887507
[DEBUG] 2026-01-28 21:11:56,677 autoreload File C:\Users\Abhihail Jacob\AppData\Local\Programs\Python\Python311\Lib\site-packages\django\template\autoreload.py first seen with mtime 1768573766.3246646
[DEBUG] 2026-01-28 21:11:56,677 autoreload File C:\Users\Abhihail Jacob\AppData\Local\Programs\Python\Python311\Lib\email\contentmanager.py first seen with mtime 1707239442.0
[DEBUG] 2026-01-28 21:11:56,677 autoreload File C:\Users\Abhihail Jacob\AppData\Local\Programs\Python\Python311\Lib\multiprocessing\context.py first seen with mtime 1707239442.0
[DEBUG] 2026-01-28 21:11:56,677 autoreload File C:\Users\Abhihail Jacob\AppData\Local\Programs\Python\Python311\Lib\traceback.py first seen with mtime 1707239442.0
[DEBUG] 2026-01-28 21:11:56,677 autoreload File C:\Users\Abhihail Jacob\AppData\Local\Programs\Python\Python311\Lib\site-packages\django\urls\exceptions.py first seen with mtime 1768573766.365674
[DEBUG] 2026-01-28 21:11:56,677 autoreload File C:\Users\Abhihail Jacob\AppData\Local\Programs\Python\Python311\Lib\wsgiref\simple_server.py first seen with mtime 1707239442.0
[DEBUG] 2026-01-28 21:11:56,677 autoreload File C:\Users\Abhihail Jacob\AppData\Local\Programs\Python\Python311\Lib\site-packages\django\views\generic\base.py first seen with mtime 1768573766.4499068
[DEBUG] 2026-01-28 21:11:56,679 autoreload File C:\Users\Abhihail Jacob\AppData\Local\Programs\Python\Python311\Lib\site-packages\django\contrib\messages\storage\__init__.py first seen with mtime 1768573764.9376092
[DEBUG] 2026-01-28 21:11:56,679 autoreload File C:\Users\Abhihail Jacob\AppData\Local\Programs\Python\Python311\Lib\site-packages\django\contrib\auth\hashers.py first seen with mtime 1768573763.29878
[DEBUG] 2026-01-28 21:11:56,679 autoreload File C:\Users\Abhihail Jacob\AppData\Local\Programs\Python\Python311\Lib\email\mime\multipart.py first seen with mtime 1707239442.0
[DEBUG] 2026-01-28 21:11:56,679 autoreload File C:\Users\Abhihail Jacob\AppData\Local\Programs\Python\Python311\Lib\site-packages\asgiref\current_thread_executor.py first seen with mtime 1768573761.0831225
[DEBUG] 2026-01-28 21:11:56,679 autoreload File C:\Users\Abhihail Jacob\AppData\Local\Programs\Python\Python311\Lib\_compat_pickle.py first seen with mtime 1707239442.0
[DEBUG] 2026-01-28 21:11:56,679 autoreload File C:\Users\Abhihail Jacob\AppData\Local\Programs\Python\Python311\Lib\warnings.py first seen with mtime 1707239442.0
[DEBUG] 2026-01-28 21:11:56,679 autoreload File C:\Users\Abhihail Jacob\AppData\Local\Programs\Python\Python311\Lib\concurrent\futures\thread.py first seen with mtime 1707239442.0
[DEBUG] 2026-01-28 21:11:56,679 autoreload File C:\Users\Abhihail Jacob\AppData\Local\Programs\Python\Python311\Lib\bz2.py first seen with mtime 1707239442.0
[DEBUG] 2026-01-28 21:11:56,681 autoreload File C:\Users\Abhihail Jacob\AppData\Local\Programs\Python\Python311\Lib\site-packages\django\conf\global_settings.py first seen with mtime 1768573761.35726
[DEBUG] 2026-01-28 21:11:56,681 autoreload File C:\Users\Abhihail Jacob\AppData\Local\Programs\Python\Python311\Lib\site-packages\django\contrib\contenttypes\checks.py first seen with mtime 1768573763.6654882
[DEBUG] 2026-01-28 21:11:56,681 autoreload File C:\Users\Abhihail Jacob\AppData\Local\Programs\Python\Python311\Lib\site-packages\django\db\backends\utils.py first seen with mtime 1768573766.0940945
[DEBUG] 2026-01-28 21:11:56,681 autoreload File C:\Users\Abhihail Jacob\AppData\Local\Programs\Python\Python311\Lib\site-packages\django\db\models\fields\composite.py first seen with mtime 1768573766.1864605
[DEBUG] 2026-01-28 21:11:56,681 autoreload File C:\Users\Abhihail Jacob\AppData\Local\Programs\Python\Python311\Lib\site-packages\django\db\backends\sqlite3\__init__.py first seen with mtime 1768573766.1376307
[DEBUG] 2026-01-28 21:11:56,681 autoreload File C:\Users\Abhihail Jacob\AppData\Local\Programs\Python\Python311\Lib\site-packages\django\utils\encoding.py first seen with mtime 1768573766.3861785
[DEBUG] 2026-01-28 21:11:56,681 autoreload File C:\Users\Abhihail Jacob\AppData\Local\Programs\Python\Python311\Lib\site-packages\rest_framework\utils\field_mapping.py first seen with mtime 1769439193.896822
[DEBUG] 2026-01-28 21:11:56,681 autoreload File C:\Users\Abhihail Jacob\AppData\Local\Programs\Python\Python311\Lib\site-packages\django\core\files\__init__.py first seen with mtime 1768573766.00599
[DEBUG] 2026-01-28 21:11:56,681 autoreload File C:\Users\Abhihail Jacob\AppData\Local\Programs\Python\Python311\Lib\site-packages\django\db\models\fields\related_descriptors.py first seen with mtime 1768573766.1930363
[DEBUG] 2026-01-28 21:11:56,683 autoreload File C:\Users\Abhihail Jacob\AppData\Local\Programs\Python\Python311\Lib\graphlib.py first seen with mtime 1707239442.0
[DEBUG] 2026-01-28 21:11:56,683 autoreload File C:\Users\Abhihail Jacob\AppData\Local\Programs\Python\Python311\Lib\site-packages\django\core\validators.py first seen with mtime 1768573765.9925027
[DEBUG] 2026-01-28 21:11:56,683 autoreload File C:\Users\Abhihail Jacob\AppData\Local\Programs\Python\Python311\Lib\site-packages\django\template\base.py first seen with mtime 1768573766.3256757
[DEBUG] 2026-01-28 21:11:56,685 autoreload File C:\Users\Abhihail Jacob\AppData\Local\Programs\Python\Python311\Lib\configparser.py first seen with mtime 1707239442.0
[DEBUG] 2026-01-28 21:11:56,685 autoreload File C:\Users\Abhihail Jacob\AppData\Local\Programs\Python\Python311\Lib\site-packages\django\utils\ipv6.py first seen with mtime 1768573766.3926706
[DEBUG] 2026-01-28 21:11:56,685 autoreload File C:\Users\Abhihail Jacob\AppData\Local\Programs\Python\Python311\Lib\email\mime\message.py first seen with mtime 1707239442.0
[DEBUG] 2026-01-28 21:11:56,685 autoreload File C:\Users\Abhihail Jacob\AppData\Local\Programs\Python\Python311\Lib\site-packages\django\db\models\base.py first seen with mtime 1768573766.169967
[DEBUG] 2026-01-28 21:11:56,686 autoreload File C:\Users\Abhihail Jacob\AppData\Local\Programs\Python\Python311\Lib\site-packages\django\db\models\sql\query.py first seen with mtime 1768573766.2086406
[DEBUG] 2026-01-28 21:11:56,687 autoreload File C:\Users\Abhihail Jacob\AppData\Local\Programs\Python\Python311\Lib\email\charset.py first seen with mtime 1707239442.0
[DEBUG] 2026-01-28 21:11:56,689 autoreload File C:\Users\Abhihail Jacob\AppData\Local\Programs\Python\Python311\Lib\site-packages\django\middleware\cache.py first seen with mtime 1768573766.315834
[DEBUG] 2026-01-28 21:11:56,690 autoreload File C:\Users\Abhihail Jacob\AppData\Local\Programs\Python\Python311\Lib\site-packages\rest_framework\validators.py first seen with mtime 1769439193.61512
[DEBUG] 2026-01-28 21:11:56,690 autoreload File C:\Users\Abhihail Jacob\AppData\Local\Programs\Python\Python311\Lib\site-packages\django\core\files\storage\filesystem.py first seen with mtime 1768573766.0314386
[DEBUG] 2026-01-28 21:11:56,691 autoreload File C:\Users\Abhihail Jacob\AppData\Local\Programs\Python\Python311\Lib\asyncio\proactor_events.py first seen with mtime 1707239442.0
[DEBUG] 2026-01-28 21:11:56,691 autoreload File C:\Users\Abhihail Jacob\AppData\Local\Programs\Python\Python311\Lib\zoneinfo\__init__.py first seen with mtime 1707239442.0
[DEBUG] 2026-01-28 21:11:56,691 autoreload File C:\Users\Abhihail Jacob\AppData\Local\Programs\Python\Python311\Lib\re\__init__.py first seen with mtime 1707239442.0
[DEBUG] 2026-01-28 21:11:56,692 autoreload File C:\Users\Abhihail Jacob\AppData\Local\Programs\Python\Python311\Lib\copy.py first seen with mtime 1707239442.0
[DEBUG] 2026-01-28 21:11:56,692 autoreload File C:\Users\Abhihail Jacob\AppData\Local\Programs\Python\Python311\Lib\site-packages\django\urls\resolvers.py first seen with mtime 1768573766.3683329
[DEBUG] 2026-01-28 21:11:56,693 autoreload File C:\Users\Abhihail Jacob\AppData\Local\Programs\Python\Python311\Lib\site-packages\sqlparse\exceptions.py first seen with mtime 1768573760.194264
[DEBUG] 2026-01-28 21:11:56,693 autoreload File C:\Users\Abhihail Jacob\AppData\Local\Programs\Python\Python311\Lib\site-packages\django\contrib\auth\checks.py first seen with mtime 1768573763.2929473
[DEBUG] 2026-01-28 21:11:56,693 autoreload File C:\Users\Abhihail Jacob\AppData\Local\Programs\Python\Python311\Lib\email\__init__.py first seen with mtime 1707239442.0
[DEBUG] 2026-01-28 21:11:56,695 autoreload File C:\Users\Abhihail Jacob\AppData\Local\Programs\Python\Python311\Lib\site-packages\django\core\files\storage\memory.py first seen with mtime 1768573766.0325322
[DEBUG] 2026-01-28 21:11:56,695 autoreload File C:\Users\Abhihail Jacob\AppData\Local\Programs\Python\Python311\Lib\http\__init__.py first seen with mtime 1707239442.0
[DEBUG] 2026-01-28 21:11:56,695 autoreload File C:\Users\Abhihail Jacob\AppData\Local\Programs\Python\Python311\Lib\site-packages\django\core\management\color.py first seen with mtime 1768573766.051541
[DEBUG] 2026-01-28 21:11:56,695 autoreload File C:\Users\Abhihail Jacob\AppData\Local\Programs\Python\Python311\Lib\site-packages\django\db\backends\sqlite3\features.py first seen with mtime 1768573766.1432605
[DEBUG] 2026-01-28 21:11:56,695 autoreload File C:\Users\Abhihail Jacob\AppData\Local\Programs\Python\Python311\Lib\site-packages\django_filters\rest_framework\backends.py first seen with mtime 1769607637.8779652
[DEBUG] 2026-01-28 21:11:56,695 autoreload File C:\Users\Abhihail Jacob\AppData\Local\Programs\Python\Python311\Lib\site-packages\django\core\checks\translation.py first seen with mtime 1768573766.00599
[DEBUG] 2026-01-28 21:11:56,695 autoreload File C:\Users\Abhihail Jacob\AppData\Local\Programs\Python\Python311\DLLs\select.pyd first seen with mtime 1707239488.0
[DEBUG] 2026-01-28 21:11:56,695 autoreload File C:\Users\Abhihail Jacob\AppData\Local\Programs\Python\Python311\Lib\calendar.py first seen with mtime 1707239442.0
[DEBUG] 2026-01-28 21:11:56,695 autoreload File C:\Users\Abhihail Jacob\AppData\Local\Programs\Python\Python311\Lib\site-packages\django\core\files\uploadhandler.py first seen with mtime 1768573766.0265734
[DEBUG] 2026-01-28 21:11:56,695 autoreload File C:\Users\Abhihail Jacob\AppData\Local\Programs\Python\Python311\Lib\site-packages\django\template\utils.py first seen with mtime 1768573766.3367052
[DEBUG] 2026-01-28 21:11:56,695 autoreload File C:\Users\Abhihail Jacob\AppData\Local\Programs\Python\Python311\Lib\site-packages\django\contrib\sessions\backends\__init__.py first seen with mtime 1768573765.4850373
[DEBUG] 2026-01-28 21:11:56,695 autoreload File C:\Users\Abhihail Jacob\AppData\Local\Programs\Python\Python311\Lib\site-packages\django\core\mail\__init__.py first seen with mtime 1768573766.0370164
[DEBUG] 2026-01-28 21:11:56,695 autoreload File C:\Users\Abhihail Jacob\AppData\Local\Programs\Python\Python311\Lib\site-packages\sqlparse\filters\output.py first seen with mtime 1768573760.226123
[DEBUG] 2026-01-28 21:11:56,695 autoreload File C:\Users\Abhihail Jacob\AppData\Local\Programs\Python\Python311\Lib\site-packages\django\db\models\utils.py first seen with mtime 1768573766.1821475
[DEBUG] 2026-01-28 21:11:56,695 autoreload File C:\Users\Abhihail Jacob\AppData\Local\Programs\Python\Python311\Lib\site-packages\django\db\transaction.py first seen with mtime 1768573766.0900056
[DEBUG] 2026-01-28 21:11:56,695 autoreload File C:\Users\Abhihail Jacob\AppData\Local\Programs\Python\Python311\Lib\sysconfig.py first seen with mtime 1707239442.0
[DEBUG] 2026-01-28 21:11:56,695 autoreload File C:\Users\Abhihail Jacob\AppData\Local\Programs\Python\Python311\Lib\site-packages\django\contrib\auth\base_user.py first seen with mtime 1768573763.2916543
[DEBUG] 2026-01-28 21:11:56,695 autoreload File C:\Users\Abhihail Jacob\AppData\Local\Programs\Python\Python311\Lib\site-packages\django\core\checks\model_checks.py first seen with mtime 1768573766.00599
[DEBUG] 2026-01-28 21:11:56,695 autoreload File C:\Users\Abhihail Jacob\AppData\Local\Programs\Python\Python311\Lib\socketserver.py first seen with mtime 1707239442.0
[DEBUG] 2026-01-28 21:11:56,695 autoreload File C:\Users\Abhihail Jacob\AppData\Local\Programs\Python\Python311\Lib\site-packages\django\db\migrations\__init__.py first seen with mtime 1768573766.1483614
[DEBUG] 2026-01-28 21:11:56,695 autoreload File C:\Users\Abhihail Jacob\AppData\Local\Programs\Python\Python311\Lib\site-packages\django\db\backends\base\introspection.py first seen with mtime 1768573766.1008377
[DEBUG] 2026-01-28 21:11:56,695 autoreload File C:\Users\Abhihail Jacob\AppData\Local\Programs\Python\Python311\Lib\wsgiref\handlers.py first seen with mtime 1707239442.0
[DEBUG] 2026-01-28 21:11:56,695 autoreload File C:\Users\Abhihail Jacob\AppData\Local\Programs\Python\Python311\Lib\site-packages\django\views\i18n.py first seen with mtime 1768573766.4286616
[DEBUG] 2026-01-28 21:11:56,695 autoreload File C:\Users\Abhihail Jacob\AppData\Local\Programs\Python\Python311\Lib\site-packages\django\contrib\auth\middleware.py first seen with mtime 1768573763.2997794
[DEBUG] 2026-01-28 21:11:56,695 autoreload File C:\Users\Abhihail Jacob\AppData\Local\Programs\Python\Python311\Lib\site-packages\django\db\backends\base\creation.py first seen with mtime 1768573766.0986624
[DEBUG] 2026-01-28 21:11:56,695 autoreload File C:\Users\Abhihail Jacob\AppData\Local\Programs\Python\Python311\Lib\site-packages\sqlparse\engine\grouping.py first seen with mtime 1768573760.2186356
[DEBUG] 2026-01-28 21:11:56,702 autoreload File C:\Users\Abhihail Jacob\AppData\Local\Programs\Python\Python311\Lib\site-packages\django\contrib\admin\decorators.py first seen with mtime 1768573761.8982975
[DEBUG] 2026-01-28 21:11:56,702 autoreload File C:\Users\Abhihail Jacob\AppData\Local\Programs\Python\Python311\Lib\site-packages\django\core\handlers\wsgi.py first seen with mtime 1768573766.0370164
[DEBUG] 2026-01-28 21:11:56,705 autoreload File C:\Users\Abhihail Jacob\AppData\Local\Programs\Python\Python311\Lib\site-packages\rest_framework\utils\humanize_datetime.py first seen with mtime 1769439193.9005566
[DEBUG] 2026-01-28 21:11:56,707 autoreload File C:\Users\Abhihail Jacob\AppData\Local\Programs\Python\Python311\Lib\site-packages\sqlparse\formatter.py first seen with mtime 1768573760.194264
[DEBUG] 2026-01-28 21:11:56,707 autoreload File C:\Users\Abhihail Jacob\AppData\Local\Programs\Python\Python311\Lib\subprocess.py first seen with mtime 1707239442.0
[DEBUG] 2026-01-28 21:11:56,707 autoreload File C:\Users\Abhihail Jacob\AppData\Local\Programs\Python\Python311\Lib\site-packages\django\contrib\auth\signals.py first seen with mtime 1768573763.3046775
[DEBUG] 2026-01-28 21:11:56,710 autoreload File C:\Users\Abhihail Jacob\AppData\Local\Programs\Python\Python311\Lib\site-packages\django\db\migrations\serializer.py first seen with mtime 1768573766.1573646
[DEBUG] 2026-01-28 21:11:56,710 autoreload File C:\Users\Abhihail Jacob\AppData\Local\Programs\Python\Python311\Lib\site-packages\django\db\backends\sqlite3\schema.py first seen with mtime 1768573766.1468205
[DEBUG] 2026-01-28 21:11:56,710 autoreload File C:\Users\Abhihail Jacob\AppData\Local\Programs\Python\Python311\Lib\token.py first seen with mtime 1707239442.0
[DEBUG] 2026-01-28 21:11:56,710 autoreload File C:\Users\Abhihail Jacob\AppData\Local\Programs\Python\Python311\Lib\site-packages\asgiref\__init__.py first seen with mtime 1768573761.080612
[DEBUG] 2026-01-28 21:11:56,710 autoreload File C:\Users\Abhihail Jacob\AppData\Local\Programs\Python\Python311\Lib\site-packages\django\contrib\admindocs\views.py first seen with mtime 1768573762.969966
[DEBUG] 2026-01-28 21:11:56,710 autoreload File C:\Users\Abhihail Jacob\AppData\Local\Programs\Python\Python311\Lib\site-packages\django\db\migrations\operations\fields.py first seen with mtime 1768573766.1650407
[DEBUG] 2026-01-28 21:11:56,710 autoreload File C:\Users\Abhihail Jacob\AppData\Local\Programs\Python\Python311\Lib\site-packages\django\db\models\functions\__init__.py first seen with mtime 1768573766.1976616
[DEBUG] 2026-01-28 21:11:56,710 autoreload File C:\Users\Abhihail Jacob\AppData\Local\Programs\Python\Python311\Lib\site-packages\django\contrib\admin\templatetags\base.py first seen with mtime 1768573762.9560928
[DEBUG] 2026-01-28 21:11:56,710 autoreload File C:\Users\Abhihail Jacob\AppData\Local\Programs\Python\Python311\Lib\site-packages\django\db\models\functions\datetime.py first seen with mtime 1768573766.1987557
[DEBUG] 2026-01-28 21:11:56,710 autoreload File C:\Users\Abhihail Jacob\AppData\Local\Programs\Python\Python311\Lib\site-packages\django\core\files\uploadedfile.py first seen with mtime 1768573766.0265734
[DEBUG] 2026-01-28 21:11:56,710 autoreload File C:\Users\Abhihail Jacob\AppData\Local\Programs\Python\Python311\Lib\site-packages\django\apps\__init__.py first seen with mtime 1768573761.3505023
[DEBUG] 2026-01-28 21:11:56,710 autoreload File C:\Users\Abhihail Jacob\AppData\Local\Programs\Python\Python311\Lib\site-packages\django\contrib\contenttypes\apps.py first seen with mtime 1768573763.6634834
[DEBUG] 2026-01-28 21:11:56,710 autoreload File C:\Users\Abhihail Jacob\AppData\Local\Programs\Python\Python311\Lib\site-packages\django\core\cache\backends\__init__.py first seen with mtime 1768573765.9945116
[DEBUG] 2026-01-28 21:11:56,710 autoreload File C:\Users\Abhihail Jacob\AppData\Local\Programs\Python\Python311\Lib\site-packages\django\urls\converters.py first seen with mtime 1768573766.365674
[DEBUG] 2026-01-28 21:11:56,710 autoreload File C:\Users\Abhihail Jacob\AppData\Local\Programs\Python\Python311\Lib\site-packages\django\contrib\messages\apps.py first seen with mtime 1768573764.9320812
[DEBUG] 2026-01-28 21:11:56,710 autoreload File C:\Users\Abhihail Jacob\AppData\Local\Programs\Python\Python311\Lib\site-packages\django\templatetags\l10n.py first seen with mtime 1768573766.3510342
[DEBUG] 2026-01-28 21:11:56,710 autoreload File C:\Users\Abhihail Jacob\AppData\Local\Programs\Python\Python311\Lib\html\parser.py first seen with mtime 1707239442.0
[DEBUG] 2026-01-28 21:11:56,710 autoreload File C:\Users\Abhihail Jacob\AppData\Local\Programs\Python\Python311\Lib\json\scanner.py first seen with mtime 1707239442.0
[DEBUG] 2026-01-28 21:11:56,710 autoreload File C:\Users\Abhihail Jacob\AppData\Local\Programs\Python\Python311\Lib\site-packages\django\utils\safestring.py first seen with mtime 1768573766.396915
[DEBUG] 2026-01-28 21:11:56,710 autoreload File C:\Users\Abhihail Jacob\AppData\Local\Programs\Python\Python311\Lib\logging\config.py first seen with mtime 1707239442.0
[DEBUG] 2026-01-28 21:11:56,710 autoreload File C:\Users\Abhihail Jacob\AppData\Local\Programs\Python\Python311\Lib\site-packages\django\forms\__init__.py first seen with mtime 1768573766.2086406
[DEBUG] 2026-01-28 21:11:56,710 autoreload File C:\Users\Abhihail Jacob\AppData\Local\Programs\Python\Python311\Lib\email\mime\text.py first seen with mtime 1707239442.0
[DEBUG] 2026-01-28 21:11:56,710 autoreload File C:\Users\Abhihail Jacob\AppData\Local\Programs\Python\Python311\Lib\reprlib.py first seen with mtime 1707239442.0
[DEBUG] 2026-01-28 21:11:56,710 autoreload File C:\Users\Abhihail Jacob\AppData\Local\Programs\Python\Python311\Lib\site-packages\django\contrib\sessions\exceptions.py first seen with mtime 1768573765.481574
[DEBUG] 2026-01-28 21:11:56,710 autoreload File C:\Users\Abhihail Jacob\AppData\Local\Programs\Python\Python311\Lib\site-packages\django\template\backends\django.py first seen with mtime 1768573766.340093
[DEBUG] 2026-01-28 21:11:56,714 autoreload File C:\Users\Abhihail Jacob\AppData\Local\Programs\Python\Python311\Lib\site-packages\rest_framework\views.py first seen with mtime 1769439193.616235
[DEBUG] 2026-01-28 21:11:56,714 autoreload File C:\Users\Abhihail Jacob\AppData\Local\Programs\Python\Python311\Lib\pathlib.py first seen with mtime 1707239442.0
[DEBUG] 2026-01-28 21:11:56,714 autoreload File C:\Users\Abhihail Jacob\AppData\Local\Programs\Python\Python311\Lib\linecache.py first seen with mtime 1707239442.0
[DEBUG] 2026-01-28 21:11:56,714 autoreload File C:\Users\Abhihail Jacob\AppData\Local\Programs\Python\Python311\Lib\site-packages\django\db\__init__.py first seen with mtime 1768573766.086025
[DEBUG] 2026-01-28 21:11:56,714 autoreload File C:\Users\Abhihail Jacob\AppData\Local\Programs\Python\Python311\Lib\site-packages\django\contrib\staticfiles\handlers.py first seen with mtime 1768573765.9718542
[DEBUG] 2026-01-28 21:11:56,714 autoreload File D:\Python Journey\Python training\python-core\day27\expense_tracker\expenses\serializers.py first seen with mtime 1769439405.3790536
[DEBUG] 2026-01-28 21:11:56,714 autoreload File C:\Users\Abhihail Jacob\AppData\Local\Programs\Python\Python311\Lib\site-packages\django\template\loader.py first seen with mtime 1768573766.3329604
[DEBUG] 2026-01-28 21:11:56,714 autoreload File C:\Users\Abhihail Jacob\AppData\Local\Programs\Python\Python311\Lib\site-packages\django\middleware\__init__.py first seen with mtime 1768573766.313158
[DEBUG] 2026-01-28 21:11:56,714 autoreload File C:\Users\Abhihail Jacob\AppData\Local\Programs\Python\Python311\Lib\site-packages\django\templatetags\tz.py first seen with mtime 1768573766.3534124
[DEBUG] 2026-01-28 21:11:56,714 autoreload File C:\Users\Abhihail Jacob\AppData\Local\Programs\Python\Python311\Lib\difflib.py first seen with mtime 1707239442.0
[DEBUG] 2026-01-28 21:11:56,714 autoreload File C:\Users\Abhihail Jacob\AppData\Local\Programs\Python\Python311\Lib\site-packages\django\contrib\postgres\__init__.py first seen with mtime 1768573764.9416094
[DEBUG] 2026-01-28 21:11:56,714 autoreload File C:\Users\Abhihail Jacob\AppData\Local\Programs\Python\Python311\Lib\site-packages\django\urls\utils.py first seen with mtime 1768573766.3683329
[DEBUG] 2026-01-28 21:11:56,714 autoreload File C:\Users\Abhihail Jacob\AppData\Local\Programs\Python\Python311\Lib\site-packages\django\contrib\sites\shortcuts.py first seen with mtime 1768573765.7358413
[DEBUG] 2026-01-28 21:11:56,714 autoreload File C:\Users\Abhihail Jacob\AppData\Local\Programs\Python\Python311\Lib\site-packages\django\db\models\functions\comparison.py first seen with mtime 1768573766.1987557
[DEBUG] 2026-01-28 21:11:56,714 autoreload File C:\Users\Abhihail Jacob\AppData\Local\Programs\Python\Python311\Lib\email\mime\nonmultipart.py first seen with mtime 1707239442.0
[DEBUG] 2026-01-28 21:11:56,714 autoreload File D:\Python Journey\Python training\python-core\day27\expense_tracker\expenses\apps.py first seen with mtime 1769524990.697551
[DEBUG] 2026-01-28 21:11:56,714 autoreload File C:\Users\Abhihail Jacob\AppData\Local\Programs\Python\Python311\Lib\pprint.py first seen with mtime 1707239442.0
[DEBUG] 2026-01-28 21:11:56,714 autoreload File C:\Users\Abhihail Jacob\AppData\Local\Programs\Python\Python311\Lib\site-packages\django\db\migrations\operations\special.py first seen with mtime 1768573766.167158
[DEBUG] 2026-01-28 21:11:56,714 autoreload File C:\Users\Abhihail Jacob\AppData\Local\Programs\Python\Python311\Lib\site-packages\django\core\checks\caches.py first seen with mtime 1768573766.00599
[DEBUG] 2026-01-28 21:11:56,714 autoreload File C:\Users\Abhihail Jacob\AppData\Local\Programs\Python\Python311\Lib\importlib\_abc.py first seen with mtime 1707239442.0
[DEBUG] 2026-01-28 21:11:56,714 autoreload File C:\Users\Abhihail Jacob\AppData\Local\Programs\Python\Python311\Lib\weakref.py first seen with mtime 1707239442.0
[DEBUG] 2026-01-28 21:11:56,714 autoreload File C:\Users\Abhihail Jacob\AppData\Local\Programs\Python\Python311\Lib\base64.py first seen with mtime 1707239442.0
[DEBUG] 2026-01-28 21:11:56,714 autoreload File C:\Users\Abhihail Jacob\AppData\Local\Programs\Python\Python311\Lib\asyncio\windows_events.py first seen with mtime 1707239442.0
[DEBUG] 2026-01-28 21:11:56,714 autoreload File C:\Users\Abhihail Jacob\AppData\Local\Programs\Python\Python311\Lib\site-packages\django\contrib\postgres\lookups.py first seen with mtime 1768573764.9472187
[DEBUG] 2026-01-28 21:11:56,719 autoreload File C:\Users\Abhihail Jacob\AppData\Local\Programs\Python\Python311\Lib\site-packages\django\contrib\sessions\middleware.py first seen with mtime 1768573765.4825745
[DEBUG] 2026-01-28 21:11:56,719 autoreload File C:\Users\Abhihail Jacob\AppData\Local\Programs\Python\Python311\Lib\re\_casefix.py first seen with mtime 1707239442.0
[DEBUG] 2026-01-28 21:11:56,720 autoreload File C:\Users\Abhihail Jacob\AppData\Local\Programs\Python\Python311\Lib\site-packages\django\core\files\locks.py first seen with mtime 1768573766.0228972
[DEBUG] 2026-01-28 21:11:56,720 autoreload File C:\Users\Abhihail Jacob\AppData\Local\Programs\Python\Python311\Lib\site-packages\django\utils\__init__.py first seen with mtime 1768573766.3683329
[DEBUG] 2026-01-28 21:11:56,720 autoreload File C:\Users\Abhihail Jacob\AppData\Local\Programs\Python\Python311\Lib\site-packages\django\utils\dateparse.py first seen with mtime 1768573766.3790207
[DEBUG] 2026-01-28 21:11:56,720 autoreload File C:\Users\Abhihail Jacob\AppData\Local\Programs\Python\Python311\Lib\encodings\aliases.py first seen with mtime 1707239442.0
[DEBUG] 2026-01-28 21:11:56,720 autoreload File C:\Users\Abhihail Jacob\AppData\Local\Programs\Python\Python311\Lib\site-packages\rest_framework\schemas\__init__.py first seen with mtime 1769439193.749997
[DEBUG] 2026-01-28 21:11:56,720 autoreload File C:\Users\Abhihail Jacob\AppData\Local\Programs\Python\Python311\Lib\http\cookies.py first seen with mtime 1707239442.0
[DEBUG] 2026-01-28 21:11:56,720 autoreload File C:\Users\Abhihail Jacob\AppData\Local\Programs\Python\Python311\Lib\site-packages\django\core\files\storage\base.py first seen with mtime 1768573766.0299988
[DEBUG] 2026-01-28 21:11:56,720 autoreload File C:\Users\Abhihail Jacob\AppData\Local\Programs\Python\Python311\Lib\site-packages\django\utils\translation\__init__.py first seen with mtime 1768573766.4077995
[DEBUG] 2026-01-28 21:11:56,720 autoreload File C:\Users\Abhihail Jacob\AppData\Local\Programs\Python\Python311\Lib\site-packages\rest_framework\schemas\coreapi.py first seen with mtime 1769439193.749997
[DEBUG] 2026-01-28 21:11:56,720 autoreload File C:\Users\Abhihail Jacob\AppData\Local\Programs\Python\Python311\Lib\email\header.py first seen with mtime 1707239442.0
[DEBUG] 2026-01-28 21:11:56,720 autoreload File C:\Users\Abhihail Jacob\AppData\Local\Programs\Python\Python311\Lib\site-packages\django\template\loaders\cached.py first seen with mtime 1768573766.345934
[DEBUG] 2026-01-28 21:11:56,720 autoreload File C:\Users\Abhihail Jacob\AppData\Local\Programs\Python\Python311\Lib\queue.py first seen with mtime 1707239442.0
[DEBUG] 2026-01-28 21:11:56,720 autoreload File C:\Users\Abhihail Jacob\AppData\Local\Programs\Python\Python311\Lib\site-packages\django\http\__init__.py first seen with mtime 1768573766.3102252
[DEBUG] 2026-01-28 21:11:56,720 autoreload File C:\Users\Abhihail Jacob\AppData\Local\Programs\Python\Python311\Lib\asyncio\subprocess.py first seen with mtime 1707239442.0
[DEBUG] 2026-01-28 21:11:56,720 autoreload File C:\Users\Abhihail Jacob\AppData\Local\Programs\Python\Python311\Lib\site-packages\django\db\migrations\optimizer.py first seen with mtime 1768573766.1558115
[DEBUG] 2026-01-28 21:11:56,720 autoreload File C:\Users\Abhihail Jacob\AppData\Local\Programs\Python\Python311\Lib\site-packages\rest_framework\pagination.py first seen with mtime 1769439193.59543
[DEBUG] 2026-01-28 21:11:56,720 autoreload File C:\Users\Abhihail Jacob\AppData\Local\Programs\Python\Python311\Lib\site-packages\django\http\response.py first seen with mtime 1768573766.313158
[DEBUG] 2026-01-28 21:11:56,720 autoreload File C:\Users\Abhihail Jacob\AppData\Local\Programs\Python\Python311\Lib\site-packages\django\core\checks\compatibility\__init__.py first seen with mtime 1768573766.00599
[DEBUG] 2026-01-28 21:11:56,720 autoreload File C:\Users\Abhihail Jacob\AppData\Local\Programs\Python\Python311\Lib\fnmatch.py first seen with mtime 1707239442.0
[DEBUG] 2026-01-28 21:11:56,720 autoreload File C:\Users\Abhihail Jacob\AppData\Local\Programs\Python\Python311\Lib\site-packages\sqlparse\filters\right_margin.py first seen with mtime 1768573760.228804
[DEBUG] 2026-01-28 21:11:56,720 autoreload File C:\Users\Abhihail Jacob\AppData\Local\Programs\Python\Python311\Lib\site-packages\django\contrib\admin\exceptions.py first seen with mtime 1768573761.8982975
[DEBUG] 2026-01-28 21:11:56,720 autoreload File C:\Users\Abhihail Jacob\AppData\Local\Programs\Python\Python311\Lib\site-packages\django\db\backends\base\features.py first seen with mtime 1768573766.0998108
[DEBUG] 2026-01-28 21:11:56,720 autoreload File C:\Users\Abhihail Jacob\AppData\Local\Programs\Python\Python311\Lib\site-packages\django\contrib\auth\forms.py first seen with mtime 1768573763.2973888
[DEBUG] 2026-01-28 21:11:56,720 autoreload File C:\Users\Abhihail Jacob\AppData\Local\Programs\Python\Python311\Lib\site-packages\django\contrib\staticfiles\apps.py first seen with mtime 1768573765.9693735
[DEBUG] 2026-01-28 21:11:56,720 autoreload File C:\Users\Abhihail Jacob\AppData\Local\Programs\Python\Python311\Lib\site-packages\rest_framework\renderers.py first seen with mtime 1769439193.5985732
[DEBUG] 2026-01-28 21:11:56,720 autoreload File C:\Users\Abhihail Jacob\AppData\Local\Programs\Python\Python311\Lib\asyncio\streams.py first seen with mtime 1707239442.0
[DEBUG] 2026-01-28 21:11:56,720 autoreload File C:\Users\Abhihail Jacob\AppData\Local\Programs\Python\Python311\Lib\email\feedparser.py first seen with mtime 1707239442.0
[DEBUG] 2026-01-28 21:11:56,720 autoreload File C:\Users\Abhihail Jacob\AppData\Local\Programs\Python\Python311\Lib\site-packages\django\views\static.py first seen with mtime 1768573766.4310014
[DEBUG] 2026-01-28 21:11:56,720 autoreload File C:\Users\Abhihail Jacob\AppData\Local\Programs\Python\Python311\Lib\site-packages\django\contrib\__init__.py first seen with mtime 1768573761.8924966
[DEBUG] 2026-01-28 21:11:56,720 autoreload File C:\Users\Abhihail Jacob\AppData\Local\Programs\Python\Python311\Lib\site-packages\django\contrib\admin\checks.py first seen with mtime 1768573761.8982975
[DEBUG] 2026-01-28 21:11:56,720 autoreload File C:\Users\Abhihail Jacob\AppData\Local\Programs\Python\Python311\Lib\site-packages\django\utils\module_loading.py first seen with mtime 1768573766.396915
[DEBUG] 2026-01-28 21:11:56,720 autoreload File C:\Users\Abhihail Jacob\AppData\Local\Programs\Python\Python311\Lib\tokenize.py first seen with mtime 1707239442.0
[DEBUG] 2026-01-28 21:11:56,720 autoreload File C:\Users\Abhihail Jacob\AppData\Local\Programs\Python\Python311\Lib\site-packages\django\db\models\constraints.py first seen with mtime 1768573766.1725698
[DEBUG] 2026-01-28 21:11:56,720 autoreload File C:\Users\Abhihail Jacob\AppData\Local\Programs\Python\Python311\Lib\email\_parseaddr.py first seen with mtime 1707239442.0
[DEBUG] 2026-01-28 21:11:56,720 autoreload File C:\Users\Abhihail Jacob\AppData\Local\Programs\Python\Python311\Lib\site-packages\django\core\serializers\base.py first seen with mtime 1768573766.0812006
[DEBUG] 2026-01-28 21:11:56,720 autoreload File C:\Users\Abhihail Jacob\AppData\Local\Programs\Python\Python311\Lib\site-packages\django\utils\tree.py first seen with mtime 1768573766.4049957
[DEBUG] 2026-01-28 21:11:56,720 autoreload File C:\Users\Abhihail Jacob\AppData\Local\Programs\Python\Python311\Lib\site-packages\sqlparse\utils.py first seen with mtime 1768573760.215604
[DEBUG] 2026-01-28 21:11:56,720 autoreload File C:\Users\Abhihail Jacob\AppData\Local\Programs\Python\Python311\Lib\site-packages\django_filters\utils.py first seen with mtime 1769607637.811867
[DEBUG] 2026-01-28 21:11:56,720 autoreload File C:\Users\Abhihail Jacob\AppData\Local\Programs\Python\Python311\Lib\site-packages\django\db\models\fields\reverse_related.py first seen with mtime 1768573766.1930363
[DEBUG] 2026-01-28 21:11:56,720 autoreload File C:\Users\Abhihail Jacob\AppData\Local\Programs\Python\Python311\Lib\site-packages\rest_framework\utils\html.py first seen with mtime 1769439193.8994558
[DEBUG] 2026-01-28 21:11:56,720 autoreload File C:\Users\Abhihail Jacob\AppData\Local\Programs\Python\Python311\Lib\zoneinfo\_tzpath.py first seen with mtime 1707239442.0
[DEBUG] 2026-01-28 21:11:56,720 autoreload File C:\Users\Abhihail Jacob\AppData\Local\Programs\Python\Python311\Lib\site-packages\django\db\models\options.py first seen with mtime 1768573766.1779044
[DEBUG] 2026-01-28 21:11:56,720 autoreload File C:\Users\Abhihail Jacob\AppData\Local\Programs\Python\Python311\Lib\site-packages\django\contrib\contenttypes\__init__.py first seen with mtime 1768573763.6634834
[DEBUG] 2026-01-28 21:11:56,720 autoreload File C:\Users\Abhihail Jacob\AppData\Local\Programs\Python\Python311\Lib\hmac.py first seen with mtime 1707239442.0
[DEBUG] 2026-01-28 21:11:56,720 autoreload File C:\Users\Abhihail Jacob\AppData\Local\Programs\Python\Python311\Lib\numbers.py first seen with mtime 1707239442.0
[DEBUG] 2026-01-28 21:11:56,720 autoreload File C:\Users\Abhihail Jacob\AppData\Local\Programs\Python\Python311\Lib\email\base64mime.py first seen with mtime 1707239442.0
[DEBUG] 2026-01-28 21:11:56,720 autoreload File C:\Users\Abhihail Jacob\AppData\Local\Programs\Python\Python311\Lib\site-packages\django\dispatch\__init__.py first seen with mtime 1768573766.2086406
[DEBUG] 2026-01-28 21:11:56,720 autoreload File C:\Users\Abhihail Jacob\AppData\Local\Programs\Python\Python311\Lib\mimetypes.py first seen with mtime 1707239442.0
[DEBUG] 2026-01-28 21:11:56,731 autoreload File C:\Users\Abhihail Jacob\AppData\Local\Programs\Python\Python311\Lib\site-packages\django\template\library.py first seen with mtime 1768573766.3329604
[DEBUG] 2026-01-28 21:11:56,731 autoreload File C:\Users\Abhihail Jacob\AppData\Local\Programs\Python\Python311\Lib\site-packages\django\contrib\messages\__init__.py first seen with mtime 1768573764.9298742
[DEBUG] 2026-01-28 21:11:56,731 autoreload File C:\Users\Abhihail Jacob\AppData\Local\Programs\Python\Python311\Lib\site-packages\django\core\handlers\base.py first seen with mtime 1768573766.0370164
[DEBUG] 2026-01-28 21:11:56,731 autoreload File C:\Users\Abhihail Jacob\AppData\Local\Programs\Python\Python311\Lib\site-packages\django\utils\dates.py first seen with mtime 1768573766.3810258
[DEBUG] 2026-01-28 21:11:56,731 autoreload File C:\Users\Abhihail Jacob\AppData\Local\Programs\Python\Python311\Lib\datetime.py first seen with mtime 1707239442.0
[DEBUG] 2026-01-28 21:11:56,731 autoreload File C:\Users\Abhihail Jacob\AppData\Local\Programs\Python\Python311\Lib\site-packages\django\forms\models.py first seen with mtime 1768573766.2086406
[DEBUG] 2026-01-28 21:11:56,731 autoreload File C:\Users\Abhihail Jacob\AppData\Local\Programs\Python\Python311\Lib\email\iterators.py first seen with mtime 1707239442.0
[DEBUG] 2026-01-28 21:11:56,731 autoreload File C:\Users\Abhihail Jacob\AppData\Local\Programs\Python\Python311\Lib\site-packages\django\contrib\auth\admin.py first seen with mtime 1768573763.2871418
[DEBUG] 2026-01-28 21:11:56,734 autoreload File C:\Users\Abhihail Jacob\AppData\Local\Programs\Python\Python311\Lib\site-packages\django\apps\config.py first seen with mtime 1768573761.3505023
[DEBUG] 2026-01-28 21:11:56,734 autoreload File C:\Users\Abhihail Jacob\AppData\Local\Programs\Python\Python311\Lib\site-packages\rest_framework\exceptions.py first seen with mtime 1769439193.5870688
[DEBUG] 2026-01-28 21:11:56,734 autoreload File C:\Users\Abhihail Jacob\AppData\Local\Programs\Python\Python311\Lib\site-packages\django\template\loaders\__init__.py first seen with mtime 1768573766.342471
[DEBUG] 2026-01-28 21:11:56,734 autoreload File C:\Users\Abhihail Jacob\AppData\Local\Programs\Python\Python311\Lib\platform.py first seen with mtime 1707239442.0
[DEBUG] 2026-01-28 21:11:56,734 autoreload File C:\Users\Abhihail Jacob\AppData\Local\Programs\Python\Python311\Lib\collections\__init__.py first seen with mtime 1707239442.0
[DEBUG] 2026-01-28 21:11:56,734 autoreload File C:\Users\Abhihail Jacob\AppData\Local\Programs\Python\Python311\Lib\site-packages\rest_framework\utils\encoders.py first seen with mtime 1769439193.8954597
[DEBUG] 2026-01-28 21:11:56,735 autoreload File C:\Users\Abhihail Jacob\AppData\Local\Programs\Python\Python311\Lib\asyncio\protocols.py first seen with mtime 1707239442.0
[DEBUG] 2026-01-28 21:11:56,735 autoreload File C:\Users\Abhihail Jacob\AppData\Local\Programs\Python\Python311\Lib\wsgiref\__init__.py first seen with mtime 1707239442.0
[DEBUG] 2026-01-28 21:11:56,737 autoreload File C:\Users\Abhihail Jacob\AppData\Local\Programs\Python\Python311\Lib\site-packages\django\forms\boundfield.py first seen with mtime 1768573766.2086406
[DEBUG] 2026-01-28 21:11:56,737 autoreload File C:\Users\Abhihail Jacob\AppData\Local\Programs\Python\Python311\Lib\site-packages\rest_framework\checks.py first seen with mtime 1769439193.5814435
[DEBUG] 2026-01-28 21:11:56,738 autoreload File C:\Users\Abhihail Jacob\AppData\Local\Programs\Python\Python311\Lib\site-packages\django\db\migrations\autodetector.py first seen with mtime 1768573766.1483614
[DEBUG] 2026-01-28 21:11:56,738 autoreload File C:\Users\Abhihail Jacob\AppData\Local\Programs\Python\Python311\Lib\site-packages\django\db\migrations\writer.py first seen with mtime 1768573766.1573646
[DEBUG] 2026-01-28 21:11:56,738 autoreload File C:\Users\Abhihail Jacob\AppData\Local\Programs\Python\Python311\Lib\email\message.py first seen with mtime 1707239442.0
[DEBUG] 2026-01-28 21:11:56,739 autoreload File C:\Users\Abhihail Jacob\AppData\Local\Programs\Python\Python311\Lib\site-packages\django\contrib\admin\views\decorators.py first seen with mtime 1768573762.96247
[DEBUG] 2026-01-28 21:11:56,739 autoreload File C:\Users\Abhihail Jacob\AppData\Local\Programs\Python\Python311\Lib\site-packages\django\core\files\storage\handler.py first seen with mtime 1768573766.0314386
[DEBUG] 2026-01-28 21:11:56,740 autoreload File C:\Users\Abhihail Jacob\AppData\Local\Programs\Python\Python311\Lib\site-packages\django\utils\log.py first seen with mtime 1768573766.395171
[DEBUG] 2026-01-28 21:11:56,740 autoreload File C:\Users\Abhihail Jacob\AppData\Local\Programs\Python\Python311\Lib\site-packages\django\core\management\commands\runserver.py first seen with mtime 1768573766.0688658
[DEBUG] 2026-01-28 21:11:56,741 autoreload File D:\Python Journey\Python training\python-core\day27\expense_tracker\expenses\__init__.py first seen with mtime 1769321952.3958075
[DEBUG] 2026-01-28 21:11:56,741 autoreload File C:\Users\Abhihail Jacob\AppData\Local\Programs\Python\Python311\Lib\shutil.py first seen with mtime 1707239442.0
[DEBUG] 2026-01-28 21:11:56,741 autoreload File C:\Users\Abhihail Jacob\AppData\Local\Programs\Python\Python311\Lib\site-packages\django\db\models\sql\__init__.py first seen with mtime 1768573766.2046292
[DEBUG] 2026-01-28 21:11:56,742 autoreload File C:\Users\Abhihail Jacob\AppData\Local\Programs\Python\Python311\Lib\site-packages\django\utils\_os.py first seen with mtime 1768573766.3705251
[DEBUG] 2026-01-28 21:11:56,742 autoreload File C:\Users\Abhihail Jacob\AppData\Local\Programs\Python\Python311\Lib\site-packages\sqlparse\filters\__init__.py first seen with mtime 1768573760.2216825
[DEBUG] 2026-01-28 21:11:56,742 autoreload File C:\Users\Abhihail Jacob\AppData\Local\Programs\Python\Python311\Lib\pkgutil.py first seen with mtime 1707239442.0
[DEBUG] 2026-01-28 21:11:56,742 autoreload File C:\Users\Abhihail Jacob\AppData\Local\Programs\Python\Python311\Lib\email\_header_value_parser.py first seen with mtime 1707239442.0
[DEBUG] 2026-01-28 21:11:56,742 autoreload File C:\Users\Abhihail Jacob\AppData\Local\Programs\Python\Python311\Lib\site-packages\django\db\models\functions\math.py first seen with mtime 1768573766.2011237
[DEBUG] 2026-01-28 21:11:56,743 autoreload File C:\Users\Abhihail Jacob\AppData\Local\Programs\Python\Python311\Lib\site-packages\rest_framework\schemas\openapi.py first seen with mtime 1769439193.754951
[DEBUG] 2026-01-28 21:11:56,743 autoreload File C:\Users\Abhihail Jacob\AppData\Local\Programs\Python\Python311\Lib\urllib\error.py first seen with mtime 1707239442.0
[DEBUG] 2026-01-28 21:11:56,743 autoreload File C:\Users\Abhihail Jacob\AppData\Local\Programs\Python\Python311\Lib\site-packages\django\contrib\auth\password_validation.py first seen with mtime 1768573763.3046775
[DEBUG] 2026-01-28 21:11:56,743 autoreload File C:\Users\Abhihail Jacob\AppData\Local\Programs\Python\Python311\Lib\html\entities.py first seen with mtime 1707239442.0
[DEBUG] 2026-01-28 21:11:56,744 autoreload File C:\Users\Abhihail Jacob\AppData\Local\Programs\Python\Python311\Lib\site-packages\django\template\backends\base.py first seen with mtime 1768573766.3390036
[DEBUG] 2026-01-28 21:11:56,744 autoreload File C:\Users\Abhihail Jacob\AppData\Local\Programs\Python\Python311\Lib\encodings\utf_8.py first seen with mtime 1707239442.0
[DEBUG] 2026-01-28 21:11:56,744 autoreload File C:\Users\Abhihail Jacob\AppData\Local\Programs\Python\Python311\Lib\site-packages\rest_framework\utils\timezone.py first seen with mtime 1769439193.9074163
[DEBUG] 2026-01-28 21:11:56,744 autoreload File C:\Users\Abhihail Jacob\AppData\Local\Programs\Python\Python311\Lib\site-packages\django\utils\crypto.py first seen with mtime 1768573766.3770158
[DEBUG] 2026-01-28 21:11:56,744 autoreload File C:\Users\Abhihail Jacob\AppData\Local\Programs\Python\Python311\Lib\site-packages\django\views\debug.py first seen with mtime 1768573766.422733
[DEBUG] 2026-01-28 21:11:56,745 autoreload File C:\Users\Abhihail Jacob\AppData\Local\Programs\Python\Python311\Lib\site-packages\django\contrib\postgres\forms\hstore.py first seen with mtime 1768573764.9622843
[DEBUG] 2026-01-28 21:11:56,745 autoreload File C:\Users\Abhihail Jacob\AppData\Local\Programs\Python\Python311\Lib\site-packages\rest_framework\utils\urls.py first seen with mtime 1769439193.9088964
[DEBUG] 2026-01-28 21:11:56,745 autoreload File C:\Users\Abhihail Jacob\AppData\Local\Programs\Python\Python311\Lib\site-packages\django\contrib\staticfiles\finders.py first seen with mtime 1768573765.9718542
[DEBUG] 2026-01-28 21:11:56,745 autoreload File C:\Users\Abhihail Jacob\AppData\Local\Programs\Python\Python311\Lib\shlex.py first seen with mtime 1707239442.0
[DEBUG] 2026-01-28 21:11:56,745 autoreload File C:\Users\Abhihail Jacob\AppData\Local\Programs\Python\Python311\Lib\site-packages\django_filters\constants.py first seen with mtime 1769607637.8070168
[DEBUG] 2026-01-28 21:11:56,746 autoreload File C:\Users\Abhihail Jacob\AppData\Local\Programs\Python\Python311\Lib\site-packages\django\contrib\admin\sites.py first seen with mtime 1768573761.911802
[DEBUG] 2026-01-28 21:11:56,746 autoreload File C:\Users\Abhihail Jacob\AppData\Local\Programs\Python\Python311\Lib\ipaddress.py first seen with mtime 1707239442.0
[DEBUG] 2026-01-28 21:11:56,746 autoreload File C:\Users\Abhihail Jacob\AppData\Local\Programs\Python\Python311\Lib\asyncio\queues.py first seen with mtime 1707239442.0
[DEBUG] 2026-01-28 21:11:56,746 autoreload File C:\Users\Abhihail Jacob\AppData\Local\Programs\Python\Python311\Lib\site-packages\django\contrib\staticfiles\__init__.py first seen with mtime 1768573765.9693735
[DEBUG] 2026-01-28 21:11:56,746 autoreload File C:\Users\Abhihail Jacob\AppData\Local\Programs\Python\Python311\Lib\site-packages\django\core\management\base.py first seen with mtime 1768573766.0480413
[DEBUG] 2026-01-28 21:11:56,747 autoreload File C:\Users\Abhihail Jacob\AppData\Local\Programs\Python\Python311\Lib\site-packages\django\views\__init__.py first seen with mtime 1768573766.412633
[DEBUG] 2026-01-28 21:11:56,747 autoreload File C:\Users\Abhihail Jacob\AppData\Local\Programs\Python\Python311\Lib\site-packages\rest_framework\utils\serializer_helpers.py first seen with mtime 1769439193.9047163
[DEBUG] 2026-01-28 21:11:56,747 autoreload File C:\Users\Abhihail Jacob\AppData\Local\Programs\Python\Python311\Lib\site-packages\django\contrib\admin\helpers.py first seen with mtime 1768573761.8982975
[DEBUG] 2026-01-28 21:11:56,748 autoreload File C:\Users\Abhihail Jacob\AppData\Local\Programs\Python\Python311\Lib\ctypes\wintypes.py first seen with mtime 1707239442.0
[DEBUG] 2026-01-28 21:11:56,748 autoreload File D:\Python Journey\Python training\python-core\day27\expense_tracker\expenses\templates\expenses first seen with mtime 1769612553.397234
[DEBUG] 2026-01-28 21:11:56,750 autoreload File D:\Python Journey\Python training\python-core\day27\expense_tracker\expenses\templates\expenses\edit.html first seen with mtime 1769437887.4540844
[DEBUG] 2026-01-28 21:11:56,750 autoreload File D:\Python Journey\Python training\python-core\day27\expense_tracker\expenses\templates\expenses\expense_list.html first seen with mtime 1769337845.2180746
[DEBUG] 2026-01-28 21:11:56,751 autoreload File D:\Python Journey\Python training\python-core\day27\expense_tracker\expenses\templates\expenses\home.html first seen with mtime 1769437486.0827622
[DEBUG] 2026-01-28 21:11:56,752 autoreload File D:\Python Journey\Python training\python-core\day27\expense_tracker\expenses\templates\expenses\login.html first seen with mtime 1769438029.6642244
[DEBUG] 2026-01-28 21:11:56,752 autoreload File D:\Python Journey\Python training\python-core\day27\expense_tracker\expenses\templates\expenses\signup.html first seen with mtime 1769438283.1814852
[DEBUG] 2026-01-28 21:11:56,753 autoreload File C:\Users\Abhihail Jacob\AppData\Local\Programs\Python\Python311\Lib\site-packages\rest_framework\templates\rest_framework first seen with mtime 1769439193.8770278
[DEBUG] 2026-01-28 21:11:56,754 autoreload File C:\Users\Abhihail Jacob\AppData\Local\Programs\Python\Python311\Lib\site-packages\rest_framework\templates\rest_framework\admin first seen with mtime 1769439193.824252
[DEBUG] 2026-01-28 21:11:56,754 autoreload File C:\Users\Abhihail Jacob\AppData\Local\Programs\Python\Python311\Lib\site-packages\rest_framework\templates\rest_framework\admin.html first seen with mtime 1769439193.812823
[DEBUG] 2026-01-28 21:11:56,755 autoreload File C:\Users\Abhihail Jacob\AppData\Local\Programs\Python\Python311\Lib\site-packages\rest_framework\templates\rest_framework\api.html first seen with mtime 1769439193.8162434
[DEBUG] 2026-01-28 21:11:56,755 autoreload File C:\Users\Abhihail Jacob\AppData\Local\Programs\Python\Python311\Lib\site-packages\rest_framework\templates\rest_framework\base.html first seen with mtime 1769439193.8162434
[DEBUG] 2026-01-28 21:11:56,756 autoreload File C:\Users\Abhihail Jacob\AppData\Local\Programs\Python\Python311\Lib\site-packages\rest_framework\templates\rest_framework\docs first seen with mtime 1769439193.8378696
[DEBUG] 2026-01-28 21:11:56,757 autoreload File C:\Users\Abhihail Jacob\AppData\Local\Programs\Python\Python311\Lib\site-packages\rest_framework\templates\rest_framework\filters first seen with mtime 1769439193.8481915
[DEBUG] 2026-01-28 21:11:56,757 autoreload File C:\Users\Abhihail Jacob\AppData\Local\Programs\Python\Python311\Lib\site-packages\rest_framework\templates\rest_framework\horizontal first seen with mtime 1769439193.8609622
[DEBUG] 2026-01-28 21:11:56,757 autoreload File C:\Users\Abhihail Jacob\AppData\Local\Programs\Python\Python311\Lib\site-packages\rest_framework\templates\rest_framework\inline first seen with mtime 1769439193.874777
[DEBUG] 2026-01-28 21:11:56,759 autoreload File C:\Users\Abhihail Jacob\AppData\Local\Programs\Python\Python311\Lib\site-packages\rest_framework\templates\rest_framework\login.html first seen with mtime 1769439193.8187287
[DEBUG] 2026-01-28 21:11:56,759 autoreload File C:\Users\Abhihail Jacob\AppData\Local\Programs\Python\Python311\Lib\site-packages\rest_framework\templates\rest_framework\login_base.html first seen with mtime 1769439193.8187287
[DEBUG] 2026-01-28 21:11:56,759 autoreload File C:\Users\Abhihail Jacob\AppData\Local\Programs\Python\Python311\Lib\site-packages\rest_framework\templates\rest_framework\pagination first seen with mtime 1769439193.8770278
[DEBUG] 2026-01-28 21:11:56,760 autoreload File C:\Users\Abhihail Jacob\AppData\Local\Programs\Python\Python311\Lib\site-packages\rest_framework\templates\rest_framework\raw_data_form.html first seen with mtime 1769439193.820573
[DEBUG] 2026-01-28 21:11:56,760 autoreload File C:\Users\Abhihail Jacob\AppData\Local\Programs\Python\Python311\Lib\site-packages\rest_framework\templates\rest_framework\schema.js first seen with mtime 1769439193.8217216
[DEBUG] 2026-01-28 21:11:56,760 autoreload File C:\Users\Abhihail Jacob\AppData\Local\Programs\Python\Python311\Lib\site-packages\rest_framework\templates\rest_framework\vertical first seen with mtime 1769439193.888513
[DEBUG] 2026-01-28 21:11:56,761 autoreload File C:\Users\Abhihail Jacob\AppData\Local\Programs\Python\Python311\Lib\site-packages\rest_framework\templates\rest_framework\admin\detail.html first seen with mtime 1769439193.8227863
[DEBUG] 2026-01-28 21:11:56,761 autoreload File C:\Users\Abhihail Jacob\AppData\Local\Programs\Python\Python311\Lib\site-packages\rest_framework\templates\rest_framework\admin\dict_value.html first seen with mtime 1769439193.824252
[DEBUG] 2026-01-28 21:11:56,761 autoreload File C:\Users\Abhihail Jacob\AppData\Local\Programs\Python\Python311\Lib\site-packages\rest_framework\templates\rest_framework\admin\list.html first seen with mtime 1769439193.824252
[DEBUG] 2026-01-28 21:11:56,761 autoreload File C:\Users\Abhihail Jacob\AppData\Local\Programs\Python\Python311\Lib\site-packages\rest_framework\templates\rest_framework\admin\list_value.html first seen with mtime 1769439193.824252
[DEBUG] 2026-01-28 21:11:56,761 autoreload File C:\Users\Abhihail Jacob\AppData\Local\Programs\Python\Python311\Lib\site-packages\rest_framework\templates\rest_framework\admin\simple_list_value.html first seen with mtime 1769439193.824252
[DEBUG] 2026-01-28 21:11:56,763 autoreload File C:\Users\Abhihail Jacob\AppData\Local\Programs\Python\Python311\Lib\site-packages\rest_framework\templates\rest_framework\docs\auth first seen with mtime 1769439193.8368256
[DEBUG] 2026-01-28 21:11:56,763 autoreload File C:\Users\Abhihail Jacob\AppData\Local\Programs\Python\Python311\Lib\site-packages\rest_framework\templates\rest_framework\docs\document.html first seen with mtime 1769439193.8286498
[DEBUG] 2026-01-28 21:11:56,764 autoreload File C:\Users\Abhihail Jacob\AppData\Local\Programs\Python\Python311\Lib\site-packages\rest_framework\templates\rest_framework\docs\error.html first seen with mtime 1769439193.830053
[DEBUG] 2026-01-28 21:11:56,764 autoreload File C:\Users\Abhihail Jacob\AppData\Local\Programs\Python\Python311\Lib\site-packages\rest_framework\templates\rest_framework\docs\index.html first seen with mtime 1769439193.8312907
[DEBUG] 2026-01-28 21:11:56,764 autoreload File C:\Users\Abhihail Jacob\AppData\Local\Programs\Python\Python311\Lib\site-packages\rest_framework\templates\rest_framework\docs\interact.html first seen with mtime 1769439193.832384
[DEBUG] 2026-01-28 21:11:56,764 autoreload File C:\Users\Abhihail Jacob\AppData\Local\Programs\Python\Python311\Lib\site-packages\rest_framework\templates\rest_framework\docs\langs first seen with mtime 1769439193.8435483
[DEBUG] 2026-01-28 21:11:56,765 autoreload File C:\Users\Abhihail Jacob\AppData\Local\Programs\Python\Python311\Lib\site-packages\rest_framework\templates\rest_framework\docs\link.html first seen with mtime 1769439193.8336465
[DEBUG] 2026-01-28 21:11:56,765 autoreload File C:\Users\Abhihail Jacob\AppData\Local\Programs\Python\Python311\Lib\site-packages\rest_framework\templates\rest_framework\docs\sidebar.html first seen with mtime 1769439193.8336465
[DEBUG] 2026-01-28 21:11:56,767 autoreload File C:\Users\Abhihail Jacob\AppData\Local\Programs\Python\Python311\Lib\site-packages\rest_framework\templates\rest_framework\docs\auth\basic.html first seen with mtime 1769439193.8356888
[DEBUG] 2026-01-28 21:11:56,767 autoreload File C:\Users\Abhihail Jacob\AppData\Local\Programs\Python\Python311\Lib\site-packages\rest_framework\templates\rest_framework\docs\auth\session.html first seen with mtime 1769439193.8368256
[DEBUG] 2026-01-28 21:11:56,767 autoreload File C:\Users\Abhihail Jacob\AppData\Local\Programs\Python\Python311\Lib\site-packages\rest_framework\templates\rest_framework\docs\auth\token.html first seen with mtime 1769439193.8368256
[DEBUG] 2026-01-28 21:11:56,768 autoreload File C:\Users\Abhihail Jacob\AppData\Local\Programs\Python\Python311\Lib\site-packages\rest_framework\templates\rest_framework\docs\langs\javascript-intro.html first seen with mtime 1769439193.83889
[DEBUG] 2026-01-28 21:11:56,770 autoreload File C:\Users\Abhihail Jacob\AppData\Local\Programs\Python\Python311\Lib\site-packages\rest_framework\templates\rest_framework\docs\langs\javascript.html first seen with mtime 1769439193.840066
[DEBUG] 2026-01-28 21:11:56,770 autoreload File C:\Users\Abhihail Jacob\AppData\Local\Programs\Python\Python311\Lib\site-packages\rest_framework\templates\rest_framework\docs\langs\python-intro.html first seen with mtime 1769439193.841135
[DEBUG] 2026-01-28 21:11:56,770 autoreload File C:\Users\Abhihail Jacob\AppData\Local\Programs\Python\Python311\Lib\site-packages\rest_framework\templates\rest_framework\docs\langs\python.html first seen with mtime 1769439193.8421376
[DEBUG] 2026-01-28 21:11:56,772 autoreload File C:\Users\Abhihail Jacob\AppData\Local\Programs\Python\Python311\Lib\site-packages\rest_framework\templates\rest_framework\docs\langs\shell-intro.html first seen with mtime 1769439193.8421376
[DEBUG] 2026-01-28 21:11:56,772 autoreload File C:\Users\Abhihail Jacob\AppData\Local\Programs\Python\Python311\Lib\site-packages\rest_framework\templates\rest_framework\docs\langs\shell.html first seen with mtime 1769439193.8435483
[DEBUG] 2026-01-28 21:11:56,773 autoreload File C:\Users\Abhihail Jacob\AppData\Local\Programs\Python\Python311\Lib\site-packages\rest_framework\templates\rest_framework\filters\base.html first seen with mtime 1769439193.8445592
[DEBUG] 2026-01-28 21:11:56,773 autoreload File C:\Users\Abhihail Jacob\AppData\Local\Programs\Python\Python311\Lib\site-packages\rest_framework\templates\rest_framework\filters\ordering.html first seen with mtime 1769439193.8445592
[DEBUG] 2026-01-28 21:11:56,774 autoreload File C:\Users\Abhihail Jacob\AppData\Local\Programs\Python\Python311\Lib\site-packages\rest_framework\templates\rest_framework\filters\search.html first seen with mtime 1769439193.8481915
[DEBUG] 2026-01-28 21:11:56,776 autoreload File C:\Users\Abhihail Jacob\AppData\Local\Programs\Python\Python311\Lib\site-packages\rest_framework\templates\rest_framework\horizontal\checkbox.html first seen with mtime 1769439193.8481915
[DEBUG] 2026-01-28 21:11:56,776 autoreload File C:\Users\Abhihail Jacob\AppData\Local\Programs\Python\Python311\Lib\site-packages\rest_framework\templates\rest_framework\horizontal\checkbox_multiple.html first seen with mtime 1769439193.8510041
[DEBUG] 2026-01-28 21:11:56,776 autoreload File C:\Users\Abhihail Jacob\AppData\Local\Programs\Python\Python311\Lib\site-packages\rest_framework\templates\rest_framework\horizontal\dict_field.html first seen with mtime 1769439193.8510041
[DEBUG] 2026-01-28 21:11:56,777 autoreload File C:\Users\Abhihail Jacob\AppData\Local\Programs\Python\Python311\Lib\site-packages\rest_framework\templates\rest_framework\horizontal\fieldset.html first seen with mtime 1769439193.8534214
[DEBUG] 2026-01-28 21:11:56,777 autoreload File C:\Users\Abhihail Jacob\AppData\Local\Programs\Python\Python311\Lib\site-packages\rest_framework\templates\rest_framework\horizontal\form.html first seen with mtime 1769439193.8534214
[DEBUG] 2026-01-28 21:11:56,779 autoreload File C:\Users\Abhihail Jacob\AppData\Local\Programs\Python\Python311\Lib\site-packages\rest_framework\templates\rest_framework\horizontal\input.html first seen with mtime 1769439193.8553913
[DEBUG] 2026-01-28 21:11:56,779 autoreload File C:\Users\Abhihail Jacob\AppData\Local\Programs\Python\Python311\Lib\site-packages\rest_framework\templates\rest_framework\horizontal\list_field.html first seen with mtime 1769439193.8569417
[DEBUG] 2026-01-28 21:11:56,779 autoreload File C:\Users\Abhihail Jacob\AppData\Local\Programs\Python\Python311\Lib\site-packages\rest_framework\templates\rest_framework\horizontal\list_fieldset.html first seen with mtime 1769439193.8569417
[DEBUG] 2026-01-28 21:11:56,779 autoreload File C:\Users\Abhihail Jacob\AppData\Local\Programs\Python\Python311\Lib\site-packages\rest_framework\templates\rest_framework\horizontal\radio.html first seen with mtime 1769439193.8582072
[DEBUG] 2026-01-28 21:11:56,779 autoreload File C:\Users\Abhihail Jacob\AppData\Local\Programs\Python\Python311\Lib\site-packages\rest_framework\templates\rest_framework\horizontal\select.html first seen with mtime 1769439193.8609622
[DEBUG] 2026-01-28 21:11:56,781 autoreload File C:\Users\Abhihail Jacob\AppData\Local\Programs\Python\Python311\Lib\site-packages\rest_framework\templates\rest_framework\horizontal\select_multiple.html first seen with mtime 1769439193.8609622
[DEBUG] 2026-01-28 21:11:56,781 autoreload File C:\Users\Abhihail Jacob\AppData\Local\Programs\Python\Python311\Lib\site-packages\rest_framework\templates\rest_framework\horizontal\textarea.html first seen with mtime 1769439193.8609622
[DEBUG] 2026-01-28 21:11:56,781 autoreload File C:\Users\Abhihail Jacob\AppData\Local\Programs\Python\Python311\Lib\site-packages\rest_framework\templates\rest_framework\inline\checkbox.html first seen with mtime 1769439193.863937
[DEBUG] 2026-01-28 21:11:56,781 autoreload File C:\Users\Abhihail Jacob\AppData\Local\Programs\Python\Python311\Lib\site-packages\rest_framework\templates\rest_framework\inline\checkbox_multiple.html first seen with mtime 1769439193.8649726
[DEBUG] 2026-01-28 21:11:56,781 autoreload File C:\Users\Abhihail Jacob\AppData\Local\Programs\Python\Python311\Lib\site-packages\rest_framework\templates\rest_framework\inline\dict_field.html first seen with mtime 1769439193.86644
[DEBUG] 2026-01-28 21:11:56,785 autoreload File C:\Users\Abhihail Jacob\AppData\Local\Programs\Python\Python311\Lib\site-packages\rest_framework\templates\rest_framework\inline\fieldset.html first seen with mtime 1769439193.86644
[DEBUG] 2026-01-28 21:11:56,786 autoreload File C:\Users\Abhihail Jacob\AppData\Local\Programs\Python\Python311\Lib\site-packages\rest_framework\templates\rest_framework\inline\form.html first seen with mtime 1769439193.86644
[DEBUG] 2026-01-28 21:11:56,791 autoreload File C:\Users\Abhihail Jacob\AppData\Local\Programs\Python\Python311\Lib\site-packages\rest_framework\templates\rest_framework\inline\input.html first seen with mtime 1769439193.86644
[DEBUG] 2026-01-28 21:11:56,791 autoreload File C:\Users\Abhihail Jacob\AppData\Local\Programs\Python\Python311\Lib\site-packages\rest_framework\templates\rest_framework\inline\list_field.html first seen with mtime 1769439193.871094
[DEBUG] 2026-01-28 21:11:56,792 autoreload File C:\Users\Abhihail Jacob\AppData\Local\Programs\Python\Python311\Lib\site-packages\rest_framework\templates\rest_framework\inline\list_fieldset.html first seen with mtime 1769439193.871094
[DEBUG] 2026-01-28 21:11:56,793 autoreload File C:\Users\Abhihail Jacob\AppData\Local\Programs\Python\Python311\Lib\site-packages\rest_framework\templates\rest_framework\inline\radio.html first seen with mtime 1769439193.8722947
[DEBUG] 2026-01-28 21:11:56,793 autoreload File C:\Users\Abhihail Jacob\AppData\Local\Programs\Python\Python311\Lib\site-packages\rest_framework\templates\rest_framework\inline\select.html first seen with mtime 1769439193.8733554
[DEBUG] 2026-01-28 21:11:56,795 autoreload File C:\Users\Abhihail Jacob\AppData\Local\Programs\Python\Python311\Lib\site-packages\rest_framework\templates\rest_framework\inline\select_multiple.html first seen with mtime 1769439193.874777
[DEBUG] 2026-01-28 21:11:56,795 autoreload File C:\Users\Abhihail Jacob\AppData\Local\Programs\Python\Python311\Lib\site-packages\rest_framework\templates\rest_framework\inline\textarea.html first seen with mtime 1769439193.874777
[DEBUG] 2026-01-28 21:11:56,797 autoreload File C:\Users\Abhihail Jacob\AppData\Local\Programs\Python\Python311\Lib\site-packages\rest_framework\templates\rest_framework\pagination\numbers.html first seen with mtime 1769439193.8770278
[DEBUG] 2026-01-28 21:11:56,797 autoreload File C:\Users\Abhihail Jacob\AppData\Local\Programs\Python\Python311\Lib\site-packages\rest_framework\templates\rest_framework\pagination\previous_and_next.html first seen with mtime 1769439193.8770278
[DEBUG] 2026-01-28 21:11:56,797 autoreload File C:\Users\Abhihail Jacob\AppData\Local\Programs\Python\Python311\Lib\site-packages\rest_framework\templates\rest_framework\vertical\checkbox.html first seen with mtime 1769439193.8770278
[DEBUG] 2026-01-28 21:11:56,799 autoreload File C:\Users\Abhihail Jacob\AppData\Local\Programs\Python\Python311\Lib\site-packages\rest_framework\templates\rest_framework\vertical\checkbox_multiple.html first seen with mtime 1769439193.8770278
[DEBUG] 2026-01-28 21:11:56,799 autoreload File C:\Users\Abhihail Jacob\AppData\Local\Programs\Python\Python311\Lib\site-packages\rest_framework\templates\rest_framework\vertical\dict_field.html first seen with mtime 1769439193.8770278
[DEBUG] 2026-01-28 21:11:56,799 autoreload File C:\Users\Abhihail Jacob\AppData\Local\Programs\Python\Python311\Lib\site-packages\rest_framework\templates\rest_framework\vertical\fieldset.html first seen with mtime 1769439193.8770278
[DEBUG] 2026-01-28 21:11:56,802 autoreload File C:\Users\Abhihail Jacob\AppData\Local\Programs\Python\Python311\Lib\site-packages\rest_framework\templates\rest_framework\vertical\form.html first seen with mtime 1769439193.8770278
[DEBUG] 2026-01-28 21:11:56,803 autoreload File C:\Users\Abhihail Jacob\AppData\Local\Programs\Python\Python311\Lib\site-packages\rest_framework\templates\rest_framework\vertical\input.html first seen with mtime 1769439193.8770278
[DEBUG] 2026-01-28 21:11:56,804 autoreload File C:\Users\Abhihail Jacob\AppData\Local\Programs\Python\Python311\Lib\site-packages\rest_framework\templates\rest_framework\vertical\list_field.html first seen with mtime 1769439193.8770278
[DEBUG] 2026-01-28 21:11:56,805 autoreload File C:\Users\Abhihail Jacob\AppData\Local\Programs\Python\Python311\Lib\site-packages\rest_framework\templates\rest_framework\vertical\list_fieldset.html first seen with mtime 1769439193.8866055
[DEBUG] 2026-01-28 21:11:56,805 autoreload File C:\Users\Abhihail Jacob\AppData\Local\Programs\Python\Python311\Lib\site-packages\rest_framework\templates\rest_framework\vertical\radio.html first seen with mtime 1769439193.8866055
[DEBUG] 2026-01-28 21:11:56,806 autoreload File C:\Users\Abhihail Jacob\AppData\Local\Programs\Python\Python311\Lib\site-packages\rest_framework\templates\rest_framework\vertical\select.html first seen with mtime 1769439193.888513
[DEBUG] 2026-01-28 21:11:56,808 autoreload File C:\Users\Abhihail Jacob\AppData\Local\Programs\Python\Python311\Lib\site-packages\rest_framework\templates\rest_framework\vertical\select_multiple.html first seen with mtime 1769439193.888513
[DEBUG] 2026-01-28 21:11:56,809 autoreload File C:\Users\Abhihail Jacob\AppData\Local\Programs\Python\Python311\Lib\site-packages\rest_framework\templates\rest_framework\vertical\textarea.html first seen with mtime 1769439193.888513
[DEBUG] 2026-01-28 21:11:56,810 autoreload File C:\Users\Abhihail Jacob\AppData\Local\Programs\Python\Python311\Lib\site-packages\django_filters\templates\django_filters first seen with mtime 1769607637.8834226
[DEBUG] 2026-01-28 21:11:56,810 autoreload File C:\Users\Abhihail Jacob\AppData\Local\Programs\Python\Python311\Lib\site-packages\django_filters\templates\django_filters\rest_framework first seen with mtime 1769607637.8834226
[DEBUG] 2026-01-28 21:11:56,811 autoreload File C:\Users\Abhihail Jacob\AppData\Local\Programs\Python\Python311\Lib\site-packages\django_filters\templates\django_filters\widgets first seen with mtime 1769607637.8834226
[DEBUG] 2026-01-28 21:11:56,813 autoreload File C:\Users\Abhihail Jacob\AppData\Local\Programs\Python\Python311\Lib\site-packages\django_filters\templates\django_filters\rest_framework\crispy_form.html first seen with mtime 1769607637.8820882
[DEBUG] 2026-01-28 21:11:56,814 autoreload File C:\Users\Abhihail Jacob\AppData\Local\Programs\Python\Python311\Lib\site-packages\django_filters\templates\django_filters\rest_framework\form.html first seen with mtime 1769607637.8834226
[DEBUG] 2026-01-28 21:11:56,815 autoreload File C:\Users\Abhihail Jacob\AppData\Local\Programs\Python\Python311\Lib\site-packages\django_filters\templates\django_filters\widgets\multiwidget.html first seen with mtime 1769607637.8834226
[DEBUG] 2026-01-28 21:11:56,816 autoreload File C:\Users\Abhihail Jacob\AppData\Local\Programs\Python\Python311\Lib\site-packages\rest_framework\locale\ach\LC_MESSAGES\django.mo first seen with mtime 1769439193.6371553
[DEBUG] 2026-01-28 21:11:56,819 autoreload File C:\Users\Abhihail Jacob\AppData\Local\Programs\Python\Python311\Lib\site-packages\rest_framework\locale\ar\LC_MESSAGES\django.mo first seen with mtime 1769439193.6392624
[DEBUG] 2026-01-28 21:11:56,823 autoreload File C:\Users\Abhihail Jacob\AppData\Local\Programs\Python\Python311\Lib\site-packages\rest_framework\locale\az\LC_MESSAGES\django.mo first seen with mtime 1769439193.641633
[DEBUG] 2026-01-28 21:11:56,824 autoreload File C:\Users\Abhihail Jacob\AppData\Local\Programs\Python\Python311\Lib\site-packages\rest_framework\locale\be\LC_MESSAGES\django.mo first seen with mtime 1769439193.643363
[DEBUG] 2026-01-28 21:11:56,827 autoreload File C:\Users\Abhihail Jacob\AppData\Local\Programs\Python\Python311\Lib\site-packages\rest_framework\locale\bg\LC_MESSAGES\django.mo first seen with mtime 1769439193.6454744
[DEBUG] 2026-01-28 21:11:56,829 autoreload File C:\Users\Abhihail Jacob\AppData\Local\Programs\Python\Python311\Lib\site-packages\rest_framework\locale\ca\LC_MESSAGES\django.mo first seen with mtime 1769439193.6454744
[DEBUG] 2026-01-28 21:11:56,831 autoreload File C:\Users\Abhihail Jacob\AppData\Local\Programs\Python\Python311\Lib\site-packages\rest_framework\locale\ca_ES\LC_MESSAGES\django.mo first seen with mtime 1769439193.6473575
[DEBUG] 2026-01-28 21:11:56,832 autoreload File C:\Users\Abhihail Jacob\AppData\Local\Programs\Python\Python311\Lib\site-packages\rest_framework\locale\cs\LC_MESSAGES\django.mo first seen with mtime 1769439193.6500232
[DEBUG] 2026-01-28 21:11:56,833 autoreload File C:\Users\Abhihail Jacob\AppData\Local\Programs\Python\Python311\Lib\site-packages\rest_framework\locale\da\LC_MESSAGES\django.mo first seen with mtime 1769439193.6525085
[DEBUG] 2026-01-28 21:11:56,836 autoreload File C:\Users\Abhihail Jacob\AppData\Local\Programs\Python\Python311\Lib\site-packages\rest_framework\locale\de\LC_MESSAGES\django.mo first seen with mtime 1769439193.6540146
[DEBUG] 2026-01-28 21:11:56,838 autoreload File C:\Users\Abhihail Jacob\AppData\Local\Programs\Python\Python311\Lib\site-packages\rest_framework\locale\el\LC_MESSAGES\django.mo first seen with mtime 1769439193.6540146
[DEBUG] 2026-01-28 21:11:56,840 autoreload File C:\Users\Abhihail Jacob\AppData\Local\Programs\Python\Python311\Lib\site-packages\rest_framework\locale\el_GR\LC_MESSAGES\django.mo first seen with mtime 1769439193.6594954
[DEBUG] 2026-01-28 21:11:56,844 autoreload File C:\Users\Abhihail Jacob\AppData\Local\Programs\Python\Python311\Lib\site-packages\rest_framework\locale\en\LC_MESSAGES\django.mo first seen with mtime 1769439193.6612403
[DEBUG] 2026-01-28 21:11:56,845 autoreload File C:\Users\Abhihail Jacob\AppData\Local\Programs\Python\Python311\Lib\site-packages\rest_framework\locale\en_AU\LC_MESSAGES\django.mo first seen with mtime 1769439193.6612403
[DEBUG] 2026-01-28 21:11:56,846 autoreload File C:\Users\Abhihail Jacob\AppData\Local\Programs\Python\Python311\Lib\site-packages\rest_framework\locale\en_CA\LC_MESSAGES\django.mo first seen with mtime 1769439193.6632457
[DEBUG] 2026-01-28 21:11:56,847 autoreload File C:\Users\Abhihail Jacob\AppData\Local\Programs\Python\Python311\Lib\site-packages\rest_framework\locale\en_US\LC_MESSAGES\django.mo first seen with mtime 1769439193.6652522
[DEBUG] 2026-01-28 21:11:56,849 autoreload File C:\Users\Abhihail Jacob\AppData\Local\Programs\Python\Python311\Lib\site-packages\rest_framework\locale\es\LC_MESSAGES\django.mo first seen with mtime 1769439193.667258
[DEBUG] 2026-01-28 21:11:56,850 autoreload File C:\Users\Abhihail Jacob\AppData\Local\Programs\Python\Python311\Lib\site-packages\rest_framework\locale\et\LC_MESSAGES\django.mo first seen with mtime 1769439193.667258
[DEBUG] 2026-01-28 21:11:56,853 autoreload File C:\Users\Abhihail Jacob\AppData\Local\Programs\Python\Python311\Lib\site-packages\rest_framework\locale\fa\LC_MESSAGES\django.mo first seen with mtime 1769439193.6710777
[DEBUG] 2026-01-28 21:11:56,853 autoreload File C:\Users\Abhihail Jacob\AppData\Local\Programs\Python\Python311\Lib\site-packages\rest_framework\locale\fa_IR\LC_MESSAGES\django.mo first seen with mtime 1769439193.6722727
[DEBUG] 2026-01-28 21:11:56,854 autoreload File C:\Users\Abhihail Jacob\AppData\Local\Programs\Python\Python311\Lib\site-packages\rest_framework\locale\fi\LC_MESSAGES\django.mo first seen with mtime 1769439193.6746993
[DEBUG] 2026-01-28 21:11:56,858 autoreload File C:\Users\Abhihail Jacob\AppData\Local\Programs\Python\Python311\Lib\site-packages\rest_framework\locale\fr\LC_MESSAGES\django.mo first seen with mtime 1769439193.6766436
[DEBUG] 2026-01-28 21:11:56,860 autoreload File C:\Users\Abhihail Jacob\AppData\Local\Programs\Python\Python311\Lib\site-packages\rest_framework\locale\fr_CA\LC_MESSAGES\django.mo first seen with mtime 1769439193.6789992
[DEBUG] 2026-01-28 21:11:56,862 autoreload File C:\Users\Abhihail Jacob\AppData\Local\Programs\Python\Python311\Lib\site-packages\rest_framework\locale\gl\LC_MESSAGES\django.mo first seen with mtime 1769439193.6789992
[DEBUG] 2026-01-28 21:11:56,863 autoreload File C:\Users\Abhihail Jacob\AppData\Local\Programs\Python\Python311\Lib\site-packages\rest_framework\locale\gl_ES\LC_MESSAGES\django.mo first seen with mtime 1769439193.6789992
[DEBUG] 2026-01-28 21:11:56,864 autoreload File C:\Users\Abhihail Jacob\AppData\Local\Programs\Python\Python311\Lib\site-packages\rest_framework\locale\he_IL\LC_MESSAGES\django.mo first seen with mtime 1769439193.6789992
[DEBUG] 2026-01-28 21:11:56,864 autoreload File C:\Users\Abhihail Jacob\AppData\Local\Programs\Python\Python311\Lib\site-packages\rest_framework\locale\hu\LC_MESSAGES\django.mo first seen with mtime 1769439193.687057
[DEBUG] 2026-01-28 21:11:56,867 autoreload File C:\Users\Abhihail Jacob\AppData\Local\Programs\Python\Python311\Lib\site-packages\rest_framework\locale\hy\LC_MESSAGES\django.mo first seen with mtime 1769439193.6881237
[DEBUG] 2026-01-28 21:11:56,868 autoreload File C:\Users\Abhihail Jacob\AppData\Local\Programs\Python\Python311\Lib\site-packages\rest_framework\locale\id\LC_MESSAGES\django.mo first seen with mtime 1769439193.6881237
[DEBUG] 2026-01-28 21:11:56,870 autoreload File C:\Users\Abhihail Jacob\AppData\Local\Programs\Python\Python311\Lib\site-packages\rest_framework\locale\it\LC_MESSAGES\django.mo first seen with mtime 1769439193.6909533
[DEBUG] 2026-01-28 21:11:56,873 autoreload File C:\Users\Abhihail Jacob\AppData\Local\Programs\Python\Python311\Lib\site-packages\rest_framework\locale\ja\LC_MESSAGES\django.mo first seen with mtime 1769439193.6926985
[DEBUG] 2026-01-28 21:11:56,875 autoreload File C:\Users\Abhihail Jacob\AppData\Local\Programs\Python\Python311\Lib\site-packages\rest_framework\locale\kk\LC_MESSAGES\django.mo first seen with mtime 1769439193.6926985
[DEBUG] 2026-01-28 21:11:56,876 autoreload File C:\Users\Abhihail Jacob\AppData\Local\Programs\Python\Python311\Lib\site-packages\rest_framework\locale\ko_KR\LC_MESSAGES\django.mo first seen with mtime 1769439193.6926985
[DEBUG] 2026-01-28 21:11:56,877 autoreload File C:\Users\Abhihail Jacob\AppData\Local\Programs\Python\Python311\Lib\site-packages\rest_framework\locale\lt\LC_MESSAGES\django.mo first seen with mtime 1769439193.6926985
[DEBUG] 2026-01-28 21:11:56,878 autoreload File C:\Users\Abhihail Jacob\AppData\Local\Programs\Python\Python311\Lib\site-packages\rest_framework\locale\lv\LC_MESSAGES\django.mo first seen with mtime 1769439193.700537
[DEBUG] 2026-01-28 21:11:56,879 autoreload File C:\Users\Abhihail Jacob\AppData\Local\Programs\Python\Python311\Lib\site-packages\rest_framework\locale\mk\LC_MESSAGES\django.mo first seen with mtime 1769439193.7023144
[DEBUG] 2026-01-28 21:11:56,880 autoreload File C:\Users\Abhihail Jacob\AppData\Local\Programs\Python\Python311\Lib\site-packages\rest_framework\locale\nb\LC_MESSAGES\django.mo first seen with mtime 1769439193.7055724
[DEBUG] 2026-01-28 21:11:56,882 autoreload File C:\Users\Abhihail Jacob\AppData\Local\Programs\Python\Python311\Lib\site-packages\rest_framework\locale\ne_NP\LC_MESSAGES\django.mo first seen with mtime 1769439193.706812
[DEBUG] 2026-01-28 21:11:56,883 autoreload File C:\Users\Abhihail Jacob\AppData\Local\Programs\Python\Python311\Lib\site-packages\rest_framework\locale\nl\LC_MESSAGES\django.mo first seen with mtime 1769439193.709217
[DEBUG] 2026-01-28 21:11:56,884 autoreload File C:\Users\Abhihail Jacob\AppData\Local\Programs\Python\Python311\Lib\site-packages\rest_framework\locale\nn\LC_MESSAGES\django.mo first seen with mtime 1769439193.7102232
[DEBUG] 2026-01-28 21:11:56,885 autoreload File C:\Users\Abhihail Jacob\AppData\Local\Programs\Python\Python311\Lib\site-packages\rest_framework\locale\no\LC_MESSAGES\django.mo first seen with mtime 1769439193.7124367
[DEBUG] 2026-01-28 21:11:56,887 autoreload File C:\Users\Abhihail Jacob\AppData\Local\Programs\Python\Python311\Lib\site-packages\rest_framework\locale\pl\LC_MESSAGES\django.mo first seen with mtime 1769439193.7134497
[DEBUG] 2026-01-28 21:11:56,889 autoreload File C:\Users\Abhihail Jacob\AppData\Local\Programs\Python\Python311\Lib\site-packages\rest_framework\locale\pt\LC_MESSAGES\django.mo first seen with mtime 1769439193.7148972
[DEBUG] 2026-01-28 21:11:56,890 autoreload File C:\Users\Abhihail Jacob\AppData\Local\Programs\Python\Python311\Lib\site-packages\rest_framework\locale\pt_BR\LC_MESSAGES\django.mo first seen with mtime 1769439193.717323
[DEBUG] 2026-01-28 21:11:56,892 autoreload File C:\Users\Abhihail Jacob\AppData\Local\Programs\Python\Python311\Lib\site-packages\rest_framework\locale\pt_PT\LC_MESSAGES\django.mo first seen with mtime 1769439193.7187982
[DEBUG] 2026-01-28 21:11:56,893 autoreload File C:\Users\Abhihail Jacob\AppData\Local\Programs\Python\Python311\Lib\site-packages\rest_framework\locale\ro\LC_MESSAGES\django.mo first seen with mtime 1769439193.7203057
[DEBUG] 2026-01-28 21:11:56,893 autoreload File C:\Users\Abhihail Jacob\AppData\Local\Programs\Python\Python311\Lib\site-packages\rest_framework\locale\ru\LC_MESSAGES\django.mo first seen with mtime 1769439193.7225177
[DEBUG] 2026-01-28 21:11:56,895 autoreload File C:\Users\Abhihail Jacob\AppData\Local\Programs\Python\Python311\Lib\site-packages\rest_framework\locale\ru_RU\LC_MESSAGES\django.mo first seen with mtime 1769439193.7239335
[DEBUG] 2026-01-28 21:11:56,897 autoreload File C:\Users\Abhihail Jacob\AppData\Local\Programs\Python\Python311\Lib\site-packages\rest_framework\locale\sk\LC_MESSAGES\django.mo first seen with mtime 1769439193.7264798
[DEBUG] 2026-01-28 21:11:56,898 autoreload File C:\Users\Abhihail Jacob\AppData\Local\Programs\Python\Python311\Lib\site-packages\rest_framework\locale\sl\LC_MESSAGES\django.mo first seen with mtime 1769439193.728762
[DEBUG] 2026-01-28 21:11:56,899 autoreload File C:\Users\Abhihail Jacob\AppData\Local\Programs\Python\Python311\Lib\site-packages\rest_framework\locale\sv\LC_MESSAGES\django.mo first seen with mtime 1769439193.729781
[DEBUG] 2026-01-28 21:11:56,900 autoreload File C:\Users\Abhihail Jacob\AppData\Local\Programs\Python\Python311\Lib\site-packages\rest_framework\locale\th\LC_MESSAGES\django.mo first seen with mtime 1769439193.7321048
[DEBUG] 2026-01-28 21:11:56,901 autoreload File C:\Users\Abhihail Jacob\AppData\Local\Programs\Python\Python311\Lib\site-packages\rest_framework\locale\tr\LC_MESSAGES\django.mo first seen with mtime 1769439193.7332234
[DEBUG] 2026-01-28 21:11:56,902 autoreload File C:\Users\Abhihail Jacob\AppData\Local\Programs\Python\Python311\Lib\site-packages\rest_framework\locale\tr_TR\LC_MESSAGES\django.mo first seen with mtime 1769439193.7358222
[DEBUG] 2026-01-28 21:11:56,905 autoreload File C:\Users\Abhihail Jacob\AppData\Local\Programs\Python\Python311\Lib\site-packages\rest_framework\locale\uk\LC_MESSAGES\django.mo first seen with mtime 1769439193.7373278
[DEBUG] 2026-01-28 21:11:56,908 autoreload File C:\Users\Abhihail Jacob\AppData\Local\Programs\Python\Python311\Lib\site-packages\rest_framework\locale\vi\LC_MESSAGES\django.mo first seen with mtime 1769439193.7390935
[DEBUG] 2026-01-28 21:11:56,909 autoreload File C:\Users\Abhihail Jacob\AppData\Local\Programs\Python\Python311\Lib\site-packages\rest_framework\locale\zh_CN\LC_MESSAGES\django.mo first seen with mtime 1769439193.74049
[DEBUG] 2026-01-28 21:11:56,910 autoreload File C:\Users\Abhihail Jacob\AppData\Local\Programs\Python\Python311\Lib\site-packages\rest_framework\locale\zh_Hans\LC_MESSAGES\django.mo first seen with mtime 1769439193.7430165
[DEBUG] 2026-01-28 21:11:56,911 autoreload File C:\Users\Abhihail Jacob\AppData\Local\Programs\Python\Python311\Lib\site-packages\rest_framework\locale\zh_Hant\LC_MESSAGES\django.mo first seen with mtime 1769439193.7442162
[DEBUG] 2026-01-28 21:11:56,913 autoreload File C:\Users\Abhihail Jacob\AppData\Local\Programs\Python\Python311\Lib\site-packages\rest_framework\locale\zh_TW\LC_MESSAGES\django.mo first seen with mtime 1769439193.7455246
[DEBUG] 2026-01-28 21:11:56,914 autoreload File C:\Users\Abhihail Jacob\AppData\Local\Programs\Python\Python311\Lib\site-packages\django_filters\locale\ar\LC_MESSAGES\django.mo first seen with mtime 1769607637.8163297
[DEBUG] 2026-01-28 21:11:56,914 autoreload File C:\Users\Abhihail Jacob\AppData\Local\Programs\Python\Python311\Lib\site-packages\django_filters\locale\be\LC_MESSAGES\django.mo first seen with mtime 1769607637.8190467
[DEBUG] 2026-01-28 21:11:56,917 autoreload File C:\Users\Abhihail Jacob\AppData\Local\Programs\Python\Python311\Lib\site-packages\django_filters\locale\bg\LC_MESSAGES\django.mo first seen with mtime 1769607637.8190467
[DEBUG] 2026-01-28 21:11:56,918 autoreload File C:\Users\Abhihail Jacob\AppData\Local\Programs\Python\Python311\Lib\site-packages\django_filters\locale\cs\LC_MESSAGES\django.mo first seen with mtime 1769607637.8242204
[DEBUG] 2026-01-28 21:11:56,920 autoreload File C:\Users\Abhihail Jacob\AppData\Local\Programs\Python\Python311\Lib\site-packages\django_filters\locale\da\LC_MESSAGES\django.mo first seen with mtime 1769607637.8262265
[DEBUG] 2026-01-28 21:11:56,927 autoreload File C:\Users\Abhihail Jacob\AppData\Local\Programs\Python\Python311\Lib\site-packages\django_filters\locale\de\LC_MESSAGES\django.mo first seen with mtime 1769607637.8286192
[DEBUG] 2026-01-28 21:11:56,930 autoreload File C:\Users\Abhihail Jacob\AppData\Local\Programs\Python\Python311\Lib\site-packages\django_filters\locale\el\LC_MESSAGES\django.mo first seen with mtime 1769607637.8331504
[DEBUG] 2026-01-28 21:11:56,930 autoreload File C:\Users\Abhihail Jacob\AppData\Local\Programs\Python\Python311\Lib\site-packages\django_filters\locale\es\LC_MESSAGES\django.mo first seen with mtime 1769607637.836851
[DEBUG] 2026-01-28 21:11:56,936 autoreload File C:\Users\Abhihail Jacob\AppData\Local\Programs\Python\Python311\Lib\site-packages\django_filters\locale\es_AR\LC_MESSAGES\django.mo first seen with mtime 1769607637.836851
[DEBUG] 2026-01-28 21:11:56,941 autoreload File C:\Users\Abhihail Jacob\AppData\Local\Programs\Python\Python311\Lib\site-packages\django_filters\locale\fa\LC_MESSAGES\django.mo first seen with mtime 1769607637.836851
[DEBUG] 2026-01-28 21:11:56,943 autoreload File C:\Users\Abhihail Jacob\AppData\Local\Programs\Python\Python311\Lib\site-packages\django_filters\locale\fr\LC_MESSAGES\django.mo first seen with mtime 1769607637.8440592
[DEBUG] 2026-01-28 21:11:56,945 autoreload File C:\Users\Abhihail Jacob\AppData\Local\Programs\Python\Python311\Lib\site-packages\django_filters\locale\it\LC_MESSAGES\django.mo first seen with mtime 1769607637.8440592
[DEBUG] 2026-01-28 21:11:56,947 autoreload File C:\Users\Abhihail Jacob\AppData\Local\Programs\Python\Python311\Lib\site-packages\django_filters\locale\nl\LC_MESSAGES\django.mo first seen with mtime 1769607637.852075
[DEBUG] 2026-01-28 21:11:56,949 autoreload File C:\Users\Abhihail Jacob\AppData\Local\Programs\Python\Python311\Lib\site-packages\django_filters\locale\pl\LC_MESSAGES\django.mo first seen with mtime 1769607637.8560033
[DEBUG] 2026-01-28 21:11:56,950 autoreload File C:\Users\Abhihail Jacob\AppData\Local\Programs\Python\Python311\Lib\site-packages\django_filters\locale\pt_BR\LC_MESSAGES\django.mo first seen with mtime 1769607637.859081
[DEBUG] 2026-01-28 21:11:56,953 autoreload File C:\Users\Abhihail Jacob\AppData\Local\Programs\Python\Python311\Lib\site-packages\django_filters\locale\ru\LC_MESSAGES\django.mo first seen with mtime 1769607637.8633566
[DEBUG] 2026-01-28 21:11:56,958 autoreload File C:\Users\Abhihail Jacob\AppData\Local\Programs\Python\Python311\Lib\site-packages\django_filters\locale\sk\LC_MESSAGES\django.mo first seen with mtime 1769607637.8674202
[DEBUG] 2026-01-28 21:11:56,959 autoreload File C:\Users\Abhihail Jacob\AppData\Local\Programs\Python\Python311\Lib\site-packages\django_filters\locale\uk\LC_MESSAGES\django.mo first seen with mtime 1769607637.8706226
[DEBUG] 2026-01-28 21:11:56,962 autoreload File C:\Users\Abhihail Jacob\AppData\Local\Programs\Python\Python311\Lib\site-packages\django_filters\locale\zh_CN\LC_MESSAGES\django.mo first seen with mtime 1769607637.8739436
[DEBUG] 2026-01-28 21:11:58,153 autoreload File C:\Users\Abhihail Jacob\AppData\Local\Programs\Python\Python311\Lib\site-packages\django\contrib\auth\migrations\0004_alter_user_username_opts.py first seen with mtime 1768573763.6464918
[DEBUG] 2026-01-28 21:11:58,155 autoreload File C:\Users\Abhihail Jacob\AppData\Local\Programs\Python\Python311\Lib\site-packages\django\contrib\admin\migrations\0002_logentry_remove_auto_add.py first seen with mtime 1768573762.725634
[DEBUG] 2026-01-28 21:11:58,155 autoreload File C:\Users\Abhihail Jacob\AppData\Local\Programs\Python\Python311\Lib\site-packages\django\contrib\auth\migrations\0003_alter_user_email_max_length.py first seen with mtime 1768573763.6464918
[DEBUG] 2026-01-28 21:11:58,156 autoreload File C:\Users\Abhihail Jacob\AppData\Local\Programs\Python\Python311\Lib\site-packages\django\contrib\auth\migrations\0006_require_contenttypes_0002.py first seen with mtime 1768573763.6464918
[DEBUG] 2026-01-28 21:11:58,156 autoreload File C:\Users\Abhihail Jacob\AppData\Local\Programs\Python\Python311\Lib\site-packages\django\contrib\admin\migrations\0003_logentry_add_action_flag_choices.py first seen with mtime 1768573762.725634
[DEBUG] 2026-01-28 21:11:58,156 autoreload File C:\Users\Abhihail Jacob\AppData\Local\Programs\Python\Python311\Lib\site-packages\rest_framework\authtoken\migrations\0002_auto_20160226_1747.py first seen with mtime 1769439193.6323
[DEBUG] 2026-01-28 21:11:58,158 autoreload File C:\Users\Abhihail Jacob\AppData\Local\Programs\Python\Python311\Lib\site-packages\rest_framework\authtoken\migrations\0004_alter_tokenproxy_options.py first seen with mtime 1769439193.6347003
[DEBUG] 2026-01-28 21:11:58,158 autoreload File C:\Users\Abhihail Jacob\AppData\Local\Programs\Python\Python311\Lib\site-packages\django\contrib\auth\migrations\0011_update_proxy_permissions.py first seen with mtime 1768573763.65371
[DEBUG] 2026-01-28 21:11:58,159 autoreload File C:\Users\Abhihail Jacob\AppData\Local\Programs\Python\Python311\Lib\site-packages\django\contrib\auth\migrations\0007_alter_validators_add_error_messages.py first seen with mtime 1768573763.6464918
[DEBUG] 2026-01-28 21:11:58,160 autoreload File C:\Users\Abhihail Jacob\AppData\Local\Programs\Python\Python311\Lib\stringprep.py first seen with mtime 1707239442.0
[DEBUG] 2026-01-28 21:11:58,161 autoreload File C:\Users\Abhihail Jacob\AppData\Local\Programs\Python\Python311\Lib\site-packages\django\contrib\sessions\migrations\0001_initial.py first seen with mtime 1768573765.7203293
[DEBUG] 2026-01-28 21:11:58,165 autoreload File C:\Users\Abhihail Jacob\AppData\Local\Programs\Python\Python311\Lib\site-packages\django\contrib\auth\migrations\0001_initial.py first seen with mtime 1768573763.6325574
[DEBUG] 2026-01-28 21:11:58,166 autoreload File D:\Python Journey\Python training\python-core\day27\expense_tracker\expenses\migrations\__init__.py first seen with mtime 1769321952.3958075
[DEBUG] 2026-01-28 21:11:58,167 autoreload File C:\Users\Abhihail Jacob\AppData\Local\Programs\Python\Python311\Lib\site-packages\django\contrib\sessions\migrations\__init__.py first seen with mtime 1768573765.7203293
[DEBUG] 2026-01-28 21:11:58,168 autoreload File C:\Users\Abhihail Jacob\AppData\Local\Programs\Python\Python311\Lib\site-packages\django\contrib\contenttypes\migrations\__init__.py first seen with mtime 1768573763.9930797
[DEBUG] 2026-01-28 21:11:58,169 autoreload File C:\Users\Abhihail Jacob\AppData\Local\Programs\Python\Python311\Lib\site-packages\django\contrib\auth\migrations\0002_alter_permission_name_max_length.py first seen with mtime 1768573763.6464918
[DEBUG] 2026-01-28 21:11:58,171 autoreload File D:\Python Journey\Python training\python-core\day27\expense_tracker\expenses\migrations\0001_initial.py first seen with mtime 1769326240.2277436
[DEBUG] 2026-01-28 21:11:58,172 autoreload File C:\Users\Abhihail Jacob\AppData\Local\Programs\Python\Python311\Lib\site-packages\django\contrib\contenttypes\migrations\0001_initial.py first seen with mtime 1768573763.9909494
[DEBUG] 2026-01-28 21:11:58,173 autoreload File D:\Python Journey\Python training\python-core\day27\expense_tracker\expense_tracker\wsgi.py first seen with mtime 1769321638.3576667
[DEBUG] 2026-01-28 21:11:58,173 autoreload File C:\Users\Abhihail Jacob\AppData\Local\Programs\Python\Python311\Lib\site-packages\django\contrib\auth\migrations\0010_alter_group_name_max_length.py first seen with mtime 1768573763.65371
[DEBUG] 2026-01-28 21:11:58,175 autoreload File C:\Users\Abhihail Jacob\AppData\Local\Programs\Python\Python311\Lib\encodings\idna.py first seen with mtime 1707239442.0
[DEBUG] 2026-01-28 21:11:58,177 autoreload File C:\Users\Abhihail Jacob\AppData\Local\Programs\Python\Python311\Lib\site-packages\django\contrib\admin\migrations\0001_initial.py first seen with mtime 1768573762.725634
[DEBUG] 2026-01-28 21:11:58,177 autoreload File C:\Users\Abhihail Jacob\AppData\Local\Programs\Python\Python311\Lib\site-packages\django\contrib\auth\migrations\__init__.py first seen with mtime 1768573763.65371
[DEBUG] 2026-01-28 21:11:58,178 autoreload File C:\Users\Abhihail Jacob\AppData\Local\Programs\Python\Python311\Lib\site-packages\django\contrib\auth\migrations\0012_alter_user_first_name_max_length.py first seen with mtime 1768573763.65371
[DEBUG] 2026-01-28 21:11:58,180 autoreload File C:\Users\Abhihail Jacob\AppData\Local\Programs\Python\Python311\Lib\site-packages\django\views\defaults.py first seen with mtime 1768573766.4274628
[DEBUG] 2026-01-28 21:11:58,180 autoreload File C:\Users\Abhihail Jacob\AppData\Local\Programs\Python\Python311\Lib\site-packages\django\db\models\sql\compiler.py first seen with mtime 1768573766.2066352
[DEBUG] 2026-01-28 21:11:58,181 autoreload File C:\Users\Abhihail Jacob\AppData\Local\Programs\Python\Python311\Lib\site-packages\django\contrib\sessions\backends\db.py first seen with mtime 1768573765.488659
[DEBUG] 2026-01-28 21:11:58,181 autoreload File D:\Python Journey\Python training\python-core\day27\expense_tracker\expenses\migrations\0002_expense_created_at.py first seen with mtime 1769431410.6936948
[DEBUG] 2026-01-28 21:11:58,182 autoreload File C:\Users\Abhihail Jacob\AppData\Local\Programs\Python\Python311\Lib\site-packages\rest_framework\authtoken\migrations\0001_initial.py first seen with mtime 1769439193.630202
[DEBUG] 2026-01-28 21:11:58,182 autoreload File C:\Users\Abhihail Jacob\AppData\Local\Programs\Python\Python311\Lib\site-packages\django\conf\urls\__init__.py first seen with mtime 1768573761.8843684
[DEBUG] 2026-01-28 21:11:58,183 autoreload File C:\Users\Abhihail Jacob\AppData\Local\Programs\Python\Python311\Lib\site-packages\django\contrib\auth\migrations\0005_alter_user_last_login_null.py first seen with mtime 1768573763.6464918
[DEBUG] 2026-01-28 21:11:58,184 autoreload File C:\Users\Abhihail Jacob\AppData\Local\Programs\Python\Python311\Lib\site-packages\django\contrib\auth\migrations\0009_alter_user_last_name_max_length.py first seen with mtime 1768573763.65371
[DEBUG] 2026-01-28 21:11:58,185 autoreload File C:\Users\Abhihail Jacob\AppData\Local\Programs\Python\Python311\Lib\site-packages\django\contrib\auth\migrations\0008_alter_user_username_max_length.py first seen with mtime 1768573763.6464918
[DEBUG] 2026-01-28 21:11:58,185 autoreload File C:\Users\Abhihail Jacob\AppData\Local\Programs\Python\Python311\Lib\site-packages\rest_framework\authtoken\migrations\0003_tokenproxy.py first seen with mtime 1769439193.6336944
[DEBUG] 2026-01-28 21:11:58,188 autoreload File C:\Users\Abhihail Jacob\AppData\Local\Programs\Python\Python311\Lib\site-packages\django\contrib\admin\migrations\__init__.py first seen with mtime 1768573762.725634
[DEBUG] 2026-01-28 21:11:58,190 autoreload File C:\Users\Abhihail Jacob\AppData\Local\Programs\Python\Python311\Lib\site-packages\django\contrib\contenttypes\migrations\0002_remove_content_type_name.py first seen with mtime 1768573763.9909494
[DEBUG] 2026-01-28 21:11:58,191 autoreload File C:\Users\Abhihail Jacob\AppData\Local\Programs\Python\Python311\Lib\site-packages\rest_framework\authtoken\migrations\__init__.py first seen with mtime 1769439193.6347003
[DEBUG] 2026-01-28 21:12:08,281 utils (0.000) SELECT "django_session"."session_key", "django_session"."session_data", "django_session"."expire_date" FROM "django_session" WHERE ("django_session"."expire_date" > '2026-01-28 15:42:08.281662' AND "django_session"."session_key" = 'td8yn7huq7jtd90gnkuw0wsv07i0yivn') LIMIT 21; args=('2026-01-28 15:42:08.281662', 'td8yn7huq7jtd90gnkuw0wsv07i0yivn'); alias=default
[DEBUG] 2026-01-28 21:12:08,285 utils (0.000) SELECT "auth_user"."id", "auth_user"."password", "auth_user"."last_login", "auth_user"."is_superuser", "auth_user"."username", "auth_user"."first_name", "auth_user"."last_name", "auth_user"."email", "auth_user"."is_staff", "auth_user"."is_active", "auth_user"."date_joined" FROM "auth_user" WHERE "auth_user"."id" = 1 LIMIT 21; args=(1,); alias=default
[DEBUG] 2026-01-28 21:12:08,286 views Home page accessed by user: abhihail
[ERROR] 2026-01-28 21:12:08,287 views Error in home view: division by zero
[DEBUG] 2026-01-28 21:12:08,299 utils (0.000) SELECT "expenses_expense"."id", "expenses_expense"."name", "expenses_expense"."amount", "expenses_expense"."date", "expenses_expense"."created_at" FROM "expenses_expense"; args=(); alias=default
[INFO] 2026-01-28 21:12:08,309 basehttp "POST / HTTP/1.1" 200 4448
[DEBUG] 2026-01-28 21:12:09,020 autoreload File C:\Users\Abhihail Jacob\AppData\Local\Programs\Python\Python311\Lib\site-packages\django\conf\locale\en\formats.py first seen with mtime 1768573761.4629643
[DEBUG] 2026-01-28 21:12:09,025 autoreload File C:\Users\Abhihail Jacob\AppData\Local\Programs\Python\Python311\Lib\site-packages\django\contrib\messages\storage\session.py first seen with mtime 1768573764.9406085
[DEBUG] 2026-01-28 21:12:09,030 autoreload File C:\Users\Abhihail Jacob\AppData\Local\Programs\Python\Python311\Lib\site-packages\django\contrib\messages\context_processors.py first seen with mtime 1768573764.9331207
[DEBUG] 2026-01-28 21:12:09,031 autoreload File C:\Users\Abhihail Jacob\AppData\Local\Programs\Python\Python311\Lib\site-packages\django\conf\locale\en\__init__.py first seen with mtime 1768573761.4629643
[DEBUG] 2026-01-28 21:12:09,033 autoreload File C:\Users\Abhihail Jacob\AppData\Local\Programs\Python\Python311\Lib\site-packages\django\contrib\sessions\serializers.py first seen with mtime 1768573765.4839928
[DEBUG] 2026-01-28 21:12:09,036 autoreload File C:\Users\Abhihail Jacob\AppData\Local\Programs\Python\Python311\Lib\site-packages\django\contrib\messages\storage\cookie.py first seen with mtime 1768573764.9396086
[DEBUG] 2026-01-28 21:12:09,038 autoreload File C:\Users\Abhihail Jacob\AppData\Local\Programs\Python\Python311\Lib\site-packages\django\template\context_processors.py first seen with mtime 1768573766.3276985
[DEBUG] 2026-01-28 21:12:09,042 autoreload File C:\Users\Abhihail Jacob\AppData\Local\Programs\Python\Python311\Lib\site-packages\django\contrib\auth\context_processors.py first seen with mtime 1768573763.2953887
[DEBUG] 2026-01-28 21:12:09,044 autoreload File C:\Users\Abhihail Jacob\AppData\Local\Programs\Python\Python311\Lib\site-packages\django\contrib\messages\storage\fallback.py first seen with mtime 1768573764.9396086
[DEBUG] 2026-01-28 21:12:20,587 utils (0.000) SELECT "django_session"."session_key", "django_session"."session_data", "django_session"."expire_date" FROM "django_session" WHERE ("django_session"."expire_date" > '2026-01-28 15:42:20.586382' AND "django_session"."session_key" = 'td8yn7huq7jtd90gnkuw0wsv07i0yivn') LIMIT 21; args=('2026-01-28 15:42:20.586382', 'td8yn7huq7jtd90gnkuw0wsv07i0yivn'); alias=default
[DEBUG] 2026-01-28 21:12:20,588 utils (0.000) SELECT "auth_user"."id", "auth_user"."password", "auth_user"."last_login", "auth_user"."is_superuser", "auth_user"."username", "auth_user"."first_name", "auth_user"."last_name", "auth_user"."email", "auth_user"."is_staff", "auth_user"."is_active", "auth_user"."date_joined" FROM "auth_user" WHERE "auth_user"."id" = 1 LIMIT 21; args=(1,); alias=default
[DEBUG] 2026-01-28 21:12:20,589 views Home page accessed by user: abhihail
[ERROR] 2026-01-28 21:12:20,590 views Error in home view: division by zero
[DEBUG] 2026-01-28 21:12:20,591 utils (0.000) SELECT "expenses_expense"."id", "expenses_expense"."name", "expenses_expense"."amount", "expenses_expense"."date", "expenses_expense"."created_at" FROM "expenses_expense"; args=(); alias=default
[INFO] 2026-01-28 21:12:20,594 basehttp "POST / HTTP/1.1" 200 4448
[DEBUG] 2026-01-28 21:13:49,088 autoreload File D:\Python Journey\Python training\python-core\day27\expense_tracker\expenses\views.py previous mtime: 1769614916.511235, current mtime: 1769615028.4436507
[DEBUG] 2026-01-28 21:13:49,088 autoreload D:\Python Journey\Python training\python-core\day27\expense_tracker\expenses\views.py notified as changed. Signal results: [(<function template_changed at 0x000001B80BE623E0>, None), (<function translation_file_changed at 0x000001B80CE57380>, None)].
[INFO] 2026-01-28 21:13:49,089 autoreload D:\Python Journey\Python training\python-core\day27\expense_tracker\expenses\views.py changed, reloading.
[INFO] 2026-01-28 21:13:50,014 autoreload Watching for file changes with StatReloader
[DEBUG] 2026-01-28 21:13:50,014 autoreload Waiting for apps ready_event.
[DEBUG] 2026-01-28 21:13:50,128 autoreload Apps ready_event triggered. Sending autoreload_started signal.
[DEBUG] 2026-01-28 21:13:50,137 autoreload Watching dir C:\Users\Abhihail Jacob\AppData\Local\Programs\Python\Python311\Lib\site-packages\rest_framework\templates with glob **/*.
[DEBUG] 2026-01-28 21:13:50,142 autoreload Watching dir C:\Users\Abhihail Jacob\AppData\Local\Programs\Python\Python311\Lib\site-packages\django_filters\templates with glob **/*.
[DEBUG] 2026-01-28 21:13:50,145 autoreload Watching dir D:\Python Journey\Python training\python-core\day27\expense_tracker\expenses\templates with glob **/*.
[DEBUG] 2026-01-28 21:13:50,145 autoreload Watching dir D:\Python Journey\Python training\python-core\day27\expense_tracker\locale with glob **/*.mo.
[DEBUG] 2026-01-28 21:13:50,145 autoreload Watching dir D:\Python Journey\Python training\python-core\day27\expense_tracker\expenses\locale with glob **/*.mo.
[DEBUG] 2026-01-28 21:13:50,146 autoreload Watching dir C:\Users\Abhihail Jacob\AppData\Local\Programs\Python\Python311\Lib\site-packages\rest_framework\locale with glob **/*.mo.
[DEBUG] 2026-01-28 21:13:50,147 autoreload Watching dir C:\Users\Abhihail Jacob\AppData\Local\Programs\Python\Python311\Lib\site-packages\rest_framework\authtoken\locale with glob **/*.mo.
[DEBUG] 2026-01-28 21:13:50,147 autoreload Watching dir C:\Users\Abhihail Jacob\AppData\Local\Programs\Python\Python311\Lib\site-packages\django_filters\locale with glob **/*.mo.
[DEBUG] 2026-01-28 21:13:50,208 utils (0.000) 
            SELECT name, type FROM sqlite_master
            WHERE type in ('table', 'view') AND NOT name='sqlite_sequence'
            ORDER BY name; args=None; alias=default
[DEBUG] 2026-01-28 21:13:50,211 utils (0.000) SELECT "django_migrations"."id", "django_migrations"."app", "django_migrations"."name", "django_migrations"."applied" FROM "django_migrations"; args=(); alias=default
[DEBUG] 2026-01-28 21:13:50,335 autoreload File C:\Users\Abhihail Jacob\AppData\Local\Programs\Python\Python311\Lib\site-packages\asgiref\local.py first seen with mtime 1768573761.0831225
[DEBUG] 2026-01-28 21:13:50,335 autoreload File C:\Users\Abhihail Jacob\AppData\Local\Programs\Python\Python311\Lib\site-packages\django\contrib\admin\options.py first seen with mtime 1768573761.9078176
[DEBUG] 2026-01-28 21:13:50,335 autoreload File C:\Users\Abhihail Jacob\AppData\Local\Programs\Python\Python311\Lib\site-packages\django_filters\rest_framework\__init__.py first seen with mtime 1769607637.8759546
[DEBUG] 2026-01-28 21:13:50,335 autoreload File C:\Users\Abhihail Jacob\AppData\Local\Programs\Python\Python311\Lib\site-packages\django\middleware\csrf.py first seen with mtime 1768573766.3193097
[DEBUG] 2026-01-28 21:13:50,335 autoreload File C:\Users\Abhihail Jacob\AppData\Local\Programs\Python\Python311\Lib\site-packages\django\core\mail\message.py first seen with mtime 1768573766.0370164
[DEBUG] 2026-01-28 21:13:50,335 autoreload File C:\Users\Abhihail Jacob\AppData\Local\Programs\Python\Python311\Lib\site-packages\django\db\backends\base\schema.py first seen with mtime 1768573766.1028438
[DEBUG] 2026-01-28 21:13:50,335 autoreload File C:\Users\Abhihail Jacob\AppData\Local\Programs\Python\Python311\Lib\importlib\__init__.py first seen with mtime 1707239442.0
[DEBUG] 2026-01-28 21:13:50,335 autoreload File C:\Users\Abhihail Jacob\AppData\Local\Programs\Python\Python311\Lib\site-packages\django\contrib\sessions\base_session.py first seen with mtime 1768573765.4805756
[DEBUG] 2026-01-28 21:13:50,335 autoreload File C:\Users\Abhihail Jacob\AppData\Local\Programs\Python\Python311\Lib\site-packages\django\core\serializers\json.py first seen with mtime 1768573766.0824063
[DEBUG] 2026-01-28 21:13:50,335 autoreload File C:\Users\Abhihail Jacob\AppData\Local\Programs\Python\Python311\Lib\ctypes\__init__.py first seen with mtime 1707239442.0
[DEBUG] 2026-01-28 21:13:50,335 autoreload File C:\Users\Abhihail Jacob\AppData\Local\Programs\Python\Python311\Lib\site-packages\django\db\models\indexes.py first seen with mtime 1768573766.17687
[DEBUG] 2026-01-28 21:13:50,335 autoreload File C:\Users\Abhihail Jacob\AppData\Local\Programs\Python\Python311\Lib\site-packages\django_filters\compat.py first seen with mtime 1769607637.8050098
[DEBUG] 2026-01-28 21:13:50,335 autoreload File C:\Users\Abhihail Jacob\AppData\Local\Programs\Python\Python311\Lib\site-packages\django\conf\__init__.py first seen with mtime 1768573761.35726
[DEBUG] 2026-01-28 21:13:50,335 autoreload File C:\Users\Abhihail Jacob\AppData\Local\Programs\Python\Python311\Lib\site-packages\django\core\checks\security\sessions.py first seen with mtime 1768573766.00599
[DEBUG] 2026-01-28 21:13:50,335 autoreload File C:\Users\Abhihail Jacob\AppData\Local\Programs\Python\Python311\Lib\site-packages\django\utils\regex_helper.py first seen with mtime 1768573766.396915
[DEBUG] 2026-01-28 21:13:50,335 autoreload File C:\Users\Abhihail Jacob\AppData\Local\Programs\Python\Python311\Lib\site-packages\sqlparse\engine\statement_splitter.py first seen with mtime 1768573760.220672
[DEBUG] 2026-01-28 21:13:50,335 autoreload File C:\Users\Abhihail Jacob\AppData\Local\Programs\Python\Python311\Lib\site-packages\rest_framework\reverse.py first seen with mtime 1769439193.604519
[DEBUG] 2026-01-28 21:13:50,335 autoreload File C:\Users\Abhihail Jacob\AppData\Local\Programs\Python\Python311\Lib\site-packages\django\apps\__init__.py first seen with mtime 1768573761.3505023
[DEBUG] 2026-01-28 21:13:50,335 autoreload File C:\Users\Abhihail Jacob\AppData\Local\Programs\Python\Python311\Lib\email\message.py first seen with mtime 1707239442.0
[DEBUG] 2026-01-28 21:13:50,335 autoreload File C:\Users\Abhihail Jacob\AppData\Local\Programs\Python\Python311\Lib\site-packages\django\forms\fields.py first seen with mtime 1768573766.2086406
[DEBUG] 2026-01-28 21:13:50,335 autoreload File C:\Users\Abhihail Jacob\AppData\Local\Programs\Python\Python311\Lib\site-packages\rest_framework\utils\json.py first seen with mtime 1769439193.9015636
[DEBUG] 2026-01-28 21:13:50,349 autoreload File C:\Users\Abhihail Jacob\AppData\Local\Programs\Python\Python311\Lib\site-packages\django\contrib\sessions\models.py first seen with mtime 1768573765.4839928
[DEBUG] 2026-01-28 21:13:50,349 autoreload File C:\Users\Abhihail Jacob\AppData\Local\Programs\Python\Python311\Lib\asyncio\base_tasks.py first seen with mtime 1707239442.0
[DEBUG] 2026-01-28 21:13:50,351 autoreload File C:\Users\Abhihail Jacob\AppData\Local\Programs\Python\Python311\Lib\site-packages\django\core\checks\security\base.py first seen with mtime 1768573766.00599
[DEBUG] 2026-01-28 21:13:50,351 autoreload File C:\Users\Abhihail Jacob\AppData\Local\Programs\Python\Python311\Lib\site-packages\django\views\__init__.py first seen with mtime 1768573766.412633
[DEBUG] 2026-01-28 21:13:50,352 autoreload File C:\Users\Abhihail Jacob\AppData\Local\Programs\Python\Python311\Lib\http\client.py first seen with mtime 1707239442.0
[DEBUG] 2026-01-28 21:13:50,352 autoreload File C:\Users\Abhihail Jacob\AppData\Local\Programs\Python\Python311\Lib\site-packages\django\views\generic\dates.py first seen with mtime 1768573766.4499068
[DEBUG] 2026-01-28 21:13:50,352 autoreload File D:\Python Journey\Python training\python-core\day27\expense_tracker\manage.py first seen with mtime 1769321638.2544072
[DEBUG] 2026-01-28 21:13:50,353 autoreload File C:\Users\Abhihail Jacob\AppData\Local\Programs\Python\Python311\Lib\site-packages\django\utils\inspect.py first seen with mtime 1768573766.3926706
[DEBUG] 2026-01-28 21:13:50,353 autoreload File C:\Users\Abhihail Jacob\AppData\Local\Programs\Python\Python311\Lib\site-packages\django\db\backends\base\introspection.py first seen with mtime 1768573766.1008377
[DEBUG] 2026-01-28 21:13:50,353 autoreload File C:\Users\Abhihail Jacob\AppData\Local\Programs\Python\Python311\Lib\site-packages\django\template\utils.py first seen with mtime 1768573766.3367052
[DEBUG] 2026-01-28 21:13:50,353 autoreload File C:\Users\Abhihail Jacob\AppData\Local\Programs\Python\Python311\Lib\site-packages\django\core\cache\backends\filebased.py first seen with mtime 1768573765.999102
[DEBUG] 2026-01-28 21:13:50,353 autoreload File C:\Users\Abhihail Jacob\AppData\Local\Programs\Python\Python311\Lib\gzip.py first seen with mtime 1707239442.0
[DEBUG] 2026-01-28 21:13:50,354 autoreload File C:\Users\Abhihail Jacob\AppData\Local\Programs\Python\Python311\Lib\site-packages\django\core\files\move.py first seen with mtime 1768573766.0240695
[DEBUG] 2026-01-28 21:13:50,354 autoreload File C:\Users\Abhihail Jacob\AppData\Local\Programs\Python\Python311\Lib\site-packages\django\db\backends\base\client.py first seen with mtime 1768573766.0975108
[DEBUG] 2026-01-28 21:13:50,354 autoreload File C:\Users\Abhihail Jacob\AppData\Local\Programs\Python\Python311\Lib\site-packages\django\db\models\fields\tuple_lookups.py first seen with mtime 1768573766.1930363
[DEBUG] 2026-01-28 21:13:50,354 autoreload File C:\Users\Abhihail Jacob\AppData\Local\Programs\Python\Python311\Lib\encodings\cp1252.py first seen with mtime 1707239442.0
[DEBUG] 2026-01-28 21:13:50,354 autoreload File C:\Users\Abhihail Jacob\AppData\Local\Programs\Python\Python311\Lib\site-packages\sqlparse\sql.py first seen with mtime 1768573760.2135818
[DEBUG] 2026-01-28 21:13:50,354 autoreload File C:\Users\Abhihail Jacob\AppData\Local\Programs\Python\Python311\Lib\site-packages\django\db\models\fields\related_lookups.py first seen with mtime 1768573766.1930363
[DEBUG] 2026-01-28 21:13:50,354 autoreload File C:\Users\Abhihail Jacob\AppData\Local\Programs\Python\Python311\Lib\site-packages\django\db\models\sql\datastructures.py first seen with mtime 1768573766.2086406
[DEBUG] 2026-01-28 21:13:50,354 autoreload File C:\Users\Abhihail Jacob\AppData\Local\Programs\Python\Python311\Lib\site-packages\django\middleware\common.py first seen with mtime 1768573766.3183005
[DEBUG] 2026-01-28 21:13:50,354 autoreload File C:\Users\Abhihail Jacob\AppData\Local\Programs\Python\Python311\Lib\collections\__init__.py first seen with mtime 1707239442.0
[DEBUG] 2026-01-28 21:13:50,354 autoreload File C:\Users\Abhihail Jacob\AppData\Local\Programs\Python\Python311\Lib\_compression.py first seen with mtime 1707239442.0
[DEBUG] 2026-01-28 21:13:50,354 autoreload File C:\Users\Abhihail Jacob\AppData\Local\Programs\Python\Python311\Lib\site-packages\django\db\models\manager.py first seen with mtime 1768573766.1779044
[DEBUG] 2026-01-28 21:13:50,354 autoreload File C:\Users\Abhihail Jacob\AppData\Local\Programs\Python\Python311\Lib\re\_casefix.py first seen with mtime 1707239442.0
[DEBUG] 2026-01-28 21:13:50,354 autoreload File C:\Users\Abhihail Jacob\AppData\Local\Programs\Python\Python311\Lib\site-packages\sqlparse\exceptions.py first seen with mtime 1768573760.194264
[DEBUG] 2026-01-28 21:13:50,358 autoreload File C:\Users\Abhihail Jacob\AppData\Local\Programs\Python\Python311\Lib\site-packages\django\contrib\admin\templatetags\admin_modify.py first seen with mtime 1768573762.9478729
[DEBUG] 2026-01-28 21:13:50,358 autoreload File C:\Users\Abhihail Jacob\AppData\Local\Programs\Python\Python311\DLLs\_overlapped.pyd first seen with mtime 1707239490.0
[DEBUG] 2026-01-28 21:13:50,358 autoreload File C:\Users\Abhihail Jacob\AppData\Local\Programs\Python\Python311\Lib\bz2.py first seen with mtime 1707239442.0
[DEBUG] 2026-01-28 21:13:50,358 autoreload File C:\Users\Abhihail Jacob\AppData\Local\Programs\Python\Python311\Lib\site-packages\django\core\files\storage\memory.py first seen with mtime 1768573766.0325322
[DEBUG] 2026-01-28 21:13:50,358 autoreload File C:\Users\Abhihail Jacob\AppData\Local\Programs\Python\Python311\Lib\site-packages\django\dispatch\dispatcher.py first seen with mtime 1768573766.2086406
[DEBUG] 2026-01-28 21:13:50,358 autoreload File C:\Users\Abhihail Jacob\AppData\Local\Programs\Python\Python311\Lib\site-packages\django\views\debug.py first seen with mtime 1768573766.422733
[DEBUG] 2026-01-28 21:13:50,359 autoreload File C:\Users\Abhihail Jacob\AppData\Local\Programs\Python\Python311\Lib\site-packages\django\views\decorators\cache.py first seen with mtime 1768573766.4310014
[DEBUG] 2026-01-28 21:13:50,359 autoreload File C:\Users\Abhihail Jacob\AppData\Local\Programs\Python\Python311\Lib\site-packages\rest_framework\authentication.py first seen with mtime 1769439193.5800388
[DEBUG] 2026-01-28 21:13:50,359 autoreload File C:\Users\Abhihail Jacob\AppData\Local\Programs\Python\Python311\Lib\warnings.py first seen with mtime 1707239442.0
[DEBUG] 2026-01-28 21:13:50,360 autoreload File C:\Users\Abhihail Jacob\AppData\Local\Programs\Python\Python311\Lib\email\_policybase.py first seen with mtime 1707239442.0
[DEBUG] 2026-01-28 21:13:50,360 autoreload File C:\Users\Abhihail Jacob\AppData\Local\Programs\Python\Python311\Lib\site-packages\django\template\__init__.py first seen with mtime 1768573766.3236544
[DEBUG] 2026-01-28 21:13:50,360 autoreload File C:\Users\Abhihail Jacob\AppData\Local\Programs\Python\Python311\Lib\site-packages\django\db\models\sql\subqueries.py first seen with mtime 1768573766.2086406
[DEBUG] 2026-01-28 21:13:50,360 autoreload File C:\Users\Abhihail Jacob\AppData\Local\Programs\Python\Python311\Lib\site-packages\django\db\models\fields\json.py first seen with mtime 1768573766.189025
[DEBUG] 2026-01-28 21:13:50,360 autoreload File C:\Users\Abhihail Jacob\AppData\Local\Programs\Python\Python311\Lib\site-packages\django\template\defaulttags.py first seen with mtime 1768573766.329716
[DEBUG] 2026-01-28 21:13:50,360 autoreload File C:\Users\Abhihail Jacob\AppData\Local\Programs\Python\Python311\Lib\site-packages\django\template\response.py first seen with mtime 1768573766.3355887
[DEBUG] 2026-01-28 21:13:50,361 autoreload File C:\Users\Abhihail Jacob\AppData\Local\Programs\Python\Python311\Lib\selectors.py first seen with mtime 1707239442.0
[DEBUG] 2026-01-28 21:13:50,361 autoreload File C:\Users\Abhihail Jacob\AppData\Local\Programs\Python\Python311\DLLs\_decimal.pyd first seen with mtime 1707239490.0
[DEBUG] 2026-01-28 21:13:50,361 autoreload File C:\Users\Abhihail Jacob\AppData\Local\Programs\Python\Python311\Lib\site-packages\django\contrib\auth\base_user.py first seen with mtime 1768573763.2916543
[DEBUG] 2026-01-28 21:13:50,361 autoreload File C:\Users\Abhihail Jacob\AppData\Local\Programs\Python\Python311\Lib\site-packages\django_filters\filterset.py first seen with mtime 1769607637.8108666
[DEBUG] 2026-01-28 21:13:50,361 autoreload File C:\Users\Abhihail Jacob\AppData\Local\Programs\Python\Python311\Lib\site-packages\rest_framework\utils\representation.py first seen with mtime 1769439193.9047163
[DEBUG] 2026-01-28 21:13:50,361 autoreload File C:\Users\Abhihail Jacob\AppData\Local\Programs\Python\Python311\Lib\site-packages\django\contrib\staticfiles\views.py first seen with mtime 1768573765.9764345
[DEBUG] 2026-01-28 21:13:50,361 autoreload File C:\Users\Abhihail Jacob\AppData\Local\Programs\Python\Python311\Lib\configparser.py first seen with mtime 1707239442.0
[DEBUG] 2026-01-28 21:13:50,363 autoreload File C:\Users\Abhihail Jacob\AppData\Local\Programs\Python\Python311\Lib\site-packages\django\utils\timezone.py first seen with mtime 1768573766.4037344
[DEBUG] 2026-01-28 21:13:50,363 autoreload File C:\Users\Abhihail Jacob\AppData\Local\Programs\Python\Python311\DLLs\select.pyd first seen with mtime 1707239488.0
[DEBUG] 2026-01-28 21:13:50,363 autoreload File C:\Users\Abhihail Jacob\AppData\Local\Programs\Python\Python311\Lib\email\policy.py first seen with mtime 1707239442.0
[DEBUG] 2026-01-28 21:13:50,363 autoreload File C:\Users\Abhihail Jacob\AppData\Local\Programs\Python\Python311\Lib\dis.py first seen with mtime 1707239442.0
[DEBUG] 2026-01-28 21:13:50,363 autoreload File C:\Users\Abhihail Jacob\AppData\Local\Programs\Python\Python311\Lib\site-packages\django\contrib\admin\templatetags\log.py first seen with mtime 1768573762.9560928
[DEBUG] 2026-01-28 21:13:50,363 autoreload File C:\Users\Abhihail Jacob\AppData\Local\Programs\Python\Python311\Lib\email\mime\__init__.py first seen with mtime 1707239442.0
[DEBUG] 2026-01-28 21:13:50,364 autoreload File C:\Users\Abhihail Jacob\AppData\Local\Programs\Python\Python311\Lib\pkgutil.py first seen with mtime 1707239442.0
[DEBUG] 2026-01-28 21:13:50,364 autoreload File C:\Users\Abhihail Jacob\AppData\Local\Programs\Python\Python311\Lib\site-packages\django\db\models\utils.py first seen with mtime 1768573766.1821475
[DEBUG] 2026-01-28 21:13:50,364 autoreload File C:\Users\Abhihail Jacob\AppData\Local\Programs\Python\Python311\Lib\socketserver.py first seen with mtime 1707239442.0
[DEBUG] 2026-01-28 21:13:50,364 autoreload File C:\Users\Abhihail Jacob\AppData\Local\Programs\Python\Python311\Lib\site-packages\django\contrib\sessions\__init__.py first seen with mtime 1768573765.4785707
[DEBUG] 2026-01-28 21:13:50,364 autoreload File C:\Users\Abhihail Jacob\AppData\Local\Programs\Python\Python311\Lib\site-packages\django\db\migrations\operations\base.py first seen with mtime 1768573766.1635935
[DEBUG] 2026-01-28 21:13:50,364 autoreload File C:\Users\Abhihail Jacob\AppData\Local\Programs\Python\Python311\Lib\copy.py first seen with mtime 1707239442.0
[DEBUG] 2026-01-28 21:13:50,367 autoreload File C:\Users\Abhihail Jacob\AppData\Local\Programs\Python\Python311\Lib\site-packages\django\forms\utils.py first seen with mtime 1768573766.2233882
[DEBUG] 2026-01-28 21:13:50,367 autoreload File C:\Users\Abhihail Jacob\AppData\Local\Programs\Python\Python311\Lib\site-packages\django\contrib\contenttypes\fields.py first seen with mtime 1768573763.6654882
[DEBUG] 2026-01-28 21:13:50,367 autoreload File C:\Users\Abhihail Jacob\AppData\Local\Programs\Python\Python311\Lib\site-packages\django\contrib\admin\views\main.py first seen with mtime 1768573762.9638262
[DEBUG] 2026-01-28 21:13:50,367 autoreload File C:\Users\Abhihail Jacob\AppData\Local\Programs\Python\Python311\Lib\site-packages\django\contrib\messages\utils.py first seen with mtime 1768573764.9356084
[DEBUG] 2026-01-28 21:13:50,367 autoreload File C:\Users\Abhihail Jacob\AppData\Local\Programs\Python\Python311\Lib\email\base64mime.py first seen with mtime 1707239442.0
[DEBUG] 2026-01-28 21:13:50,370 autoreload File C:\Users\Abhihail Jacob\AppData\Local\Programs\Python\Python311\Lib\site-packages\django\core\management\utils.py first seen with mtime 1768573766.0550787
[DEBUG] 2026-01-28 21:13:50,370 autoreload File C:\Users\Abhihail Jacob\AppData\Local\Programs\Python\Python311\Lib\site-packages\django\core\signals.py first seen with mtime 1768573765.9887507
[DEBUG] 2026-01-28 21:13:50,370 autoreload File D:\Python Journey\Python training\python-core\day27\expense_tracker\expense_tracker\urls.py first seen with mtime 1769529894.9676082
[DEBUG] 2026-01-28 21:13:50,370 autoreload File C:\Users\Abhihail Jacob\AppData\Local\Programs\Python\Python311\Lib\site-packages\django\db\migrations\graph.py first seen with mtime 1768573766.1536448
[DEBUG] 2026-01-28 21:13:50,370 autoreload File C:\Users\Abhihail Jacob\AppData\Local\Programs\Python\Python311\Lib\site-packages\rest_framework\utils\html.py first seen with mtime 1769439193.8994558
[DEBUG] 2026-01-28 21:13:50,371 autoreload File C:\Users\Abhihail Jacob\AppData\Local\Programs\Python\Python311\Lib\site-packages\django\contrib\sessions\backends\__init__.py first seen with mtime 1768573765.4850373
[DEBUG] 2026-01-28 21:13:50,371 autoreload File C:\Users\Abhihail Jacob\AppData\Local\Programs\Python\Python311\Lib\asyncio\threads.py first seen with mtime 1707239442.0
[DEBUG] 2026-01-28 21:13:50,371 autoreload File C:\Users\Abhihail Jacob\AppData\Local\Programs\Python\Python311\Lib\site-packages\django\db\models\__init__.py first seen with mtime 1768573766.167158
[DEBUG] 2026-01-28 21:13:50,371 autoreload File C:\Users\Abhihail Jacob\AppData\Local\Programs\Python\Python311\Lib\site-packages\django\utils\_os.py first seen with mtime 1768573766.3705251
[DEBUG] 2026-01-28 21:13:50,371 autoreload File C:\Users\Abhihail Jacob\AppData\Local\Programs\Python\Python311\Lib\site-packages\sqlparse\cli.py first seen with mtime 1768573760.194264
[DEBUG] 2026-01-28 21:13:50,371 autoreload File C:\Users\Abhihail Jacob\AppData\Local\Programs\Python\Python311\Lib\site-packages\django\core\paginator.py first seen with mtime 1768573765.9887507
[DEBUG] 2026-01-28 21:13:50,373 autoreload File C:\Users\Abhihail Jacob\AppData\Local\Programs\Python\Python311\Lib\site-packages\django\forms\__init__.py first seen with mtime 1768573766.2086406
[DEBUG] 2026-01-28 21:13:50,373 autoreload File C:\Users\Abhihail Jacob\AppData\Local\Programs\Python\Python311\Lib\site-packages\django_filters\rest_framework\filterset.py first seen with mtime 1769607637.8799777
[DEBUG] 2026-01-28 21:13:50,373 autoreload File C:\Users\Abhihail Jacob\AppData\Local\Programs\Python\Python311\Lib\logging\handlers.py first seen with mtime 1707239442.0
[DEBUG] 2026-01-28 21:13:50,373 autoreload File C:\Users\Abhihail Jacob\AppData\Local\Programs\Python\Python311\Lib\site-packages\django\core\serializers\__init__.py first seen with mtime 1768573766.0812006
[DEBUG] 2026-01-28 21:13:50,374 autoreload File C:\Users\Abhihail Jacob\AppData\Local\Programs\Python\Python311\Lib\site-packages\django\db\models\base.py first seen with mtime 1768573766.169967
[DEBUG] 2026-01-28 21:13:50,374 autoreload File C:\Users\Abhihail Jacob\AppData\Local\Programs\Python\Python311\Lib\site-packages\django\contrib\auth\management\__init__.py first seen with mtime 1768573763.6325574
[DEBUG] 2026-01-28 21:13:50,374 autoreload File C:\Users\Abhihail Jacob\AppData\Local\Programs\Python\Python311\Lib\site-packages\django\core\handlers\__init__.py first seen with mtime 1768573766.034688
[DEBUG] 2026-01-28 21:13:50,374 autoreload File C:\Users\Abhihail Jacob\AppData\Local\Programs\Python\Python311\Lib\json\__init__.py first seen with mtime 1707239442.0
[DEBUG] 2026-01-28 21:13:50,374 autoreload File C:\Users\Abhihail Jacob\AppData\Local\Programs\Python\Python311\Lib\site-packages\rest_framework\utils\__init__.py first seen with mtime 1769439193.8944402
[DEBUG] 2026-01-28 21:13:50,374 autoreload File C:\Users\Abhihail Jacob\AppData\Local\Programs\Python\Python311\Lib\site-packages\django\db\migrations\writer.py first seen with mtime 1768573766.1573646
[DEBUG] 2026-01-28 21:13:50,374 autoreload File C:\Users\Abhihail Jacob\AppData\Local\Programs\Python\Python311\Lib\site-packages\django\contrib\messages\__init__.py first seen with mtime 1768573764.9298742
[DEBUG] 2026-01-28 21:13:50,374 autoreload File C:\Users\Abhihail Jacob\AppData\Local\Programs\Python\Python311\Lib\asyncio\futures.py first seen with mtime 1707239442.0
[DEBUG] 2026-01-28 21:13:50,374 autoreload File C:\Users\Abhihail Jacob\AppData\Local\Programs\Python\Python311\Lib\site-packages\django\utils\decorators.py first seen with mtime 1768573766.3835814
[DEBUG] 2026-01-28 21:13:50,378 autoreload File C:\Users\Abhihail Jacob\AppData\Local\Programs\Python\Python311\Lib\subprocess.py first seen with mtime 1707239442.0
[DEBUG] 2026-01-28 21:13:50,378 autoreload File C:\Users\Abhihail Jacob\AppData\Local\Programs\Python\Python311\Lib\site-packages\django_filters\exceptions.py first seen with mtime 1769607637.8083549
[DEBUG] 2026-01-28 21:13:50,378 autoreload File C:\Users\Abhihail Jacob\AppData\Local\Programs\Python\Python311\Lib\site-packages\django\core\management\__init__.py first seen with mtime 1768573766.0480413
[DEBUG] 2026-01-28 21:13:50,378 autoreload File C:\Users\Abhihail Jacob\AppData\Local\Programs\Python\Python311\Lib\site-packages\rest_framework\serializers.py first seen with mtime 1769439193.6072092
[DEBUG] 2026-01-28 21:13:50,379 autoreload File C:\Users\Abhihail Jacob\AppData\Local\Programs\Python\Python311\Lib\site-packages\django\contrib\admin\helpers.py first seen with mtime 1768573761.8982975
[DEBUG] 2026-01-28 21:13:50,379 autoreload File C:\Users\Abhihail Jacob\AppData\Local\Programs\Python\Python311\Lib\site-packages\django\utils\cache.py first seen with mtime 1768573766.375011
[DEBUG] 2026-01-28 21:13:50,379 autoreload File C:\Users\Abhihail Jacob\AppData\Local\Programs\Python\Python311\Lib\site-packages\django\db\backends\signals.py first seen with mtime 1768573766.0940945
[DEBUG] 2026-01-28 21:13:50,379 autoreload File C:\Users\Abhihail Jacob\AppData\Local\Programs\Python\Python311\Lib\site-packages\django\db\models\fields\related.py first seen with mtime 1768573766.1910298
[DEBUG] 2026-01-28 21:13:50,379 autoreload File C:\Users\Abhihail Jacob\AppData\Local\Programs\Python\Python311\Lib\site-packages\django\db\backends\base\features.py first seen with mtime 1768573766.0998108
[DEBUG] 2026-01-28 21:13:50,379 autoreload File C:\Users\Abhihail Jacob\AppData\Local\Programs\Python\Python311\Lib\site-packages\django\contrib\admin\templatetags\base.py first seen with mtime 1768573762.9560928
[DEBUG] 2026-01-28 21:13:50,379 autoreload File C:\Users\Abhihail Jacob\AppData\Local\Programs\Python\Python311\Lib\email\headerregistry.py first seen with mtime 1707239442.0
[DEBUG] 2026-01-28 21:13:50,379 autoreload File C:\Users\Abhihail Jacob\AppData\Local\Programs\Python\Python311\Lib\site-packages\django\template\autoreload.py first seen with mtime 1768573766.3246646
[DEBUG] 2026-01-28 21:13:50,379 autoreload File C:\Users\Abhihail Jacob\AppData\Local\Programs\Python\Python311\Lib\site-packages\rest_framework\utils\breadcrumbs.py first seen with mtime 1769439193.8954597
[DEBUG] 2026-01-28 21:13:50,379 autoreload File C:\Users\Abhihail Jacob\AppData\Local\Programs\Python\Python311\Lib\site-packages\django_filters\fields.py first seen with mtime 1769607637.8093593
[DEBUG] 2026-01-28 21:13:50,379 autoreload File C:\Users\Abhihail Jacob\AppData\Local\Programs\Python\Python311\Lib\site-packages\django\contrib\admin\decorators.py first seen with mtime 1768573761.8982975
[DEBUG] 2026-01-28 21:13:50,379 autoreload File C:\Users\Abhihail Jacob\AppData\Local\Programs\Python\Python311\Lib\site-packages\django\urls\conf.py first seen with mtime 1768573766.3644238
[DEBUG] 2026-01-28 21:13:50,379 autoreload File C:\Users\Abhihail Jacob\AppData\Local\Programs\Python\Python311\Lib\site-packages\sqlparse\engine\__init__.py first seen with mtime 1768573760.216614
[DEBUG] 2026-01-28 21:13:50,379 autoreload File C:\Users\Abhihail Jacob\AppData\Local\Programs\Python\Python311\Lib\site-packages\django\forms\formsets.py first seen with mtime 1768573766.2086406
[DEBUG] 2026-01-28 21:13:50,382 autoreload File C:\Users\Abhihail Jacob\AppData\Local\Programs\Python\Python311\Lib\site-packages\django\core\checks\translation.py first seen with mtime 1768573766.00599
[DEBUG] 2026-01-28 21:13:50,382 autoreload File C:\Users\Abhihail Jacob\AppData\Local\Programs\Python\Python311\Lib\site-packages\django\http\__init__.py first seen with mtime 1768573766.3102252
[DEBUG] 2026-01-28 21:13:50,383 autoreload File C:\Users\Abhihail Jacob\AppData\Local\Programs\Python\Python311\Lib\fractions.py first seen with mtime 1707239442.0
[DEBUG] 2026-01-28 21:13:50,384 autoreload File C:\Users\Abhihail Jacob\AppData\Local\Programs\Python\Python311\Lib\site-packages\django\http\response.py first seen with mtime 1768573766.313158
[DEBUG] 2026-01-28 21:13:50,384 autoreload File C:\Users\Abhihail Jacob\AppData\Local\Programs\Python\Python311\Lib\asyncio\coroutines.py first seen with mtime 1707239442.0
[DEBUG] 2026-01-28 21:13:50,385 autoreload File C:\Users\Abhihail Jacob\AppData\Local\Programs\Python\Python311\Lib\asyncio\windows_utils.py first seen with mtime 1707239442.0
[DEBUG] 2026-01-28 21:13:50,386 autoreload File C:\Users\Abhihail Jacob\AppData\Local\Programs\Python\Python311\Lib\site-packages\sqlparse\filters\output.py first seen with mtime 1768573760.226123
[DEBUG] 2026-01-28 21:13:50,386 autoreload File C:\Users\Abhihail Jacob\AppData\Local\Programs\Python\Python311\Lib\mimetypes.py first seen with mtime 1707239442.0
[DEBUG] 2026-01-28 21:13:50,387 autoreload File C:\Users\Abhihail Jacob\AppData\Local\Programs\Python\Python311\Lib\struct.py first seen with mtime 1707239442.0
[DEBUG] 2026-01-28 21:13:50,388 autoreload File C:\Users\Abhihail Jacob\AppData\Local\Programs\Python\Python311\Lib\site-packages\django\db\migrations\migration.py first seen with mtime 1768573766.1547213
[DEBUG] 2026-01-28 21:13:50,388 autoreload File C:\Users\Abhihail Jacob\AppData\Local\Programs\Python\Python311\Lib\site-packages\django\db\models\fields\__init__.py first seen with mtime 1768573766.1852217
[DEBUG] 2026-01-28 21:13:50,388 autoreload File C:\Users\Abhihail Jacob\AppData\Local\Programs\Python\Python311\Lib\site-packages\django\db\models\lookups.py first seen with mtime 1768573766.17687
[DEBUG] 2026-01-28 21:13:50,390 autoreload File C:\Users\Abhihail Jacob\AppData\Local\Programs\Python\Python311\Lib\email\feedparser.py first seen with mtime 1707239442.0
[DEBUG] 2026-01-28 21:13:50,390 autoreload File C:\Users\Abhihail Jacob\AppData\Local\Programs\Python\Python311\Lib\urllib\parse.py first seen with mtime 1707239442.0
[DEBUG] 2026-01-28 21:13:50,390 autoreload File C:\Users\Abhihail Jacob\AppData\Local\Programs\Python\Python311\Lib\asyncio\queues.py first seen with mtime 1707239442.0
[DEBUG] 2026-01-28 21:13:50,391 autoreload File C:\Users\Abhihail Jacob\AppData\Local\Programs\Python\Python311\Lib\site-packages\django\db\models\aggregates.py first seen with mtime 1768573766.167158
[DEBUG] 2026-01-28 21:13:50,391 autoreload File C:\Users\Abhihail Jacob\AppData\Local\Programs\Python\Python311\Lib\shlex.py first seen with mtime 1707239442.0
[DEBUG] 2026-01-28 21:13:50,391 autoreload File C:\Users\Abhihail Jacob\AppData\Local\Programs\Python\Python311\Lib\ctypes\wintypes.py first seen with mtime 1707239442.0
[DEBUG] 2026-01-28 21:13:50,392 autoreload File C:\Users\Abhihail Jacob\AppData\Local\Programs\Python\Python311\Lib\site-packages\django\views\decorators\__init__.py first seen with mtime 1768573766.4310014
[DEBUG] 2026-01-28 21:13:50,392 autoreload File C:\Users\Abhihail Jacob\AppData\Local\Programs\Python\Python311\Lib\concurrent\futures\_base.py first seen with mtime 1707239442.0
[DEBUG] 2026-01-28 21:13:50,392 autoreload File C:\Users\Abhihail Jacob\AppData\Local\Programs\Python\Python311\Lib\site-packages\django\db\migrations\loader.py first seen with mtime 1768573766.1547213
[DEBUG] 2026-01-28 21:13:50,392 autoreload File C:\Users\Abhihail Jacob\AppData\Local\Programs\Python\Python311\Lib\site-packages\django\db\migrations\recorder.py first seen with mtime 1768573766.1573646
[DEBUG] 2026-01-28 21:13:50,393 autoreload File C:\Users\Abhihail Jacob\AppData\Local\Programs\Python\Python311\Lib\pprint.py first seen with mtime 1707239442.0
[DEBUG] 2026-01-28 21:13:50,393 autoreload File C:\Users\Abhihail Jacob\AppData\Local\Programs\Python\Python311\Lib\site-packages\rest_framework\pagination.py first seen with mtime 1769439193.59543
[DEBUG] 2026-01-28 21:13:50,393 autoreload File C:\Users\Abhihail Jacob\AppData\Local\Programs\Python\Python311\Lib\site-packages\django\core\files\utils.py first seen with mtime 1768573766.0278234
[DEBUG] 2026-01-28 21:13:50,394 autoreload File C:\Users\Abhihail Jacob\AppData\Local\Programs\Python\Python311\Lib\site-packages\django\db\models\query.py first seen with mtime 1768573766.1809068
[DEBUG] 2026-01-28 21:13:50,394 autoreload File C:\Users\Abhihail Jacob\AppData\Local\Programs\Python\Python311\Lib\site-packages\django\utils\deprecation.py first seen with mtime 1768573766.3835814
[DEBUG] 2026-01-28 21:13:50,394 autoreload File D:\Python Journey\Python training\python-core\day27\expense_tracker\expenses\serializers.py first seen with mtime 1769439405.3790536
[DEBUG] 2026-01-28 21:13:50,395 autoreload File C:\Users\Abhihail Jacob\AppData\Local\Programs\Python\Python311\Lib\html\parser.py first seen with mtime 1707239442.0
[DEBUG] 2026-01-28 21:13:50,395 autoreload File C:\Users\Abhihail Jacob\AppData\Local\Programs\Python\Python311\Lib\site-packages\django\utils\encoding.py first seen with mtime 1768573766.3861785
[DEBUG] 2026-01-28 21:13:50,395 autoreload File C:\Users\Abhihail Jacob\AppData\Local\Programs\Python\Python311\Lib\site-packages\django\db\models\sql\where.py first seen with mtime 1768573766.2086406
[DEBUG] 2026-01-28 21:13:50,395 autoreload File C:\Users\Abhihail Jacob\AppData\Local\Programs\Python\Python311\Lib\token.py first seen with mtime 1707239442.0
[DEBUG] 2026-01-28 21:13:50,396 autoreload File C:\Users\Abhihail Jacob\AppData\Local\Programs\Python\Python311\Lib\enum.py first seen with mtime 1707239442.0
[DEBUG] 2026-01-28 21:13:50,396 autoreload File C:\Users\Abhihail Jacob\AppData\Local\Programs\Python\Python311\Lib\concurrent\futures\__init__.py first seen with mtime 1707239442.0
[DEBUG] 2026-01-28 21:13:50,396 autoreload File C:\Users\Abhihail Jacob\AppData\Local\Programs\Python\Python311\Lib\wsgiref\__init__.py first seen with mtime 1707239442.0
[DEBUG] 2026-01-28 21:13:50,396 autoreload File C:\Users\Abhihail Jacob\AppData\Local\Programs\Python\Python311\Lib\site-packages\sqlparse\engine\filter_stack.py first seen with mtime 1768573760.217625
[DEBUG] 2026-01-28 21:13:50,396 autoreload File C:\Users\Abhihail Jacob\AppData\Local\Programs\Python\Python311\Lib\site-packages\django\contrib\auth\password_validation.py first seen with mtime 1768573763.3046775
[DEBUG] 2026-01-28 21:13:50,397 autoreload File C:\Users\Abhihail Jacob\AppData\Local\Programs\Python\Python311\Lib\site-packages\django\core\validators.py first seen with mtime 1768573765.9925027
[DEBUG] 2026-01-28 21:13:50,397 autoreload File C:\Users\Abhihail Jacob\AppData\Local\Programs\Python\Python311\Lib\site-packages\django\middleware\cache.py first seen with mtime 1768573766.315834
[DEBUG] 2026-01-28 21:13:50,397 autoreload File C:\Users\Abhihail Jacob\AppData\Local\Programs\Python\Python311\Lib\site-packages\rest_framework\schemas\openapi.py first seen with mtime 1769439193.754951
[DEBUG] 2026-01-28 21:13:50,397 autoreload File C:\Users\Abhihail Jacob\AppData\Local\Programs\Python\Python311\Lib\gettext.py first seen with mtime 1707239442.0
[DEBUG] 2026-01-28 21:13:50,397 autoreload File C:\Users\Abhihail Jacob\AppData\Local\Programs\Python\Python311\Lib\site-packages\django\contrib\admin\actions.py first seen with mtime 1768573761.8960052
[DEBUG] 2026-01-28 21:13:50,397 autoreload File C:\Users\Abhihail Jacob\AppData\Local\Programs\Python\Python311\DLLs\_socket.pyd first seen with mtime 1707239490.0
[DEBUG] 2026-01-28 21:13:50,398 autoreload File C:\Users\Abhihail Jacob\AppData\Local\Programs\Python\Python311\Lib\site-packages\django\core\files\storage\__init__.py first seen with mtime 1768573766.0288289
[DEBUG] 2026-01-28 21:13:50,398 autoreload File C:\Users\Abhihail Jacob\AppData\Local\Programs\Python\Python311\Lib\ipaddress.py first seen with mtime 1707239442.0
[DEBUG] 2026-01-28 21:13:50,398 autoreload File C:\Users\Abhihail Jacob\AppData\Local\Programs\Python\Python311\Lib\site-packages\django_filters\utils.py first seen with mtime 1769607637.811867
[DEBUG] 2026-01-28 21:13:50,399 autoreload File C:\Users\Abhihail Jacob\AppData\Local\Programs\Python\Python311\Lib\site-packages\django\db\backends\sqlite3\__init__.py first seen with mtime 1768573766.1376307
[DEBUG] 2026-01-28 21:13:50,399 autoreload File C:\Users\Abhihail Jacob\AppData\Local\Programs\Python\Python311\Lib\encodings\utf_8.py first seen with mtime 1707239442.0
[DEBUG] 2026-01-28 21:13:50,401 autoreload File C:\Users\Abhihail Jacob\AppData\Local\Programs\Python\Python311\Lib\site-packages\django\core\files\__init__.py first seen with mtime 1768573766.00599
[DEBUG] 2026-01-28 21:13:50,401 autoreload File C:\Users\Abhihail Jacob\AppData\Local\Programs\Python\Python311\Lib\uuid.py first seen with mtime 1707239442.0
[DEBUG] 2026-01-28 21:13:50,402 autoreload File C:\Users\Abhihail Jacob\AppData\Local\Programs\Python\Python311\Lib\site-packages\django\db\backends\sqlite3\base.py first seen with mtime 1768573766.1401365
[DEBUG] 2026-01-28 21:13:50,402 autoreload File C:\Users\Abhihail Jacob\AppData\Local\Programs\Python\Python311\Lib\site-packages\django\core\wsgi.py first seen with mtime 1768573765.9925027
[DEBUG] 2026-01-28 21:13:50,403 autoreload File C:\Users\Abhihail Jacob\AppData\Local\Programs\Python\Python311\Lib\asyncio\streams.py first seen with mtime 1707239442.0
[DEBUG] 2026-01-28 21:13:50,403 autoreload File C:\Users\Abhihail Jacob\AppData\Local\Programs\Python\Python311\Lib\site-packages\django\forms\boundfield.py first seen with mtime 1768573766.2086406
[DEBUG] 2026-01-28 21:13:50,403 autoreload File C:\Users\Abhihail Jacob\AppData\Local\Programs\Python\Python311\Lib\email\mime\multipart.py first seen with mtime 1707239442.0
[DEBUG] 2026-01-28 21:13:50,405 autoreload File C:\Users\Abhihail Jacob\AppData\Local\Programs\Python\Python311\Lib\email\_header_value_parser.py first seen with mtime 1707239442.0
[DEBUG] 2026-01-28 21:13:50,405 autoreload File C:\Users\Abhihail Jacob\AppData\Local\Programs\Python\Python311\Lib\site-packages\django\contrib\admin\templatetags\admin_list.py first seen with mtime 1768573762.9478729
[DEBUG] 2026-01-28 21:13:50,405 autoreload File C:\Users\Abhihail Jacob\AppData\Local\Programs\Python\Python311\Lib\site-packages\django\utils\translation\__init__.py first seen with mtime 1768573766.4077995
[DEBUG] 2026-01-28 21:13:50,406 autoreload File C:\Users\Abhihail Jacob\AppData\Local\Programs\Python\Python311\Lib\_markupbase.py first seen with mtime 1707239442.0
[DEBUG] 2026-01-28 21:13:50,406 autoreload File D:\Python Journey\Python training\python-core\day27\expense_tracker\expense_tracker\settings.py first seen with mtime 1769614862.356399
[DEBUG] 2026-01-28 21:13:50,406 autoreload File C:\Users\Abhihail Jacob\AppData\Local\Programs\Python\Python311\Lib\site-packages\django\__init__.py first seen with mtime 1768573761.3505023
[DEBUG] 2026-01-28 21:13:50,406 autoreload File C:\Users\Abhihail Jacob\AppData\Local\Programs\Python\Python311\Lib\site-packages\django\apps\registry.py first seen with mtime 1768573761.35726
[DEBUG] 2026-01-28 21:13:50,406 autoreload File C:\Users\Abhihail Jacob\AppData\Local\Programs\Python\Python311\Lib\site-packages\django\db\backends\base\validation.py first seen with mtime 1768573766.1028438
[DEBUG] 2026-01-28 21:13:50,406 autoreload File C:\Users\Abhihail Jacob\AppData\Local\Programs\Python\Python311\Lib\site-packages\django\template\loaders\base.py first seen with mtime 1768573766.3446932
[DEBUG] 2026-01-28 21:13:50,406 autoreload File C:\Users\Abhihail Jacob\AppData\Local\Programs\Python\Python311\Lib\site-packages\django\template\exceptions.py first seen with mtime 1768573766.3318825
[DEBUG] 2026-01-28 21:13:50,407 autoreload File C:\Users\Abhihail Jacob\AppData\Local\Programs\Python\Python311\Lib\site-packages\django\utils\hashable.py first seen with mtime 1768573766.3882785
[DEBUG] 2026-01-28 21:13:50,407 autoreload File C:\Users\Abhihail Jacob\AppData\Local\Programs\Python\Python311\Lib\site-packages\django\core\cache\backends\__init__.py first seen with mtime 1768573765.9945116
[DEBUG] 2026-01-28 21:13:50,407 autoreload File C:\Users\Abhihail Jacob\AppData\Local\Programs\Python\Python311\Lib\site-packages\django\contrib\admin\utils.py first seen with mtime 1768573761.911802
[DEBUG] 2026-01-28 21:13:50,407 autoreload File C:\Users\Abhihail Jacob\AppData\Local\Programs\Python\Python311\Lib\site-packages\django_filters\__init__.py first seen with mtime 1769607637.8037255
[DEBUG] 2026-01-28 21:13:50,407 autoreload File C:\Users\Abhihail Jacob\AppData\Local\Programs\Python\Python311\Lib\site-packages\django\db\models\functions\text.py first seen with mtime 1768573766.2026236
[DEBUG] 2026-01-28 21:13:50,408 autoreload File C:\Users\Abhihail Jacob\AppData\Local\Programs\Python\Python311\Lib\site-packages\django\core\checks\model_checks.py first seen with mtime 1768573766.00599
[DEBUG] 2026-01-28 21:13:50,408 autoreload File C:\Users\Abhihail Jacob\AppData\Local\Programs\Python\Python311\Lib\encodings\__init__.py first seen with mtime 1707239442.0
[DEBUG] 2026-01-28 21:13:50,408 autoreload File C:\Users\Abhihail Jacob\AppData\Local\Programs\Python\Python311\Lib\site-packages\django\db\migrations\state.py first seen with mtime 1768573766.1573646
[DEBUG] 2026-01-28 21:13:50,408 autoreload File C:\Users\Abhihail Jacob\AppData\Local\Programs\Python\Python311\Lib\site-packages\django\utils\text.py first seen with mtime 1768573766.4017043
[DEBUG] 2026-01-28 21:13:50,409 autoreload File C:\Users\Abhihail Jacob\AppData\Local\Programs\Python\Python311\Lib\site-packages\django\contrib\sessions\exceptions.py first seen with mtime 1768573765.481574
[DEBUG] 2026-01-28 21:13:50,409 autoreload File C:\Users\Abhihail Jacob\AppData\Local\Programs\Python\Python311\Lib\site-packages\django\core\servers\__init__.py first seen with mtime 1768573766.086025
[DEBUG] 2026-01-28 21:13:50,410 autoreload File C:\Users\Abhihail Jacob\AppData\Local\Programs\Python\Python311\Lib\site-packages\django\db\models\fields\mixins.py first seen with mtime 1768573766.189025
[DEBUG] 2026-01-28 21:13:50,410 autoreload File C:\Users\Abhihail Jacob\AppData\Local\Programs\Python\Python311\Lib\site-packages\django\utils\dateformat.py first seen with mtime 1768573766.3790207
[DEBUG] 2026-01-28 21:13:50,410 autoreload File C:\Users\Abhihail Jacob\AppData\Local\Programs\Python\Python311\Lib\site-packages\django\contrib\auth\backends.py first seen with mtime 1768573763.2905402
[DEBUG] 2026-01-28 21:13:50,410 autoreload File C:\Users\Abhihail Jacob\AppData\Local\Programs\Python\Python311\Lib\site-packages\django\utils\timesince.py first seen with mtime 1768573766.4017043
[DEBUG] 2026-01-28 21:13:50,412 autoreload File C:\Users\Abhihail Jacob\AppData\Local\Programs\Python\Python311\Lib\string.py first seen with mtime 1707239442.0
[DEBUG] 2026-01-28 21:13:50,412 autoreload File C:\Users\Abhihail Jacob\AppData\Local\Programs\Python\Python311\Lib\difflib.py first seen with mtime 1707239442.0
[DEBUG] 2026-01-28 21:13:50,412 autoreload File C:\Users\Abhihail Jacob\AppData\Local\Programs\Python\Python311\Lib\site-packages\rest_framework\authtoken\__init__.py first seen with mtime 1769439193.61835
[DEBUG] 2026-01-28 21:13:50,412 autoreload File C:\Users\Abhihail Jacob\AppData\Local\Programs\Python\Python311\Lib\textwrap.py first seen with mtime 1707239442.0
[DEBUG] 2026-01-28 21:13:50,412 autoreload File C:\Users\Abhihail Jacob\AppData\Local\Programs\Python\Python311\Lib\site-packages\django\contrib\staticfiles\utils.py first seen with mtime 1768573765.9764345
[DEBUG] 2026-01-28 21:13:50,412 autoreload File C:\Users\Abhihail Jacob\AppData\Local\Programs\Python\Python311\Lib\site-packages\django\contrib\staticfiles\handlers.py first seen with mtime 1768573765.9718542
[DEBUG] 2026-01-28 21:13:50,412 autoreload File C:\Users\Abhihail Jacob\AppData\Local\Programs\Python\Python311\Lib\heapq.py first seen with mtime 1707239442.0
[DEBUG] 2026-01-28 21:13:50,412 autoreload File C:\Users\Abhihail Jacob\AppData\Local\Programs\Python\Python311\Lib\ctypes\_endian.py first seen with mtime 1707239442.0
[DEBUG] 2026-01-28 21:13:50,412 autoreload File C:\Users\Abhihail Jacob\AppData\Local\Programs\Python\Python311\Lib\functools.py first seen with mtime 1707239442.0
[DEBUG] 2026-01-28 21:13:50,412 autoreload File C:\Users\Abhihail Jacob\AppData\Local\Programs\Python\Python311\Lib\site-packages\django\contrib\admin\__init__.py first seen with mtime 1768573761.8960052
[DEBUG] 2026-01-28 21:13:50,412 autoreload File C:\Users\Abhihail Jacob\AppData\Local\Programs\Python\Python311\Lib\site-packages\rest_framework\views.py first seen with mtime 1769439193.616235
[DEBUG] 2026-01-28 21:13:50,412 autoreload File C:\Users\Abhihail Jacob\AppData\Local\Programs\Python\Python311\Lib\site-packages\django\utils\deconstruct.py first seen with mtime 1768573766.3810258
[DEBUG] 2026-01-28 21:13:50,414 autoreload File C:\Users\Abhihail Jacob\AppData\Local\Programs\Python\Python311\Lib\site-packages\django\utils\translation\reloader.py first seen with mtime 1768573766.4089565
[DEBUG] 2026-01-28 21:13:50,414 autoreload File C:\Users\Abhihail Jacob\AppData\Local\Programs\Python\Python311\Lib\tempfile.py first seen with mtime 1707239442.0
[DEBUG] 2026-01-28 21:13:50,414 autoreload File C:\Users\Abhihail Jacob\AppData\Local\Programs\Python\Python311\DLLs\_bz2.pyd first seen with mtime 1707239490.0
[DEBUG] 2026-01-28 21:13:50,414 autoreload File C:\Users\Abhihail Jacob\AppData\Local\Programs\Python\Python311\Lib\nturl2path.py first seen with mtime 1707239442.0
[DEBUG] 2026-01-28 21:13:50,415 autoreload File C:\Users\Abhihail Jacob\AppData\Local\Programs\Python\Python311\Lib\site-packages\django\contrib\admin\checks.py first seen with mtime 1768573761.8982975
[DEBUG] 2026-01-28 21:13:50,415 autoreload File C:\Users\Abhihail Jacob\AppData\Local\Programs\Python\Python311\Lib\site-packages\django\contrib\messages\storage\__init__.py first seen with mtime 1768573764.9376092
[DEBUG] 2026-01-28 21:13:50,415 autoreload File C:\Users\Abhihail Jacob\AppData\Local\Programs\Python\Python311\Lib\operator.py first seen with mtime 1707239442.0
[DEBUG] 2026-01-28 21:13:50,415 autoreload File C:\Users\Abhihail Jacob\AppData\Local\Programs\Python\Python311\Lib\site-packages\django\contrib\staticfiles\management\__init__.py first seen with mtime 1768573765.9764345
[DEBUG] 2026-01-28 21:13:50,416 autoreload File C:\Users\Abhihail Jacob\AppData\Local\Programs\Python\Python311\Lib\site-packages\django\middleware\security.py first seen with mtime 1768573766.3226411
[DEBUG] 2026-01-28 21:13:50,416 autoreload File C:\Users\Abhihail Jacob\AppData\Local\Programs\Python\Python311\Lib\multiprocessing\__init__.py first seen with mtime 1707239442.0
[DEBUG] 2026-01-28 21:13:50,417 autoreload File C:\Users\Abhihail Jacob\AppData\Local\Programs\Python\Python311\Lib\argparse.py first seen with mtime 1707239442.0
[DEBUG] 2026-01-28 21:13:50,417 autoreload File C:\Users\Abhihail Jacob\AppData\Local\Programs\Python\Python311\Lib\traceback.py first seen with mtime 1707239442.0
[DEBUG] 2026-01-28 21:13:50,417 autoreload File D:\Python Journey\Python training\python-core\day27\expense_tracker\expenses\signals.py first seen with mtime 1769525258.138754
[DEBUG] 2026-01-28 21:13:50,419 autoreload File C:\Users\Abhihail Jacob\AppData\Local\Programs\Python\Python311\Lib\site-packages\django\contrib\staticfiles\__init__.py first seen with mtime 1768573765.9693735
[DEBUG] 2026-01-28 21:13:50,419 autoreload File C:\Users\Abhihail Jacob\AppData\Local\Programs\Python\Python311\Lib\site-packages\django\core\files\storage\mixins.py first seen with mtime 1768573766.0335367
[DEBUG] 2026-01-28 21:13:50,419 autoreload File C:\Users\Abhihail Jacob\AppData\Local\Programs\Python\Python311\Lib\site-packages\django\contrib\messages\storage\base.py first seen with mtime 1768573764.9386082
[DEBUG] 2026-01-28 21:13:50,419 autoreload File C:\Users\Abhihail Jacob\AppData\Local\Programs\Python\Python311\DLLs\_ctypes.pyd first seen with mtime 1707239490.0
[DEBUG] 2026-01-28 21:13:50,420 autoreload File C:\Users\Abhihail Jacob\AppData\Local\Programs\Python\Python311\Lib\site-packages\django\core\management\sql.py first seen with mtime 1768573766.051541
[DEBUG] 2026-01-28 21:13:50,420 autoreload File C:\Users\Abhihail Jacob\AppData\Local\Programs\Python\Python311\Lib\asyncio\taskgroups.py first seen with mtime 1707239442.0
[DEBUG] 2026-01-28 21:13:50,421 autoreload File C:\Users\Abhihail Jacob\AppData\Local\Programs\Python\Python311\Lib\site-packages\django\contrib\staticfiles\checks.py first seen with mtime 1768573765.9704657
[DEBUG] 2026-01-28 21:13:50,421 autoreload File C:\Users\Abhihail Jacob\AppData\Local\Programs\Python\Python311\Lib\site-packages\django\core\checks\commands.py first seen with mtime 1768573766.00599
[DEBUG] 2026-01-28 21:13:50,422 autoreload File C:\Users\Abhihail Jacob\AppData\Local\Programs\Python\Python311\Lib\zoneinfo\__init__.py first seen with mtime 1707239442.0
[DEBUG] 2026-01-28 21:13:50,422 autoreload File C:\Users\Abhihail Jacob\AppData\Local\Programs\Python\Python311\Lib\site-packages\django\urls\converters.py first seen with mtime 1768573766.365674
[DEBUG] 2026-01-28 21:13:50,422 autoreload File C:\Users\Abhihail Jacob\AppData\Local\Programs\Python\Python311\Lib\email\errors.py first seen with mtime 1707239442.0
[DEBUG] 2026-01-28 21:13:50,424 autoreload File C:\Users\Abhihail Jacob\AppData\Local\Programs\Python\Python311\Lib\site-packages\django\core\checks\security\csrf.py first seen with mtime 1768573766.00599
[DEBUG] 2026-01-28 21:13:50,424 autoreload File C:\Users\Abhihail Jacob\AppData\Local\Programs\Python\Python311\Lib\json\decoder.py first seen with mtime 1707239442.0
[DEBUG] 2026-01-28 21:13:50,424 autoreload File C:\Users\Abhihail Jacob\AppData\Local\Programs\Python\Python311\Lib\site-packages\django\template\library.py first seen with mtime 1768573766.3329604
[DEBUG] 2026-01-28 21:13:50,424 autoreload File C:\Users\Abhihail Jacob\AppData\Local\Programs\Python\Python311\Lib\site-packages\rest_framework\utils\humanize_datetime.py first seen with mtime 1769439193.9005566
[DEBUG] 2026-01-28 21:13:50,424 autoreload File C:\Users\Abhihail Jacob\AppData\Local\Programs\Python\Python311\Lib\site-packages\django\middleware\__init__.py first seen with mtime 1768573766.313158
[DEBUG] 2026-01-28 21:13:50,424 autoreload File C:\Users\Abhihail Jacob\AppData\Local\Programs\Python\Python311\Lib\asyncio\proactor_events.py first seen with mtime 1707239442.0
[DEBUG] 2026-01-28 21:13:50,425 autoreload File C:\Users\Abhihail Jacob\AppData\Local\Programs\Python\Python311\Lib\site-packages\django\contrib\sessions\apps.py first seen with mtime 1768573765.4795747
[DEBUG] 2026-01-28 21:13:50,425 autoreload File C:\Users\Abhihail Jacob\AppData\Local\Programs\Python\Python311\Lib\site-packages\django\utils\ipv6.py first seen with mtime 1768573766.3926706
[DEBUG] 2026-01-28 21:13:50,425 autoreload File C:\Users\Abhihail Jacob\AppData\Local\Programs\Python\Python311\Lib\platform.py first seen with mtime 1707239442.0
[DEBUG] 2026-01-28 21:13:50,425 autoreload File C:\Users\Abhihail Jacob\AppData\Local\Programs\Python\Python311\Lib\site-packages\rest_framework\permissions.py first seen with mtime 1769439193.5985732
[DEBUG] 2026-01-28 21:13:50,426 autoreload File C:\Users\Abhihail Jacob\AppData\Local\Programs\Python\Python311\Lib\site-packages\django\utils\lorem_ipsum.py first seen with mtime 1768573766.395171
[DEBUG] 2026-01-28 21:13:50,426 autoreload File C:\Users\Abhihail Jacob\AppData\Local\Programs\Python\Python311\Lib\site-packages\django\views\csrf.py first seen with mtime 1768573766.4159112
[DEBUG] 2026-01-28 21:13:50,426 autoreload File D:\Python Journey\Python training\python-core\day27\expense_tracker\expenses\views.py first seen with mtime 1769615028.4436507
[DEBUG] 2026-01-28 21:13:50,426 autoreload File C:\Users\Abhihail Jacob\AppData\Local\Programs\Python\Python311\Lib\site-packages\django\core\checks\files.py first seen with mtime 1768573766.00599
[DEBUG] 2026-01-28 21:13:50,426 autoreload File C:\Users\Abhihail Jacob\AppData\Local\Programs\Python\Python311\Lib\wsgiref\simple_server.py first seen with mtime 1707239442.0
[DEBUG] 2026-01-28 21:13:50,427 autoreload File C:\Users\Abhihail Jacob\AppData\Local\Programs\Python\Python311\Lib\site-packages\django\contrib\postgres\forms\hstore.py first seen with mtime 1768573764.9622843
[DEBUG] 2026-01-28 21:13:50,427 autoreload File C:\Users\Abhihail Jacob\AppData\Local\Programs\Python\Python311\Lib\site-packages\django\core\files\locks.py first seen with mtime 1768573766.0228972
[DEBUG] 2026-01-28 21:13:50,427 autoreload File C:\Users\Abhihail Jacob\AppData\Local\Programs\Python\Python311\Lib\site-packages\django\db\models\functions\math.py first seen with mtime 1768573766.2011237
[DEBUG] 2026-01-28 21:13:50,427 autoreload File C:\Users\Abhihail Jacob\AppData\Local\Programs\Python\Python311\Lib\site-packages\rest_framework\validators.py first seen with mtime 1769439193.61512
[DEBUG] 2026-01-28 21:13:50,427 autoreload File C:\Users\Abhihail Jacob\AppData\Local\Programs\Python\Python311\Lib\pickle.py first seen with mtime 1707239442.0
[DEBUG] 2026-01-28 21:13:50,427 autoreload File C:\Users\Abhihail Jacob\AppData\Local\Programs\Python\Python311\Lib\site-packages\django\utils\functional.py first seen with mtime 1768573766.3882785
[DEBUG] 2026-01-28 21:13:50,427 autoreload File C:\Users\Abhihail Jacob\AppData\Local\Programs\Python\Python311\Lib\shutil.py first seen with mtime 1707239442.0
[DEBUG] 2026-01-28 21:13:50,427 autoreload File C:\Users\Abhihail Jacob\AppData\Local\Programs\Python\Python311\Lib\typing.py first seen with mtime 1707239442.0
[DEBUG] 2026-01-28 21:13:50,430 autoreload File C:\Users\Abhihail Jacob\AppData\Local\Programs\Python\Python311\Lib\site-packages\django\utils\http.py first seen with mtime 1768573766.391199
[DEBUG] 2026-01-28 21:13:50,430 autoreload File C:\Users\Abhihail Jacob\AppData\Local\Programs\Python\Python311\Lib\asyncio\constants.py first seen with mtime 1707239442.0
[DEBUG] 2026-01-28 21:13:50,430 autoreload File C:\Users\Abhihail Jacob\AppData\Local\Programs\Python\Python311\DLLs\_sqlite3.pyd first seen with mtime 1707239490.0
[DEBUG] 2026-01-28 21:13:50,430 autoreload File C:\Users\Abhihail Jacob\AppData\Local\Programs\Python\Python311\Lib\site-packages\django\views\generic\__init__.py first seen with mtime 1768573766.4499068
[DEBUG] 2026-01-28 21:13:50,430 autoreload File C:\Users\Abhihail Jacob\AppData\Local\Programs\Python\Python311\Lib\site-packages\django\contrib\auth\admin.py first seen with mtime 1768573763.2871418
[DEBUG] 2026-01-28 21:13:50,432 autoreload File C:\Users\Abhihail Jacob\AppData\Local\Programs\Python\Python311\DLLs\unicodedata.pyd first seen with mtime 1707239490.0
[DEBUG] 2026-01-28 21:13:50,432 autoreload File C:\Users\Abhihail Jacob\AppData\Local\Programs\Python\Python311\Lib\json\scanner.py first seen with mtime 1707239442.0
[DEBUG] 2026-01-28 21:13:50,432 autoreload File C:\Users\Abhihail Jacob\AppData\Local\Programs\Python\Python311\Lib\logging\config.py first seen with mtime 1707239442.0
[DEBUG] 2026-01-28 21:13:50,432 autoreload File C:\Users\Abhihail Jacob\AppData\Local\Programs\Python\Python311\Lib\multiprocessing\process.py first seen with mtime 1707239442.0
[DEBUG] 2026-01-28 21:13:50,433 autoreload File C:\Users\Abhihail Jacob\AppData\Local\Programs\Python\Python311\Lib\site-packages\django\db\models\sql\constants.py first seen with mtime 1768573766.2066352
[DEBUG] 2026-01-28 21:13:50,433 autoreload File C:\Users\Abhihail Jacob\AppData\Local\Programs\Python\Python311\Lib\site-packages\django\core\management\commands\__init__.py first seen with mtime 1768573766.0550787
[DEBUG] 2026-01-28 21:13:50,434 autoreload File C:\Users\Abhihail Jacob\AppData\Local\Programs\Python\Python311\Lib\site-packages\django\contrib\contenttypes\admin.py first seen with mtime 1768573763.6634834
[DEBUG] 2026-01-28 21:13:50,436 autoreload File C:\Users\Abhihail Jacob\AppData\Local\Programs\Python\Python311\Lib\site-packages\django\template\base.py first seen with mtime 1768573766.3256757
[DEBUG] 2026-01-28 21:13:50,438 autoreload File C:\Users\Abhihail Jacob\AppData\Local\Programs\Python\Python311\Lib\site-packages\django\core\__init__.py first seen with mtime 1768573765.9764345
[DEBUG] 2026-01-28 21:13:50,438 autoreload File C:\Users\Abhihail Jacob\AppData\Local\Programs\Python\Python311\Lib\site-packages\django\db\backends\sqlite3\creation.py first seen with mtime 1768573766.14225
[DEBUG] 2026-01-28 21:13:50,439 autoreload File C:\Users\Abhihail Jacob\AppData\Local\Programs\Python\Python311\DLLs\_lzma.pyd first seen with mtime 1707239490.0
[DEBUG] 2026-01-28 21:13:50,439 autoreload File C:\Users\Abhihail Jacob\AppData\Local\Programs\Python\Python311\Lib\site-packages\django\db\backends\utils.py first seen with mtime 1768573766.0940945
[DEBUG] 2026-01-28 21:13:50,439 autoreload File C:\Users\Abhihail Jacob\AppData\Local\Programs\Python\Python311\Lib\site-packages\django\core\checks\compatibility\django_4_0.py first seen with mtime 1768573766.00599
[DEBUG] 2026-01-28 21:13:50,439 autoreload File C:\Users\Abhihail Jacob\AppData\Local\Programs\Python\Python311\Lib\site-packages\django\templatetags\l10n.py first seen with mtime 1768573766.3510342
[DEBUG] 2026-01-28 21:13:50,439 autoreload File C:\Users\Abhihail Jacob\AppData\Local\Programs\Python\Python311\Lib\site-packages\django\core\signing.py first seen with mtime 1768573765.9904957
[DEBUG] 2026-01-28 21:13:50,439 autoreload File C:\Users\Abhihail Jacob\AppData\Local\Programs\Python\Python311\Lib\site-packages\django\db\utils.py first seen with mtime 1768573766.0900056
[DEBUG] 2026-01-28 21:13:50,440 autoreload File C:\Users\Abhihail Jacob\AppData\Local\Programs\Python\Python311\Lib\contextvars.py first seen with mtime 1707239442.0
[DEBUG] 2026-01-28 21:13:50,440 autoreload File C:\Users\Abhihail Jacob\AppData\Local\Programs\Python\Python311\Lib\urllib\error.py first seen with mtime 1707239442.0
[DEBUG] 2026-01-28 21:13:50,440 autoreload File C:\Users\Abhihail Jacob\AppData\Local\Programs\Python\Python311\Lib\reprlib.py first seen with mtime 1707239442.0
[DEBUG] 2026-01-28 21:13:50,441 autoreload File C:\Users\Abhihail Jacob\AppData\Local\Programs\Python\Python311\Lib\site-packages\rest_framework\filters.py first seen with mtime 1769439193.5904508
[DEBUG] 2026-01-28 21:13:50,442 autoreload File C:\Users\Abhihail Jacob\AppData\Local\Programs\Python\Python311\Lib\site-packages\django\contrib\messages\apps.py first seen with mtime 1768573764.9320812
[DEBUG] 2026-01-28 21:13:50,442 autoreload File C:\Users\Abhihail Jacob\AppData\Local\Programs\Python\Python311\Lib\site-packages\rest_framework\decorators.py first seen with mtime 1769439193.5834553
[DEBUG] 2026-01-28 21:13:50,442 autoreload File C:\Users\Abhihail Jacob\AppData\Local\Programs\Python\Python311\Lib\site-packages\django_filters\rest_framework\backends.py first seen with mtime 1769607637.8779652
[DEBUG] 2026-01-28 21:13:50,443 autoreload File C:\Users\Abhihail Jacob\AppData\Local\Programs\Python\Python311\Lib\email\mime\base.py first seen with mtime 1707239442.0
[DEBUG] 2026-01-28 21:13:50,443 autoreload File C:\Users\Abhihail Jacob\AppData\Local\Programs\Python\Python311\Lib\site-packages\django\core\servers\basehttp.py first seen with mtime 1768573766.086025
[DEBUG] 2026-01-28 21:13:50,443 autoreload File C:\Users\Abhihail Jacob\AppData\Local\Programs\Python\Python311\Lib\site-packages\django\contrib\sites\shortcuts.py first seen with mtime 1768573765.7358413
[DEBUG] 2026-01-28 21:13:50,443 autoreload File C:\Users\Abhihail Jacob\AppData\Local\Programs\Python\Python311\Lib\site-packages\rest_framework\utils\urls.py first seen with mtime 1769439193.9088964
[DEBUG] 2026-01-28 21:13:50,443 autoreload File C:\Users\Abhihail Jacob\AppData\Local\Programs\Python\Python311\Lib\bisect.py first seen with mtime 1707239442.0
[DEBUG] 2026-01-28 21:13:50,443 autoreload File C:\Users\Abhihail Jacob\AppData\Local\Programs\Python\Python311\Lib\ast.py first seen with mtime 1707239442.0
[DEBUG] 2026-01-28 21:13:50,443 autoreload File C:\Users\Abhihail Jacob\AppData\Local\Programs\Python\Python311\Lib\site-packages\rest_framework\status.py first seen with mtime 1769439193.6083102
[DEBUG] 2026-01-28 21:13:50,443 autoreload File C:\Users\Abhihail Jacob\AppData\Local\Programs\Python\Python311\Lib\html\__init__.py first seen with mtime 1707239442.0
[DEBUG] 2026-01-28 21:13:50,445 autoreload File C:\Users\Abhihail Jacob\AppData\Local\Programs\Python\Python311\Lib\linecache.py first seen with mtime 1707239442.0
[DEBUG] 2026-01-28 21:13:50,445 autoreload File C:\Users\Abhihail Jacob\AppData\Local\Programs\Python\Python311\Lib\urllib\__init__.py first seen with mtime 1707239442.0
[DEBUG] 2026-01-28 21:13:50,445 autoreload File C:\Users\Abhihail Jacob\AppData\Local\Programs\Python\Python311\Lib\urllib\response.py first seen with mtime 1707239442.0
[DEBUG] 2026-01-28 21:13:50,445 autoreload File C:\Users\Abhihail Jacob\AppData\Local\Programs\Python\Python311\Lib\http\__init__.py first seen with mtime 1707239442.0
[DEBUG] 2026-01-28 21:13:50,445 autoreload File C:\Users\Abhihail Jacob\AppData\Local\Programs\Python\Python311\Lib\site-packages\django\template\defaultfilters.py first seen with mtime 1768573766.3287086
[DEBUG] 2026-01-28 21:13:50,445 autoreload File C:\Users\Abhihail Jacob\AppData\Local\Programs\Python\Python311\Lib\site-packages\django\db\backends\__init__.py first seen with mtime 1768573766.0900056
[DEBUG] 2026-01-28 21:13:50,446 autoreload File C:\Users\Abhihail Jacob\AppData\Local\Programs\Python\Python311\Lib\email\encoders.py first seen with mtime 1707239442.0
[DEBUG] 2026-01-28 21:13:50,447 autoreload File C:\Users\Abhihail Jacob\AppData\Local\Programs\Python\Python311\Lib\email\parser.py first seen with mtime 1707239442.0
[DEBUG] 2026-01-28 21:13:50,447 autoreload File C:\Users\Abhihail Jacob\AppData\Local\Programs\Python\Python311\Lib\asyncio\sslproto.py first seen with mtime 1707239442.0
[DEBUG] 2026-01-28 21:13:50,447 autoreload File C:\Users\Abhihail Jacob\AppData\Local\Programs\Python\Python311\Lib\site-packages\django\db\__init__.py first seen with mtime 1768573766.086025
[DEBUG] 2026-01-28 21:13:50,447 autoreload File C:\Users\Abhihail Jacob\AppData\Local\Programs\Python\Python311\Lib\decimal.py first seen with mtime 1707239442.0
[DEBUG] 2026-01-28 21:13:50,448 autoreload File C:\Users\Abhihail Jacob\AppData\Local\Programs\Python\Python311\Lib\site-packages\django\core\files\images.py first seen with mtime 1768573766.0228972
[DEBUG] 2026-01-28 21:13:50,448 autoreload File C:\Users\Abhihail Jacob\AppData\Local\Programs\Python\Python311\Lib\email\mime\message.py first seen with mtime 1707239442.0
[DEBUG] 2026-01-28 21:13:50,448 autoreload File C:\Users\Abhihail Jacob\AppData\Local\Programs\Python\Python311\Lib\datetime.py first seen with mtime 1707239442.0
[DEBUG] 2026-01-28 21:13:50,449 autoreload File C:\Users\Abhihail Jacob\AppData\Local\Programs\Python\Python311\Lib\site-packages\django\db\backends\base\__init__.py first seen with mtime 1768573766.0940945
[DEBUG] 2026-01-28 21:13:50,449 autoreload File C:\Users\Abhihail Jacob\AppData\Local\Programs\Python\Python311\Lib\site-packages\django\contrib\sessions\backends\base.py first seen with mtime 1768573765.4862201
[DEBUG] 2026-01-28 21:13:50,449 autoreload File C:\Users\Abhihail Jacob\AppData\Local\Programs\Python\Python311\Lib\email\contentmanager.py first seen with mtime 1707239442.0
[DEBUG] 2026-01-28 21:13:50,449 autoreload File C:\Users\Abhihail Jacob\AppData\Local\Programs\Python\Python311\Lib\site-packages\django\http\request.py first seen with mtime 1768573766.313158
[DEBUG] 2026-01-28 21:13:50,450 autoreload File C:\Users\Abhihail Jacob\AppData\Local\Programs\Python\Python311\Lib\site-packages\rest_framework\renderers.py first seen with mtime 1769439193.5985732
[DEBUG] 2026-01-28 21:13:50,450 autoreload File C:\Users\Abhihail Jacob\AppData\Local\Programs\Python\Python311\Lib\site-packages\django\utils\duration.py first seen with mtime 1768573766.3846185
[DEBUG] 2026-01-28 21:13:50,451 autoreload File C:\Users\Abhihail Jacob\AppData\Local\Programs\Python\Python311\Lib\site-packages\django\contrib\auth\apps.py first seen with mtime 1768573763.2894537
[DEBUG] 2026-01-28 21:13:50,452 autoreload File C:\Users\Abhihail Jacob\AppData\Local\Programs\Python\Python311\DLLs\_hashlib.pyd first seen with mtime 1707239490.0
[DEBUG] 2026-01-28 21:13:50,452 autoreload File C:\Users\Abhihail Jacob\AppData\Local\Programs\Python\Python311\Lib\site-packages\django\core\serializers\base.py first seen with mtime 1768573766.0812006
[DEBUG] 2026-01-28 21:13:50,452 autoreload File C:\Users\Abhihail Jacob\AppData\Local\Programs\Python\Python311\Lib\site-packages\rest_framework\generics.py first seen with mtime 1769439193.5904508
[DEBUG] 2026-01-28 21:13:50,452 autoreload File C:\Users\Abhihail Jacob\AppData\Local\Programs\Python\Python311\Lib\site-packages\asgiref\sync.py first seen with mtime 1768573761.087159
[DEBUG] 2026-01-28 21:13:50,454 autoreload File C:\Users\Abhihail Jacob\AppData\Local\Programs\Python\Python311\Lib\asyncio\trsock.py first seen with mtime 1707239442.0
[DEBUG] 2026-01-28 21:13:50,454 autoreload File C:\Users\Abhihail Jacob\AppData\Local\Programs\Python\Python311\Lib\site-packages\django\core\handlers\base.py first seen with mtime 1768573766.0370164
[DEBUG] 2026-01-28 21:13:50,454 autoreload File C:\Users\Abhihail Jacob\AppData\Local\Programs\Python\Python311\Lib\site-packages\django\contrib\contenttypes\apps.py first seen with mtime 1768573763.6634834
[DEBUG] 2026-01-28 21:13:50,454 autoreload File C:\Users\Abhihail Jacob\AppData\Local\Programs\Python\Python311\Lib\site-packages\django\db\models\functions\json.py first seen with mtime 1768573766.2000854
[DEBUG] 2026-01-28 21:13:50,454 autoreload File C:\Users\Abhihail Jacob\AppData\Local\Programs\Python\Python311\Lib\weakref.py first seen with mtime 1707239442.0
[DEBUG] 2026-01-28 21:13:50,454 autoreload File C:\Users\Abhihail Jacob\AppData\Local\Programs\Python\Python311\Lib\site-packages\sqlparse\keywords.py first seen with mtime 1768573760.2101953
[DEBUG] 2026-01-28 21:13:50,454 autoreload File C:\Users\Abhihail Jacob\AppData\Local\Programs\Python\Python311\Lib\fnmatch.py first seen with mtime 1707239442.0
[DEBUG] 2026-01-28 21:13:50,454 autoreload File C:\Users\Abhihail Jacob\AppData\Local\Programs\Python\Python311\Lib\site-packages\django\contrib\admin\views\decorators.py first seen with mtime 1768573762.96247
[DEBUG] 2026-01-28 21:13:50,454 autoreload File C:\Users\Abhihail Jacob\AppData\Local\Programs\Python\Python311\Lib\site-packages\django\contrib\postgres\validators.py first seen with mtime 1768573764.951229
[DEBUG] 2026-01-28 21:13:50,454 autoreload File C:\Users\Abhihail Jacob\AppData\Local\Programs\Python\Python311\Lib\site-packages\django\template\loaders\cached.py first seen with mtime 1768573766.345934
[DEBUG] 2026-01-28 21:13:50,456 autoreload File C:\Users\Abhihail Jacob\AppData\Local\Programs\Python\Python311\Lib\site-packages\django\core\management\base.py first seen with mtime 1768573766.0480413
[DEBUG] 2026-01-28 21:13:50,456 autoreload File C:\Users\Abhihail Jacob\AppData\Local\Programs\Python\Python311\Lib\site-packages\rest_framework\parsers.py first seen with mtime 1769439193.59543
[DEBUG] 2026-01-28 21:13:50,456 autoreload File C:\Users\Abhihail Jacob\AppData\Local\Programs\Python\Python311\Lib\site-packages\django\template\backends\__init__.py first seen with mtime 1768573766.3377554
[DEBUG] 2026-01-28 21:13:50,456 autoreload File C:\Users\Abhihail Jacob\AppData\Local\Programs\Python\Python311\Lib\site-packages\django\views\generic\list.py first seen with mtime 1768573766.455198
[DEBUG] 2026-01-28 21:13:50,456 autoreload File C:\Users\Abhihail Jacob\AppData\Local\Programs\Python\Python311\Lib\site-packages\django\http\cookie.py first seen with mtime 1768573766.3120527
[DEBUG] 2026-01-28 21:13:50,457 autoreload File C:\Users\Abhihail Jacob\AppData\Local\Programs\Python\Python311\Lib\site-packages\django\contrib\sites\requests.py first seen with mtime 1768573765.7358413
[DEBUG] 2026-01-28 21:13:50,457 autoreload File C:\Users\Abhihail Jacob\AppData\Local\Programs\Python\Python311\Lib\site-packages\rest_framework\authtoken\admin.py first seen with mtime 1769439193.6196787
[DEBUG] 2026-01-28 21:13:50,457 autoreload File C:\Users\Abhihail Jacob\AppData\Local\Programs\Python\Python311\Lib\site-packages\django\dispatch\__init__.py first seen with mtime 1768573766.2086406
[DEBUG] 2026-01-28 21:13:50,457 autoreload File C:\Users\Abhihail Jacob\AppData\Local\Programs\Python\Python311\Lib\statistics.py first seen with mtime 1707239442.0
[DEBUG] 2026-01-28 21:13:50,458 autoreload File C:\Users\Abhihail Jacob\AppData\Local\Programs\Python\Python311\Lib\site-packages\django\contrib\admin\exceptions.py first seen with mtime 1768573761.8982975
[DEBUG] 2026-01-28 21:13:50,458 autoreload File C:\Users\Abhihail Jacob\AppData\Local\Programs\Python\Python311\Lib\site-packages\django\db\models\fields\reverse_related.py first seen with mtime 1768573766.1930363
[DEBUG] 2026-01-28 21:13:50,458 autoreload File C:\Users\Abhihail Jacob\AppData\Local\Programs\Python\Python311\Lib\site-packages\django\contrib\contenttypes\management\__init__.py first seen with mtime 1768573763.9850323
[DEBUG] 2026-01-28 21:13:50,458 autoreload File C:\Users\Abhihail Jacob\AppData\Local\Programs\Python\Python311\Lib\site-packages\django\urls\utils.py first seen with mtime 1768573766.3683329
[DEBUG] 2026-01-28 21:13:50,458 autoreload File C:\Users\Abhihail Jacob\AppData\Local\Programs\Python\Python311\Lib\asyncio\locks.py first seen with mtime 1707239442.0
[DEBUG] 2026-01-28 21:13:50,458 autoreload File C:\Users\Abhihail Jacob\AppData\Local\Programs\Python\Python311\Lib\site-packages\django\db\migrations\optimizer.py first seen with mtime 1768573766.1558115
[DEBUG] 2026-01-28 21:13:50,459 autoreload File C:\Users\Abhihail Jacob\AppData\Local\Programs\Python\Python311\Lib\wsgiref\handlers.py first seen with mtime 1707239442.0
[DEBUG] 2026-01-28 21:13:50,459 autoreload File C:\Users\Abhihail Jacob\AppData\Local\Programs\Python\Python311\Lib\asyncio\timeouts.py first seen with mtime 1707239442.0
[DEBUG] 2026-01-28 21:13:50,459 autoreload File C:\Users\Abhihail Jacob\AppData\Local\Programs\Python\Python311\Lib\asyncio\windows_events.py first seen with mtime 1707239442.0
[DEBUG] 2026-01-28 21:13:50,459 autoreload File C:\Users\Abhihail Jacob\AppData\Local\Programs\Python\Python311\DLLs\_zoneinfo.pyd first seen with mtime 1707239490.0
[DEBUG] 2026-01-28 21:13:50,459 autoreload File C:\Users\Abhihail Jacob\AppData\Local\Programs\Python\Python311\Lib\site-packages\django\db\backends\sqlite3\introspection.py first seen with mtime 1768573766.1446218
[DEBUG] 2026-01-28 21:13:50,460 autoreload File C:\Users\Abhihail Jacob\AppData\Local\Programs\Python\Python311\Lib\site-packages\django\db\backends\postgresql\__init__.py first seen with mtime 1768573766.1281767
[DEBUG] 2026-01-28 21:13:50,460 autoreload File C:\Users\Abhihail Jacob\AppData\Local\Programs\Python\Python311\Lib\inspect.py first seen with mtime 1707239442.0
[DEBUG] 2026-01-28 21:13:50,460 autoreload File C:\Users\Abhihail Jacob\AppData\Local\Programs\Python\Python311\Lib\site-packages\django\utils\termcolors.py first seen with mtime 1768573766.4004622
[DEBUG] 2026-01-28 21:13:50,461 autoreload File C:\Users\Abhihail Jacob\AppData\Local\Programs\Python\Python311\Lib\site-packages\rest_framework\schemas\inspectors.py first seen with mtime 1769439193.753724
[DEBUG] 2026-01-28 21:13:50,461 autoreload File C:\Users\Abhihail Jacob\AppData\Local\Programs\Python\Python311\Lib\site-packages\django\db\backends\base\operations.py first seen with mtime 1768573766.1008377
[DEBUG] 2026-01-28 21:13:50,461 autoreload File C:\Users\Abhihail Jacob\AppData\Local\Programs\Python\Python311\Lib\site-packages\django\db\transaction.py first seen with mtime 1768573766.0900056
[DEBUG] 2026-01-28 21:13:50,461 autoreload File C:\Users\Abhihail Jacob\AppData\Local\Programs\Python\Python311\Lib\site-packages\django\db\models\signals.py first seen with mtime 1768573766.1821475
[DEBUG] 2026-01-28 21:13:50,461 autoreload File C:\Users\Abhihail Jacob\AppData\Local\Programs\Python\Python311\Lib\queue.py first seen with mtime 1707239442.0
[DEBUG] 2026-01-28 21:13:50,463 autoreload File C:\Users\Abhihail Jacob\AppData\Local\Programs\Python\Python311\Lib\email\iterators.py first seen with mtime 1707239442.0
[DEBUG] 2026-01-28 21:13:50,463 autoreload File C:\Users\Abhihail Jacob\AppData\Local\Programs\Python\Python311\Lib\email\_encoded_words.py first seen with mtime 1707239442.0
[DEBUG] 2026-01-28 21:13:50,463 autoreload File C:\Users\Abhihail Jacob\AppData\Local\Programs\Python\Python311\Lib\site-packages\django\template\engine.py first seen with mtime 1768573766.3308792
[DEBUG] 2026-01-28 21:13:50,463 autoreload File C:\Users\Abhihail Jacob\AppData\Local\Programs\Python\Python311\Lib\site-packages\sqlparse\filters\others.py first seen with mtime 1768573760.2251186
[DEBUG] 2026-01-28 21:13:50,463 autoreload File C:\Users\Abhihail Jacob\AppData\Local\Programs\Python\Python311\Lib\site-packages\django\template\loaders\filesystem.py first seen with mtime 1768573766.345934
[DEBUG] 2026-01-28 21:13:50,465 autoreload File C:\Users\Abhihail Jacob\AppData\Local\Programs\Python\Python311\Lib\site-packages\django\urls\__init__.py first seen with mtime 1768573766.3632395
[DEBUG] 2026-01-28 21:13:50,465 autoreload File C:\Users\Abhihail Jacob\AppData\Local\Programs\Python\Python311\Lib\site-packages\django\http\multipartparser.py first seen with mtime 1768573766.3120527
[DEBUG] 2026-01-28 21:13:50,465 autoreload File C:\Users\Abhihail Jacob\AppData\Local\Programs\Python\Python311\Lib\site-packages\django\db\models\constraints.py first seen with mtime 1768573766.1725698
[DEBUG] 2026-01-28 21:13:50,465 autoreload File C:\Users\Abhihail Jacob\AppData\Local\Programs\Python\Python311\Lib\site-packages\django\views\decorators\debug.py first seen with mtime 1768573766.4434874
[DEBUG] 2026-01-28 21:13:50,465 autoreload File C:\Users\Abhihail Jacob\AppData\Local\Programs\Python\Python311\Lib\pathlib.py first seen with mtime 1707239442.0
[DEBUG] 2026-01-28 21:13:50,465 autoreload File C:\Users\Abhihail Jacob\AppData\Local\Programs\Python\Python311\Lib\site-packages\django\db\models\fields\composite.py first seen with mtime 1768573766.1864605
[DEBUG] 2026-01-28 21:13:50,466 autoreload File C:\Users\Abhihail Jacob\AppData\Local\Programs\Python\Python311\Lib\site-packages\django\utils\connection.py first seen with mtime 1768573766.3770158
[DEBUG] 2026-01-28 21:13:50,466 autoreload File D:\Python Journey\Python training\python-core\day27\expense_tracker\expenses\models.py first seen with mtime 1769431191.6908245
[DEBUG] 2026-01-28 21:13:50,467 autoreload File C:\Users\Abhihail Jacob\AppData\Local\Programs\Python\Python311\Lib\site-packages\rest_framework\__init__.py first seen with mtime 1769439193.577953
[DEBUG] 2026-01-28 21:13:50,467 autoreload File C:\Users\Abhihail Jacob\AppData\Local\Programs\Python\Python311\Lib\site-packages\rest_framework\response.py first seen with mtime 1769439193.6040144
[DEBUG] 2026-01-28 21:13:50,467 autoreload File C:\Users\Abhihail Jacob\AppData\Local\Programs\Python\Python311\Lib\calendar.py first seen with mtime 1707239442.0
[DEBUG] 2026-01-28 21:13:50,469 autoreload File C:\Users\Abhihail Jacob\AppData\Local\Programs\Python\Python311\Lib\site-packages\django\core\management\commands\runserver.py first seen with mtime 1768573766.0688658
[DEBUG] 2026-01-28 21:13:50,469 autoreload File C:\Users\Abhihail Jacob\AppData\Local\Programs\Python\Python311\Lib\site-packages\django\template\loaders\app_directories.py first seen with mtime 1768573766.3436065
[DEBUG] 2026-01-28 21:13:50,470 autoreload File C:\Users\Abhihail Jacob\AppData\Local\Programs\Python\Python311\Lib\site-packages\django\template\loader.py first seen with mtime 1768573766.3329604
[DEBUG] 2026-01-28 21:13:50,471 autoreload File C:\Users\Abhihail Jacob\AppData\Local\Programs\Python\Python311\Lib\site-packages\rest_framework\authtoken\apps.py first seen with mtime 1769439193.6206856
[DEBUG] 2026-01-28 21:13:50,471 autoreload File C:\Users\Abhihail Jacob\AppData\Local\Programs\Python\Python311\Lib\site-packages\django\core\checks\database.py first seen with mtime 1768573766.00599
[DEBUG] 2026-01-28 21:13:50,472 autoreload File C:\Users\Abhihail Jacob\AppData\Local\Programs\Python\Python311\Lib\site-packages\django\core\files\storage\base.py first seen with mtime 1768573766.0299988
[DEBUG] 2026-01-28 21:13:50,472 autoreload File C:\Users\Abhihail Jacob\AppData\Local\Programs\Python\Python311\Lib\site-packages\rest_framework\checks.py first seen with mtime 1769439193.5814435
[DEBUG] 2026-01-28 21:13:50,474 autoreload File C:\Users\Abhihail Jacob\AppData\Local\Programs\Python\Python311\Lib\quopri.py first seen with mtime 1707239442.0
[DEBUG] 2026-01-28 21:13:50,474 autoreload File C:\Users\Abhihail Jacob\AppData\Local\Programs\Python\Python311\Lib\site-packages\django\core\files\temp.py first seen with mtime 1768573766.0255036
[DEBUG] 2026-01-28 21:13:50,474 autoreload File C:\Users\Abhihail Jacob\AppData\Local\Programs\Python\Python311\Lib\site-packages\sqlparse\formatter.py first seen with mtime 1768573760.194264
[DEBUG] 2026-01-28 21:13:50,474 autoreload File C:\Users\Abhihail Jacob\AppData\Local\Programs\Python\Python311\Lib\site-packages\django\views\static.py first seen with mtime 1768573766.4310014
[DEBUG] 2026-01-28 21:13:50,474 autoreload File C:\Users\Abhihail Jacob\AppData\Local\Programs\Python\Python311\Lib\site-packages\django\contrib\admin\apps.py first seen with mtime 1768573761.8982975
[DEBUG] 2026-01-28 21:13:50,474 autoreload File C:\Users\Abhihail Jacob\AppData\Local\Programs\Python\Python311\Lib\site-packages\django\contrib\sessions\middleware.py first seen with mtime 1768573765.4825745
[DEBUG] 2026-01-28 21:13:50,476 autoreload File C:\Users\Abhihail Jacob\AppData\Local\Programs\Python\Python311\Lib\site-packages\django\core\files\base.py first seen with mtime 1768573766.02174
[DEBUG] 2026-01-28 21:13:50,477 autoreload File C:\Users\Abhihail Jacob\AppData\Local\Programs\Python\Python311\Lib\site-packages\django\apps\config.py first seen with mtime 1768573761.3505023
[DEBUG] 2026-01-28 21:13:50,477 autoreload File C:\Users\Abhihail Jacob\AppData\Local\Programs\Python\Python311\Lib\site-packages\django\utils\asyncio.py first seen with mtime 1768573766.3728738
[DEBUG] 2026-01-28 21:13:50,477 autoreload File C:\Users\Abhihail Jacob\AppData\Local\Programs\Python\Python311\Lib\site-packages\django\utils\html.py first seen with mtime 1768573766.3901458
[DEBUG] 2026-01-28 21:13:50,478 autoreload File C:\Users\Abhihail Jacob\AppData\Local\Programs\Python\Python311\Lib\site-packages\django_filters\conf.py first seen with mtime 1769607637.8060167
[DEBUG] 2026-01-28 21:13:50,478 autoreload File C:\Users\Abhihail Jacob\AppData\Local\Programs\Python\Python311\Lib\site-packages\rest_framework\metadata.py first seen with mtime 1769439193.5925877
[DEBUG] 2026-01-28 21:13:50,478 autoreload File C:\Users\Abhihail Jacob\AppData\Local\Programs\Python\Python311\Lib\site-packages\rest_framework\schemas\coreapi.py first seen with mtime 1769439193.749997
[DEBUG] 2026-01-28 21:13:50,479 autoreload File C:\Users\Abhihail Jacob\AppData\Local\Programs\Python\Python311\Lib\site-packages\django\db\migrations\executor.py first seen with mtime 1768573766.1523738
[DEBUG] 2026-01-28 21:13:50,479 autoreload File C:\Users\Abhihail Jacob\AppData\Local\Programs\Python\Python311\Lib\site-packages\django\contrib\auth\signals.py first seen with mtime 1768573763.3046775
[DEBUG] 2026-01-28 21:13:50,479 autoreload File C:\Users\Abhihail Jacob\AppData\Local\Programs\Python\Python311\Lib\site-packages\django\db\models\functions\__init__.py first seen with mtime 1768573766.1976616
[DEBUG] 2026-01-28 21:13:50,479 autoreload File C:\Users\Abhihail Jacob\AppData\Local\Programs\Python\Python311\Lib\site-packages\django\db\backends\sqlite3\_functions.py first seen with mtime 1768573766.1389403
[DEBUG] 2026-01-28 21:13:50,479 autoreload File C:\Users\Abhihail Jacob\AppData\Local\Programs\Python\Python311\Lib\site-packages\django\contrib\staticfiles\apps.py first seen with mtime 1768573765.9693735
[DEBUG] 2026-01-28 21:13:50,479 autoreload File C:\Users\Abhihail Jacob\AppData\Local\Programs\Python\Python311\Lib\site-packages\django\core\exceptions.py first seen with mtime 1768573765.9867442
[DEBUG] 2026-01-28 21:13:50,480 autoreload File C:\Users\Abhihail Jacob\AppData\Local\Programs\Python\Python311\Lib\site-packages\django\core\handlers\asgi.py first seen with mtime 1768573766.0356934
[DEBUG] 2026-01-28 21:13:50,480 autoreload File C:\Users\Abhihail Jacob\AppData\Local\Programs\Python\Python311\Lib\re\_constants.py first seen with mtime 1707239442.0
[DEBUG] 2026-01-28 21:13:50,480 autoreload File C:\Users\Abhihail Jacob\AppData\Local\Programs\Python\Python311\Lib\site-packages\django\core\serializers\python.py first seen with mtime 1768573766.0839353
[DEBUG] 2026-01-28 21:13:50,480 autoreload File C:\Users\Abhihail Jacob\AppData\Local\Programs\Python\Python311\Lib\site-packages\django\core\cache\backends\base.py first seen with mtime 1768573765.996519
[DEBUG] 2026-01-28 21:13:50,480 autoreload File C:\Users\Abhihail Jacob\AppData\Local\Programs\Python\Python311\Lib\site-packages\django\utils\__init__.py first seen with mtime 1768573766.3683329
[DEBUG] 2026-01-28 21:13:50,481 autoreload File C:\Users\Abhihail Jacob\AppData\Local\Programs\Python\Python311\Lib\locale.py first seen with mtime 1707239442.0
[DEBUG] 2026-01-28 21:13:50,481 autoreload File C:\Users\Abhihail Jacob\AppData\Local\Programs\Python\Python311\Lib\site-packages\django\forms\widgets.py first seen with mtime 1768573766.2243922
[DEBUG] 2026-01-28 21:13:50,481 autoreload File C:\Users\Abhihail Jacob\AppData\Local\Programs\Python\Python311\Lib\importlib\_abc.py first seen with mtime 1707239442.0
[DEBUG] 2026-01-28 21:13:50,481 autoreload File C:\Users\Abhihail Jacob\AppData\Local\Programs\Python\Python311\Lib\site-packages\django\urls\resolvers.py first seen with mtime 1768573766.3683329
[DEBUG] 2026-01-28 21:13:50,481 autoreload File C:\Users\Abhihail Jacob\AppData\Local\Programs\Python\Python311\Lib\site-packages\django\core\checks\urls.py first seen with mtime 1768573766.00599
[DEBUG] 2026-01-28 21:13:50,481 autoreload File C:\Users\Abhihail Jacob\AppData\Local\Programs\Python\Python311\Lib\re\_parser.py first seen with mtime 1707239442.0
[DEBUG] 2026-01-28 21:13:50,483 autoreload File C:\Users\Abhihail Jacob\AppData\Local\Programs\Python\Python311\Lib\site-packages\django\core\mail\utils.py first seen with mtime 1768573766.0370164
[DEBUG] 2026-01-28 21:13:50,483 autoreload File C:\Users\Abhihail Jacob\AppData\Local\Programs\Python\Python311\Lib\site-packages\django\forms\forms.py first seen with mtime 1768573766.2086406
[DEBUG] 2026-01-28 21:13:50,483 autoreload File D:\Python Journey\Python training\python-core\day27\expense_tracker\expenses\__init__.py first seen with mtime 1769321952.3958075
[DEBUG] 2026-01-28 21:13:50,484 autoreload File C:\Users\Abhihail Jacob\AppData\Local\Programs\Python\Python311\Lib\site-packages\django\db\backends\base\creation.py first seen with mtime 1768573766.0986624
[DEBUG] 2026-01-28 21:13:50,485 autoreload File C:\Users\Abhihail Jacob\AppData\Local\Programs\Python\Python311\Lib\site-packages\rest_framework\compat.py first seen with mtime 1769439193.5834553
[DEBUG] 2026-01-28 21:13:50,485 autoreload File C:\Users\Abhihail Jacob\AppData\Local\Programs\Python\Python311\Lib\_compat_pickle.py first seen with mtime 1707239442.0
[DEBUG] 2026-01-28 21:13:50,485 autoreload File C:\Users\Abhihail Jacob\AppData\Local\Programs\Python\Python311\Lib\site-packages\asgiref\__init__.py first seen with mtime 1768573761.080612
[DEBUG] 2026-01-28 21:13:50,486 autoreload File C:\Users\Abhihail Jacob\AppData\Local\Programs\Python\Python311\Lib\site-packages\django\contrib\postgres\utils.py first seen with mtime 1768573764.951229
[DEBUG] 2026-01-28 21:13:50,487 autoreload File C:\Users\Abhihail Jacob\AppData\Local\Programs\Python\Python311\Lib\email\mime\nonmultipart.py first seen with mtime 1707239442.0
[DEBUG] 2026-01-28 21:13:50,487 autoreload File C:\Users\Abhihail Jacob\AppData\Local\Programs\Python\Python311\Lib\site-packages\rest_framework\utils\timezone.py first seen with mtime 1769439193.9074163
[DEBUG] 2026-01-28 21:13:50,487 autoreload File C:\Users\Abhihail Jacob\AppData\Local\Programs\Python\Python311\Lib\site-packages\django\utils\datastructures.py first seen with mtime 1768573766.3770158
[DEBUG] 2026-01-28 21:13:50,487 autoreload File C:\Users\Abhihail Jacob\AppData\Local\Programs\Python\Python311\Lib\asyncio\tasks.py first seen with mtime 1707239442.0
[DEBUG] 2026-01-28 21:13:50,487 autoreload File C:\Users\Abhihail Jacob\AppData\Local\Programs\Python\Python311\Lib\site-packages\django\contrib\messages\middleware.py first seen with mtime 1768573764.9346037
[DEBUG] 2026-01-28 21:13:50,487 autoreload File C:\Users\Abhihail Jacob\AppData\Local\Programs\Python\Python311\Lib\site-packages\django\db\backends\sqlite3\features.py first seen with mtime 1768573766.1432605
[DEBUG] 2026-01-28 21:13:50,489 autoreload File C:\Users\Abhihail Jacob\AppData\Local\Programs\Python\Python311\Lib\email\utils.py first seen with mtime 1707239442.0
[DEBUG] 2026-01-28 21:13:50,489 autoreload File C:\Users\Abhihail Jacob\AppData\Local\Programs\Python\Python311\Lib\graphlib.py first seen with mtime 1707239442.0
[DEBUG] 2026-01-28 21:13:50,489 autoreload File C:\Users\Abhihail Jacob\AppData\Local\Programs\Python\Python311\Lib\site-packages\sqlparse\engine\grouping.py first seen with mtime 1768573760.2186356
[DEBUG] 2026-01-28 21:13:50,489 autoreload File C:\Users\Abhihail Jacob\AppData\Local\Programs\Python\Python311\Lib\site-packages\django\contrib\__init__.py first seen with mtime 1768573761.8924966
[DEBUG] 2026-01-28 21:13:50,489 autoreload File C:\Users\Abhihail Jacob\AppData\Local\Programs\Python\Python311\Lib\http\cookies.py first seen with mtime 1707239442.0
[DEBUG] 2026-01-28 21:13:50,490 autoreload File C:\Users\Abhihail Jacob\AppData\Local\Programs\Python\Python311\Lib\site-packages\django\contrib\staticfiles\finders.py first seen with mtime 1768573765.9718542
[DEBUG] 2026-01-28 21:13:50,490 autoreload File C:\Users\Abhihail Jacob\AppData\Local\Programs\Python\Python311\Lib\site-packages\django\template\loader_tags.py first seen with mtime 1768573766.3341072
[DEBUG] 2026-01-28 21:13:50,490 autoreload File C:\Users\Abhihail Jacob\AppData\Local\Programs\Python\Python311\Lib\copyreg.py first seen with mtime 1707239442.0
[DEBUG] 2026-01-28 21:13:50,490 autoreload File C:\Users\Abhihail Jacob\AppData\Local\Programs\Python\Python311\Lib\site-packages\django\core\checks\__init__.py first seen with mtime 1768573765.999102
[DEBUG] 2026-01-28 21:13:50,490 autoreload File C:\Users\Abhihail Jacob\AppData\Local\Programs\Python\Python311\Lib\site-packages\django\core\mail\__init__.py first seen with mtime 1768573766.0370164
[DEBUG] 2026-01-28 21:13:50,490 autoreload File C:\Users\Abhihail Jacob\AppData\Local\Programs\Python\Python311\Lib\site-packages\rest_framework\mixins.py first seen with mtime 1769439193.5925877
[DEBUG] 2026-01-28 21:13:50,491 autoreload File C:\Users\Abhihail Jacob\AppData\Local\Programs\Python\Python311\Lib\site-packages\django\utils\safestring.py first seen with mtime 1768573766.396915
[DEBUG] 2026-01-28 21:13:50,491 autoreload File C:\Users\Abhihail Jacob\AppData\Local\Programs\Python\Python311\Lib\site-packages\django\contrib\postgres\__init__.py first seen with mtime 1768573764.9416094
[DEBUG] 2026-01-28 21:13:50,491 autoreload File C:\Users\Abhihail Jacob\AppData\Local\Programs\Python\Python311\Lib\site-packages\django\db\models\functions\comparison.py first seen with mtime 1768573766.1987557
[DEBUG] 2026-01-28 21:13:50,491 autoreload File C:\Users\Abhihail Jacob\AppData\Local\Programs\Python\Python311\Lib\email\_parseaddr.py first seen with mtime 1707239442.0
[DEBUG] 2026-01-28 21:13:50,492 autoreload File C:\Users\Abhihail Jacob\AppData\Local\Programs\Python\Python311\Lib\contextlib.py first seen with mtime 1707239442.0
[DEBUG] 2026-01-28 21:13:50,492 autoreload File C:\Users\Abhihail Jacob\AppData\Local\Programs\Python\Python311\Lib\site-packages\django\templatetags\static.py first seen with mtime 1768573766.352118
[DEBUG] 2026-01-28 21:13:50,492 autoreload File C:\Users\Abhihail Jacob\AppData\Local\Programs\Python\Python311\Lib\site-packages\rest_framework\templatetags\__init__.py first seen with mtime 1769439193.8914695
[DEBUG] 2026-01-28 21:13:50,492 autoreload File C:\Users\Abhihail Jacob\AppData\Local\Programs\Python\Python311\Lib\wsgiref\util.py first seen with mtime 1707239442.0
[DEBUG] 2026-01-28 21:13:50,493 autoreload File C:\Users\Abhihail Jacob\AppData\Local\Programs\Python\Python311\Lib\concurrent\futures\thread.py first seen with mtime 1707239442.0
[DEBUG] 2026-01-28 21:13:50,493 autoreload File C:\Users\Abhihail Jacob\AppData\Local\Programs\Python\Python311\Lib\email\__init__.py first seen with mtime 1707239442.0
[DEBUG] 2026-01-28 21:13:50,493 autoreload File C:\Users\Abhihail Jacob\AppData\Local\Programs\Python\Python311\Lib\tokenize.py first seen with mtime 1707239442.0
[DEBUG] 2026-01-28 21:13:50,493 autoreload File C:\Users\Abhihail Jacob\AppData\Local\Programs\Python\Python311\DLLs\_uuid.pyd first seen with mtime 1707239488.0
[DEBUG] 2026-01-28 21:13:50,493 autoreload File C:\Users\Abhihail Jacob\AppData\Local\Programs\Python\Python311\Lib\site-packages\django\core\files\uploadhandler.py first seen with mtime 1768573766.0265734
[DEBUG] 2026-01-28 21:13:50,494 autoreload File C:\Users\Abhihail Jacob\AppData\Local\Programs\Python\Python311\Lib\site-packages\django\views\i18n.py first seen with mtime 1768573766.4286616
[DEBUG] 2026-01-28 21:13:50,494 autoreload File C:\Users\Abhihail Jacob\AppData\Local\Programs\Python\Python311\Lib\site-packages\django\core\handlers\wsgi.py first seen with mtime 1768573766.0370164
[DEBUG] 2026-01-28 21:13:50,494 autoreload File C:\Users\Abhihail Jacob\AppData\Local\Programs\Python\Python311\Lib\site-packages\django\templatetags\cache.py first seen with mtime 1768573766.3485656
[DEBUG] 2026-01-28 21:13:50,494 autoreload File C:\Users\Abhihail Jacob\AppData\Local\Programs\Python\Python311\Lib\json\encoder.py first seen with mtime 1707239442.0
[DEBUG] 2026-01-28 21:13:50,494 autoreload File C:\Users\Abhihail Jacob\AppData\Local\Programs\Python\Python311\Lib\site-packages\django\contrib\auth\forms.py first seen with mtime 1768573763.2973888
[DEBUG] 2026-01-28 21:13:50,494 autoreload File C:\Users\Abhihail Jacob\AppData\Local\Programs\Python\Python311\Lib\site-packages\django\core\management\commands\makemigrations.py first seen with mtime 1768573766.0651133
[DEBUG] 2026-01-28 21:13:50,495 autoreload File C:\Users\Abhihail Jacob\AppData\Local\Programs\Python\Python311\Lib\site-packages\django\contrib\auth\middleware.py first seen with mtime 1768573763.2997794
[DEBUG] 2026-01-28 21:13:50,495 autoreload File C:\Users\Abhihail Jacob\AppData\Local\Programs\Python\Python311\Lib\site-packages\django\db\migrations\utils.py first seen with mtime 1768573766.1573646
[DEBUG] 2026-01-28 21:13:50,495 autoreload File C:\Users\Abhihail Jacob\AppData\Local\Programs\Python\Python311\Lib\re\__init__.py first seen with mtime 1707239442.0
[DEBUG] 2026-01-28 21:13:50,495 autoreload File C:\Users\Abhihail Jacob\AppData\Local\Programs\Python\Python311\Lib\site-packages\django\contrib\contenttypes\forms.py first seen with mtime 1768573763.6654882
[DEBUG] 2026-01-28 21:13:50,496 autoreload File C:\Users\Abhihail Jacob\AppData\Local\Programs\Python\Python311\Lib\site-packages\django\db\models\functions\mixins.py first seen with mtime 1768573766.2026236
[DEBUG] 2026-01-28 21:13:50,496 autoreload File C:\Users\Abhihail Jacob\AppData\Local\Programs\Python\Python311\Lib\_weakrefset.py first seen with mtime 1707239442.0
[DEBUG] 2026-01-28 21:13:50,496 autoreload File C:\Users\Abhihail Jacob\AppData\Local\Programs\Python\Python311\Lib\site-packages\django\utils\dateparse.py first seen with mtime 1768573766.3790207
[DEBUG] 2026-01-28 21:13:50,496 autoreload File C:\Users\Abhihail Jacob\AppData\Local\Programs\Python\Python311\Lib\site-packages\django\utils\autoreload.py first seen with mtime 1768573766.3728738
[DEBUG] 2026-01-28 21:13:50,498 autoreload File C:\Users\Abhihail Jacob\AppData\Local\Programs\Python\Python311\Lib\site-packages\django\template\context.py first seen with mtime 1768573766.3266878
[DEBUG] 2026-01-28 21:13:50,498 autoreload File C:\Users\Abhihail Jacob\AppData\Local\Programs\Python\Python311\Lib\asyncio\__init__.py first seen with mtime 1707239442.0
[DEBUG] 2026-01-28 21:13:50,498 autoreload File C:\Users\Abhihail Jacob\AppData\Local\Programs\Python\Python311\Lib\site-packages\django\db\models\fields\related_descriptors.py first seen with mtime 1768573766.1930363
[DEBUG] 2026-01-28 21:13:50,498 autoreload File C:\Users\Abhihail Jacob\AppData\Local\Programs\Python\Python311\Lib\site-packages\django\contrib\auth\validators.py first seen with mtime 1768573763.3046775
[DEBUG] 2026-01-28 21:13:50,498 autoreload File C:\Users\Abhihail Jacob\AppData\Local\Programs\Python\Python311\Lib\site-packages\django\utils\choices.py first seen with mtime 1768573766.375011
[DEBUG] 2026-01-28 21:13:50,499 autoreload File C:\Users\Abhihail Jacob\AppData\Local\Programs\Python\Python311\Lib\site-packages\django\db\migrations\operations\models.py first seen with mtime 1768573766.1660938
[DEBUG] 2026-01-28 21:13:50,499 autoreload File C:\Users\Abhihail Jacob\AppData\Local\Programs\Python\Python311\Lib\site-packages\django\template\smartif.py first seen with mtime 1768573766.3367052
[DEBUG] 2026-01-28 21:13:50,499 autoreload File C:\Users\Abhihail Jacob\AppData\Local\Programs\Python\Python311\Lib\site-packages\django\db\models\query_utils.py first seen with mtime 1768573766.1821475
[DEBUG] 2026-01-28 21:13:50,499 autoreload File C:\Users\Abhihail Jacob\AppData\Local\Programs\Python\Python311\Lib\site-packages\django\core\checks\security\__init__.py first seen with mtime 1768573766.00599
[DEBUG] 2026-01-28 21:13:50,499 autoreload File C:\Users\Abhihail Jacob\AppData\Local\Programs\Python\Python311\Lib\site-packages\sqlparse\filters\right_margin.py first seen with mtime 1768573760.228804
[DEBUG] 2026-01-28 21:13:50,500 autoreload File C:\Users\Abhihail Jacob\AppData\Local\Programs\Python\Python311\Lib\site-packages\django\db\models\sql\__init__.py first seen with mtime 1768573766.2046292
[DEBUG] 2026-01-28 21:13:50,500 autoreload File C:\Users\Abhihail Jacob\AppData\Local\Programs\Python\Python311\Lib\urllib\request.py first seen with mtime 1707239442.0
[DEBUG] 2026-01-28 21:13:50,500 autoreload File C:\Users\Abhihail Jacob\AppData\Local\Programs\Python\Python311\Lib\asyncio\staggered.py first seen with mtime 1707239442.0
[DEBUG] 2026-01-28 21:13:50,501 autoreload File C:\Users\Abhihail Jacob\AppData\Local\Programs\Python\Python311\Lib\site-packages\django\core\checks\messages.py first seen with mtime 1768573766.00599
[DEBUG] 2026-01-28 21:13:50,502 autoreload File C:\Users\Abhihail Jacob\AppData\Local\Programs\Python\Python311\Lib\site-packages\django\db\migrations\__init__.py first seen with mtime 1768573766.1483614
[DEBUG] 2026-01-28 21:13:50,502 autoreload File C:\Users\Abhihail Jacob\AppData\Local\Programs\Python\Python311\Lib\secrets.py first seen with mtime 1707239442.0
[DEBUG] 2026-01-28 21:13:50,503 autoreload File C:\Users\Abhihail Jacob\AppData\Local\Programs\Python\Python311\Lib\site-packages\django\views\generic\base.py first seen with mtime 1768573766.4499068
[DEBUG] 2026-01-28 21:13:50,503 autoreload File C:\Users\Abhihail Jacob\AppData\Local\Programs\Python\Python311\Lib\site-packages\django\forms\renderers.py first seen with mtime 1768573766.2086406
[DEBUG] 2026-01-28 21:13:50,503 autoreload File C:\Users\Abhihail Jacob\AppData\Local\Programs\Python\Python311\Lib\site-packages\django\db\migrations\questioner.py first seen with mtime 1768573766.1573646
[DEBUG] 2026-01-28 21:13:50,504 autoreload File C:\Users\Abhihail Jacob\AppData\Local\Programs\Python\Python311\Lib\site-packages\django\shortcuts.py first seen with mtime 1768573761.3505023
[DEBUG] 2026-01-28 21:13:50,504 autoreload File C:\Users\Abhihail Jacob\AppData\Local\Programs\Python\Python311\Lib\site-packages\sqlparse\filters\reindent.py first seen with mtime 1768573760.2273145
[DEBUG] 2026-01-28 21:13:50,504 autoreload File C:\Users\Abhihail Jacob\AppData\Local\Programs\Python\Python311\Lib\site-packages\django\contrib\postgres\lookups.py first seen with mtime 1768573764.9472187
[DEBUG] 2026-01-28 21:13:50,504 autoreload File C:\Users\Abhihail Jacob\AppData\Local\Programs\Python\Python311\Lib\site-packages\django\contrib\staticfiles\management\commands\__init__.py first seen with mtime 1768573765.9764345
[DEBUG] 2026-01-28 21:13:50,505 autoreload File C:\Users\Abhihail Jacob\AppData\Local\Programs\Python\Python311\Lib\site-packages\django\urls\exceptions.py first seen with mtime 1768573766.365674
[DEBUG] 2026-01-28 21:13:50,505 autoreload File C:\Users\Abhihail Jacob\AppData\Local\Programs\Python\Python311\Lib\hmac.py first seen with mtime 1707239442.0
[DEBUG] 2026-01-28 21:13:50,505 autoreload File C:\Users\Abhihail Jacob\AppData\Local\Programs\Python\Python311\Lib\site-packages\django\contrib\auth\decorators.py first seen with mtime 1768573763.2963896
[DEBUG] 2026-01-28 21:13:50,505 autoreload File C:\Users\Abhihail Jacob\AppData\Local\Programs\Python\Python311\Lib\site-packages\django\contrib\admindocs\views.py first seen with mtime 1768573762.969966
[DEBUG] 2026-01-28 21:13:50,506 autoreload File C:\Users\Abhihail Jacob\AppData\Local\Programs\Python\Python311\Lib\getpass.py first seen with mtime 1707239442.0
[DEBUG] 2026-01-28 21:13:50,506 autoreload File C:\Users\Abhihail Jacob\AppData\Local\Programs\Python\Python311\Lib\site-packages\django_filters\widgets.py first seen with mtime 1769607637.8143272
[DEBUG] 2026-01-28 21:13:50,507 autoreload File C:\Users\Abhihail Jacob\AppData\Local\Programs\Python\Python311\Lib\site-packages\rest_framework\exceptions.py first seen with mtime 1769439193.5870688
[DEBUG] 2026-01-28 21:13:50,507 autoreload File C:\Users\Abhihail Jacob\AppData\Local\Programs\Python\Python311\Lib\email\charset.py first seen with mtime 1707239442.0
[DEBUG] 2026-01-28 21:13:50,507 autoreload File C:\Users\Abhihail Jacob\AppData\Local\Programs\Python\Python311\Lib\threading.py first seen with mtime 1707239442.0
[DEBUG] 2026-01-28 21:13:50,509 autoreload File C:\Users\Abhihail Jacob\AppData\Local\Programs\Python\Python311\Lib\email\generator.py first seen with mtime 1707239442.0
[DEBUG] 2026-01-28 21:13:50,509 autoreload File C:\Users\Abhihail Jacob\AppData\Local\Programs\Python\Python311\Lib\site-packages\django\forms\models.py first seen with mtime 1768573766.2086406
[DEBUG] 2026-01-28 21:13:50,509 autoreload File C:\Users\Abhihail Jacob\AppData\Local\Programs\Python\Python311\Lib\site-packages\django\contrib\admin\views\autocomplete.py first seen with mtime 1768573762.9614642
[DEBUG] 2026-01-28 21:13:50,510 autoreload File C:\Users\Abhihail Jacob\AppData\Local\Programs\Python\Python311\Lib\multiprocessing\reduction.py first seen with mtime 1707239442.0
[DEBUG] 2026-01-28 21:13:50,510 autoreload File C:\Users\Abhihail Jacob\AppData\Local\Programs\Python\Python311\Lib\hashlib.py first seen with mtime 1707239442.0
[DEBUG] 2026-01-28 21:13:50,510 autoreload File C:\Users\Abhihail Jacob\AppData\Local\Programs\Python\Python311\Lib\site-packages\django\templatetags\i18n.py first seen with mtime 1768573766.349569
[DEBUG] 2026-01-28 21:13:50,510 autoreload File C:\Users\Abhihail Jacob\AppData\Local\Programs\Python\Python311\Lib\site-packages\sqlparse\lexer.py first seen with mtime 1768573760.211341
[DEBUG] 2026-01-28 21:13:50,511 autoreload File C:\Users\Abhihail Jacob\AppData\Local\Programs\Python\Python311\Lib\asyncio\base_subprocess.py first seen with mtime 1707239442.0
[DEBUG] 2026-01-28 21:13:50,511 autoreload File C:\Users\Abhihail Jacob\AppData\Local\Programs\Python\Python311\Lib\site-packages\django\db\migrations\operations\__init__.py first seen with mtime 1768573766.1625233
[DEBUG] 2026-01-28 21:13:50,513 autoreload File C:\Users\Abhihail Jacob\AppData\Local\Programs\Python\Python311\Lib\site-packages\rest_framework\fields.py first seen with mtime 1769439193.5870688
[DEBUG] 2026-01-28 21:13:50,513 autoreload File C:\Users\Abhihail Jacob\AppData\Local\Programs\Python\Python311\Lib\asyncio\base_futures.py first seen with mtime 1707239442.0
[DEBUG] 2026-01-28 21:13:50,513 autoreload File C:\Users\Abhihail Jacob\AppData\Local\Programs\Python\Python311\Lib\asyncio\subprocess.py first seen with mtime 1707239442.0
[DEBUG] 2026-01-28 21:13:50,513 autoreload File C:\Users\Abhihail Jacob\AppData\Local\Programs\Python\Python311\Lib\site-packages\rest_framework\schemas\utils.py first seen with mtime 1769439193.754951
[DEBUG] 2026-01-28 21:13:50,514 autoreload File C:\Users\Abhihail Jacob\AppData\Local\Programs\Python\Python311\Lib\email\mime\text.py first seen with mtime 1707239442.0
[DEBUG] 2026-01-28 21:13:50,514 autoreload File C:\Users\Abhihail Jacob\AppData\Local\Programs\Python\Python311\Lib\site-packages\django\core\checks\templates.py first seen with mtime 1768573766.00599
[DEBUG] 2026-01-28 21:13:50,514 autoreload File C:\Users\Abhihail Jacob\AppData\Local\Programs\Python\Python311\Lib\site-packages\_distutils_hack\__init__.py first seen with mtime 1767353014.066525
[DEBUG] 2026-01-28 21:13:50,514 autoreload File C:\Users\Abhihail Jacob\AppData\Local\Programs\Python\Python311\Lib\concurrent\__init__.py first seen with mtime 1707239442.0
[DEBUG] 2026-01-28 21:13:50,514 autoreload File C:\Users\Abhihail Jacob\AppData\Local\Programs\Python\Python311\Lib\wsgiref\headers.py first seen with mtime 1707239442.0
[DEBUG] 2026-01-28 21:13:50,514 autoreload File C:\Users\Abhihail Jacob\AppData\Local\Programs\Python\Python311\Lib\sysconfig.py first seen with mtime 1707239442.0
[DEBUG] 2026-01-28 21:13:50,514 autoreload File C:\Users\Abhihail Jacob\AppData\Local\Programs\Python\Python311\Lib\site-packages\django\views\generic\edit.py first seen with mtime 1768573766.4525778
[DEBUG] 2026-01-28 21:13:50,514 autoreload File C:\Users\Abhihail Jacob\AppData\Local\Programs\Python\Python311\Lib\site-packages\django\contrib\admin\widgets.py first seen with mtime 1768573761.911802
[DEBUG] 2026-01-28 21:13:50,515 autoreload File C:\Users\Abhihail Jacob\AppData\Local\Programs\Python\Python311\Lib\site-packages\django\db\backends\base\base.py first seen with mtime 1768573766.0960538
[DEBUG] 2026-01-28 21:13:50,515 autoreload File C:\Users\Abhihail Jacob\AppData\Local\Programs\Python\Python311\Lib\lzma.py first seen with mtime 1707239442.0
[DEBUG] 2026-01-28 21:13:50,515 autoreload File C:\Users\Abhihail Jacob\AppData\Local\Programs\Python\Python311\Lib\sqlite3\__init__.py first seen with mtime 1707239442.0
[DEBUG] 2026-01-28 21:13:50,515 autoreload File C:\Users\Abhihail Jacob\AppData\Local\Programs\Python\Python311\Lib\site-packages\decouple.py first seen with mtime 1769531738.0061634
[DEBUG] 2026-01-28 21:13:50,515 autoreload File C:\Users\Abhihail Jacob\AppData\Local\Programs\Python\Python311\Lib\site-packages\django\utils\module_loading.py first seen with mtime 1768573766.396915
[DEBUG] 2026-01-28 21:13:50,515 autoreload File C:\Users\Abhihail Jacob\AppData\Local\Programs\Python\Python311\Lib\site-packages\rest_framework\utils\field_mapping.py first seen with mtime 1769439193.896822
[DEBUG] 2026-01-28 21:13:50,516 autoreload File C:\Users\Abhihail Jacob\AppData\Local\Programs\Python\Python311\Lib\asyncio\mixins.py first seen with mtime 1707239442.0
[DEBUG] 2026-01-28 21:13:50,516 autoreload File C:\Users\Abhihail Jacob\AppData\Local\Programs\Python\Python311\Lib\asyncio\transports.py first seen with mtime 1707239442.0
[DEBUG] 2026-01-28 21:13:50,517 autoreload File C:\Users\Abhihail Jacob\AppData\Local\Programs\Python\Python311\Lib\site-packages\rest_framework\templatetags\rest_framework.py first seen with mtime 1769439193.8929224
[DEBUG] 2026-01-28 21:13:50,518 autoreload File C:\Users\Abhihail Jacob\AppData\Local\Programs\Python\Python311\Lib\site-packages\django\utils\tree.py first seen with mtime 1768573766.4049957
[DEBUG] 2026-01-28 21:13:50,519 autoreload File C:\Users\Abhihail Jacob\AppData\Local\Programs\Python\Python311\Lib\site-packages\django\db\models\sql\query.py first seen with mtime 1768573766.2086406
[DEBUG] 2026-01-28 21:13:50,519 autoreload File C:\Users\Abhihail Jacob\AppData\Local\Programs\Python\Python311\Lib\site-packages\django\db\backends\sqlite3\schema.py first seen with mtime 1768573766.1468205
[DEBUG] 2026-01-28 21:13:50,519 autoreload File C:\Users\Abhihail Jacob\AppData\Local\Programs\Python\Python311\Lib\site-packages\django\db\models\expressions.py first seen with mtime 1768573766.173643
[DEBUG] 2026-01-28 21:13:50,520 autoreload File C:\Users\Abhihail Jacob\AppData\Local\Programs\Python\Python311\Lib\site-packages\rest_framework\schemas\__init__.py first seen with mtime 1769439193.749997
[DEBUG] 2026-01-28 21:13:50,520 autoreload File C:\Users\Abhihail Jacob\AppData\Local\Programs\Python\Python311\Lib\site-packages\django\templatetags\__init__.py first seen with mtime 1768573766.34706
[DEBUG] 2026-01-28 21:13:50,521 autoreload File C:\Users\Abhihail Jacob\AppData\Local\Programs\Python\Python311\Lib\site-packages\rest_framework\utils\model_meta.py first seen with mtime 1769439193.9037073
[DEBUG] 2026-01-28 21:13:50,521 autoreload File C:\Users\Abhihail Jacob\AppData\Local\Programs\Python\Python311\Lib\random.py first seen with mtime 1707239442.0
[DEBUG] 2026-01-28 21:13:50,521 autoreload File C:\Users\Abhihail Jacob\AppData\Local\Programs\Python\Python311\Lib\site-packages\django\core\checks\async_checks.py first seen with mtime 1768573766.004784
[DEBUG] 2026-01-28 21:13:50,521 autoreload File C:\Users\Abhihail Jacob\AppData\Local\Programs\Python\Python311\Lib\site-packages\django\db\backends\ddl_references.py first seen with mtime 1768573766.0926836
[DEBUG] 2026-01-28 21:13:50,521 autoreload File C:\Users\Abhihail Jacob\AppData\Local\Programs\Python\Python311\Lib\site-packages\django\db\models\constants.py first seen with mtime 1768573766.169967
[DEBUG] 2026-01-28 21:13:50,522 autoreload File C:\Users\Abhihail Jacob\AppData\Local\Programs\Python\Python311\Lib\keyword.py first seen with mtime 1707239442.0
[DEBUG] 2026-01-28 21:13:50,523 autoreload File C:\Users\Abhihail Jacob\AppData\Local\Programs\Python\Python311\Lib\site-packages\django\contrib\auth\models.py first seen with mtime 1768573763.3030026
[DEBUG] 2026-01-28 21:13:50,523 autoreload File C:\Users\Abhihail Jacob\AppData\Local\Programs\Python\Python311\Lib\site-packages\django\template\backends\base.py first seen with mtime 1768573766.3390036
[DEBUG] 2026-01-28 21:13:50,524 autoreload File C:\Users\Abhihail Jacob\AppData\Local\Programs\Python\Python311\Lib\site-packages\django_filters\filters.py first seen with mtime 1769607637.8098633
[DEBUG] 2026-01-28 21:13:50,524 autoreload File D:\Python Journey\Python training\python-core\day27\expense_tracker\expenses\admin.py first seen with mtime 1769431797.376498
[DEBUG] 2026-01-28 21:13:50,524 autoreload File C:\Users\Abhihail Jacob\AppData\Local\Programs\Python\Python311\Lib\site-packages\django\core\cache\backends\locmem.py first seen with mtime 1768573765.999102
[DEBUG] 2026-01-28 21:13:50,524 autoreload File C:\Users\Abhihail Jacob\AppData\Local\Programs\Python\Python311\Lib\dataclasses.py first seen with mtime 1707239442.0
[DEBUG] 2026-01-28 21:13:50,524 autoreload File C:\Users\Abhihail Jacob\AppData\Local\Programs\Python\Python311\Lib\site-packages\django\db\models\options.py first seen with mtime 1768573766.1779044
[DEBUG] 2026-01-28 21:13:50,524 autoreload File C:\Users\Abhihail Jacob\AppData\Local\Programs\Python\Python311\Lib\site-packages\rest_framework\apps.py first seen with mtime 1769439193.5794227
[DEBUG] 2026-01-28 21:13:50,526 autoreload File C:\Users\Abhihail Jacob\AppData\Local\Programs\Python\Python311\Lib\site-packages\django\contrib\contenttypes\models.py first seen with mtime 1768573763.6654882
[DEBUG] 2026-01-28 21:13:50,526 autoreload File C:\Users\Abhihail Jacob\AppData\Local\Programs\Python\Python311\Lib\site-packages\django\core\management\color.py first seen with mtime 1768573766.051541
[DEBUG] 2026-01-28 21:13:50,526 autoreload File C:\Users\Abhihail Jacob\AppData\Local\Programs\Python\Python311\DLLs\_queue.pyd first seen with mtime 1707239488.0
[DEBUG] 2026-01-28 21:13:50,526 autoreload File C:\Users\Abhihail Jacob\AppData\Local\Programs\Python\Python311\Lib\site-packages\django\core\files\storage\handler.py first seen with mtime 1768573766.0314386
[DEBUG] 2026-01-28 21:13:50,526 autoreload File C:\Users\Abhihail Jacob\AppData\Local\Programs\Python\Python311\Lib\site-packages\rest_framework\request.py first seen with mtime 1769439193.602058
[DEBUG] 2026-01-28 21:13:50,526 autoreload File C:\Users\Abhihail Jacob\AppData\Local\Programs\Python\Python311\Lib\site-packages\django\conf\locale\__init__.py first seen with mtime 1768573761.3652213
[DEBUG] 2026-01-28 21:13:50,527 autoreload File C:\Users\Abhihail Jacob\AppData\Local\Programs\Python\Python311\Lib\site-packages\django\contrib\admin\templatetags\__init__.py first seen with mtime 1768573762.9478729
[DEBUG] 2026-01-28 21:13:50,528 autoreload File C:\Users\Abhihail Jacob\AppData\Local\Programs\Python\Python311\Lib\site-packages\django\db\backends\sqlite3\client.py first seen with mtime 1768573766.141156
[DEBUG] 2026-01-28 21:13:50,528 autoreload File C:\Users\Abhihail Jacob\AppData\Local\Programs\Python\Python311\Lib\site-packages\sqlparse\utils.py first seen with mtime 1768573760.215604
[DEBUG] 2026-01-28 21:13:50,528 autoreload File C:\Users\Abhihail Jacob\AppData\Local\Programs\Python\Python311\Lib\site-packages\django\contrib\messages\constants.py first seen with mtime 1768573764.9320812
[DEBUG] 2026-01-28 21:13:50,528 autoreload File C:\Users\Abhihail Jacob\AppData\Local\Programs\Python\Python311\Lib\site-packages\rest_framework\urls.py first seen with mtime 1769439193.6141155
[DEBUG] 2026-01-28 21:13:50,528 autoreload File C:\Users\Abhihail Jacob\AppData\Local\Programs\Python\Python311\Lib\site-packages\django\core\files\storage\filesystem.py first seen with mtime 1768573766.0314386
[DEBUG] 2026-01-28 21:13:50,529 autoreload File D:\Python Journey\Python training\python-core\day27\expense_tracker\expense_tracker\__init__.py first seen with mtime 1769321638.3576667
[DEBUG] 2026-01-28 21:13:50,529 autoreload File C:\Users\Abhihail Jacob\AppData\Local\Programs\Python\Python311\Lib\site-packages\django\db\models\fields\generated.py first seen with mtime 1768573766.1875846
[DEBUG] 2026-01-28 21:13:50,529 autoreload File C:\Users\Abhihail Jacob\AppData\Local\Programs\Python\Python311\DLLs\_ssl.pyd first seen with mtime 1707239490.0
[DEBUG] 2026-01-28 21:13:50,529 autoreload File C:\Users\Abhihail Jacob\AppData\Local\Programs\Python\Python311\Lib\logging\__init__.py first seen with mtime 1707239442.0
[DEBUG] 2026-01-28 21:13:50,530 autoreload File C:\Users\Abhihail Jacob\AppData\Local\Programs\Python\Python311\Lib\site-packages\django\contrib\admin\filters.py first seen with mtime 1768573761.8982975
[DEBUG] 2026-01-28 21:13:50,531 autoreload File C:\Users\Abhihail Jacob\AppData\Local\Programs\Python\Python311\Lib\site-packages\django\db\models\deletion.py first seen with mtime 1768573766.173643
[DEBUG] 2026-01-28 21:13:50,531 autoreload File C:\Users\Abhihail Jacob\AppData\Local\Programs\Python\Python311\Lib\site-packages\django\views\decorators\csrf.py first seen with mtime 1768573766.4411752
[DEBUG] 2026-01-28 21:13:50,531 autoreload File C:\Users\Abhihail Jacob\AppData\Local\Programs\Python\Python311\Lib\site-packages\sqlparse\filters\__init__.py first seen with mtime 1768573760.2216825
[DEBUG] 2026-01-28 21:13:50,531 autoreload File C:\Users\Abhihail Jacob\AppData\Local\Programs\Python\Python311\Lib\site-packages\django\utils\formats.py first seen with mtime 1768573766.3872533
[DEBUG] 2026-01-28 21:13:50,533 autoreload File C:\Users\Abhihail Jacob\AppData\Local\Programs\Python\Python311\Lib\site-packages\django\utils\log.py first seen with mtime 1768573766.395171
[DEBUG] 2026-01-28 21:13:50,533 autoreload File C:\Users\Abhihail Jacob\AppData\Local\Programs\Python\Python311\Lib\site-packages\django\db\models\fields\proxy.py first seen with mtime 1768573766.1910298
[DEBUG] 2026-01-28 21:13:50,534 autoreload File C:\Users\Abhihail Jacob\AppData\Local\Programs\Python\Python311\Lib\site-packages\django_filters\rest_framework\filters.py first seen with mtime 1769607637.878971
[DEBUG] 2026-01-28 21:13:50,534 autoreload File C:\Users\Abhihail Jacob\AppData\Local\Programs\Python\Python311\Lib\site-packages\sqlparse\__init__.py first seen with mtime 1768573760.194264
[DEBUG] 2026-01-28 21:13:50,535 autoreload File C:\Users\Abhihail Jacob\AppData\Local\Programs\Python\Python311\Lib\site-packages\django\utils\version.py first seen with mtime 1768573766.4049957
[DEBUG] 2026-01-28 21:13:50,536 autoreload File C:\Users\Abhihail Jacob\AppData\Local\Programs\Python\Python311\Lib\site-packages\django\core\handlers\exception.py first seen with mtime 1768573766.0370164
[DEBUG] 2026-01-28 21:13:50,536 autoreload File C:\Users\Abhihail Jacob\AppData\Local\Programs\Python\Python311\Lib\site-packages\django\urls\base.py first seen with mtime 1768573766.3644238
[DEBUG] 2026-01-28 21:13:50,536 autoreload File C:\Users\Abhihail Jacob\AppData\Local\Programs\Python\Python311\Lib\site-packages\django\views\generic\detail.py first seen with mtime 1768573766.4525778
[DEBUG] 2026-01-28 21:13:50,538 autoreload File C:\Users\Abhihail Jacob\AppData\Local\Programs\Python\Python311\Lib\sqlite3\dbapi2.py first seen with mtime 1707239442.0
[DEBUG] 2026-01-28 21:13:50,538 autoreload File C:\Users\Abhihail Jacob\AppData\Local\Programs\Python\Python311\Lib\site-packages\django\db\migrations\autodetector.py first seen with mtime 1768573766.1483614
[DEBUG] 2026-01-28 21:13:50,538 autoreload File C:\Users\Abhihail Jacob\AppData\Local\Programs\Python\Python311\Lib\email\header.py first seen with mtime 1707239442.0
[DEBUG] 2026-01-28 21:13:50,538 autoreload File C:\Users\Abhihail Jacob\AppData\Local\Programs\Python\Python311\Lib\site-packages\django\contrib\auth\__init__.py first seen with mtime 1768573763.2836263
[DEBUG] 2026-01-28 21:13:50,538 autoreload File C:\Users\Abhihail Jacob\AppData\Local\Programs\Python\Python311\Lib\types.py first seen with mtime 1707239442.0
[DEBUG] 2026-01-28 21:13:50,538 autoreload File C:\Users\Abhihail Jacob\AppData\Local\Programs\Python\Python311\Lib\asyncio\format_helpers.py first seen with mtime 1707239442.0
[DEBUG] 2026-01-28 21:13:50,538 autoreload File C:\Users\Abhihail Jacob\AppData\Local\Programs\Python\Python311\Lib\asyncio\selector_events.py first seen with mtime 1707239442.0
[DEBUG] 2026-01-28 21:13:50,538 autoreload File C:\Users\Abhihail Jacob\AppData\Local\Programs\Python\Python311\Lib\html\entities.py first seen with mtime 1707239442.0
[DEBUG] 2026-01-28 21:13:50,540 autoreload File C:\Users\Abhihail Jacob\AppData\Local\Programs\Python\Python311\Lib\numbers.py first seen with mtime 1707239442.0
[DEBUG] 2026-01-28 21:13:50,540 autoreload File D:\Python Journey\Python training\python-core\day27\expense_tracker\expenses\apps.py first seen with mtime 1769524990.697551
[DEBUG] 2026-01-28 21:13:50,540 autoreload File C:\Users\Abhihail Jacob\AppData\Local\Programs\Python\Python311\Lib\site-packages\rest_framework\utils\serializer_helpers.py first seen with mtime 1769439193.9047163
[DEBUG] 2026-01-28 21:13:50,540 autoreload File C:\Users\Abhihail Jacob\AppData\Local\Programs\Python\Python311\Lib\site-packages\django\contrib\auth\checks.py first seen with mtime 1768573763.2929473
[DEBUG] 2026-01-28 21:13:50,540 autoreload File C:\Users\Abhihail Jacob\AppData\Local\Programs\Python\Python311\Lib\asyncio\exceptions.py first seen with mtime 1707239442.0
[DEBUG] 2026-01-28 21:13:50,540 autoreload File C:\Users\Abhihail Jacob\AppData\Local\Programs\Python\Python311\Lib\site-packages\django\contrib\contenttypes\__init__.py first seen with mtime 1768573763.6634834
[DEBUG] 2026-01-28 21:13:50,540 autoreload File C:\Users\Abhihail Jacob\AppData\Local\Programs\Python\Python311\Lib\site-packages\django\contrib\staticfiles\management\commands\runserver.py first seen with mtime 1768573765.9764345
[DEBUG] 2026-01-28 21:13:50,540 autoreload File C:\Users\Abhihail Jacob\AppData\Local\Programs\Python\Python311\Lib\site-packages\django\core\checks\registry.py first seen with mtime 1768573766.00599
[DEBUG] 2026-01-28 21:13:50,540 autoreload File C:\Users\Abhihail Jacob\AppData\Local\Programs\Python\Python311\Lib\glob.py first seen with mtime 1707239442.0
[DEBUG] 2026-01-28 21:13:50,543 autoreload File C:\Users\Abhihail Jacob\AppData\Local\Programs\Python\Python311\Lib\site-packages\django\db\migrations\serializer.py first seen with mtime 1768573766.1573646
[DEBUG] 2026-01-28 21:13:50,543 autoreload File D:\Python Journey\Python training\python-core\day27\expense_tracker\expenses\urls.py first seen with mtime 1769608932.4935443
[DEBUG] 2026-01-28 21:13:50,543 autoreload File C:\Users\Abhihail Jacob\AppData\Local\Programs\Python\Python311\Lib\re\_compiler.py first seen with mtime 1707239442.0
[DEBUG] 2026-01-28 21:13:50,543 autoreload File C:\Users\Abhihail Jacob\AppData\Local\Programs\Python\Python311\Lib\site-packages\django\views\decorators\common.py first seen with mtime 1768573766.4386194
[DEBUG] 2026-01-28 21:13:50,543 autoreload File C:\Users\Abhihail Jacob\AppData\Local\Programs\Python\Python311\Lib\site-packages\django\utils\crypto.py first seen with mtime 1768573766.3770158
[DEBUG] 2026-01-28 21:13:50,545 autoreload File C:\Users\Abhihail Jacob\AppData\Local\Programs\Python\Python311\Lib\site-packages\django\contrib\contenttypes\checks.py first seen with mtime 1768573763.6654882
[DEBUG] 2026-01-28 21:13:50,545 autoreload File C:\Users\Abhihail Jacob\AppData\Local\Programs\Python\Python311\Lib\site-packages\django\templatetags\tz.py first seen with mtime 1768573766.3534124
[DEBUG] 2026-01-28 21:13:50,545 autoreload File C:\Users\Abhihail Jacob\AppData\Local\Programs\Python\Python311\Lib\site-packages\django\contrib\postgres\forms\array.py first seen with mtime 1768573764.9622843
[DEBUG] 2026-01-28 21:13:50,545 autoreload File C:\Users\Abhihail Jacob\AppData\Local\Programs\Python\Python311\Lib\site-packages\rest_framework\utils\formatting.py first seen with mtime 1769439193.8985026
[DEBUG] 2026-01-28 21:13:50,545 autoreload File C:\Users\Abhihail Jacob\AppData\Local\Programs\Python\Python311\Lib\asyncio\protocols.py first seen with mtime 1707239442.0
[DEBUG] 2026-01-28 21:13:50,545 autoreload File C:\Users\Abhihail Jacob\AppData\Local\Programs\Python\Python311\Lib\site-packages\sqlparse\filters\aligned_indent.py first seen with mtime 1768573760.222695
[DEBUG] 2026-01-28 21:13:50,545 autoreload File C:\Users\Abhihail Jacob\AppData\Local\Programs\Python\Python311\Lib\collections\abc.py first seen with mtime 1707239442.0
[DEBUG] 2026-01-28 21:13:50,545 autoreload File C:\Users\Abhihail Jacob\AppData\Local\Programs\Python\Python311\Lib\site-packages\django\db\migrations\exceptions.py first seen with mtime 1768573766.1503685
[DEBUG] 2026-01-28 21:13:50,545 autoreload File C:\Users\Abhihail Jacob\AppData\Local\Programs\Python\Python311\Lib\site-packages\django\db\models\fields\files.py first seen with mtime 1768573766.1864605
[DEBUG] 2026-01-28 21:13:50,545 autoreload File C:\Users\Abhihail Jacob\AppData\Local\Programs\Python\Python311\Lib\site-packages\django\template\backends\django.py first seen with mtime 1768573766.340093
[DEBUG] 2026-01-28 21:13:50,545 autoreload File C:\Users\Abhihail Jacob\AppData\Local\Programs\Python\Python311\Lib\site-packages\rest_framework\authtoken\models.py first seen with mtime 1769439193.6217005
[DEBUG] 2026-01-28 21:13:50,545 autoreload File C:\Users\Abhihail Jacob\AppData\Local\Programs\Python\Python311\Lib\email\quoprimime.py first seen with mtime 1707239442.0
[DEBUG] 2026-01-28 21:13:50,545 autoreload File C:\Users\Abhihail Jacob\AppData\Local\Programs\Python\Python311\Lib\signal.py first seen with mtime 1707239442.0
[DEBUG] 2026-01-28 21:13:50,545 autoreload File C:\Users\Abhihail Jacob\AppData\Local\Programs\Python\Python311\Lib\base64.py first seen with mtime 1707239442.0
[DEBUG] 2026-01-28 21:13:50,545 autoreload File C:\Users\Abhihail Jacob\AppData\Local\Programs\Python\Python311\Lib\site-packages\rest_framework\utils\encoders.py first seen with mtime 1769439193.8954597
[DEBUG] 2026-01-28 21:13:50,550 autoreload File C:\Users\Abhihail Jacob\AppData\Local\Programs\Python\Python311\Lib\site-packages\rest_framework\negotiation.py first seen with mtime 1769439193.59543
[DEBUG] 2026-01-28 21:13:50,550 autoreload File C:\Users\Abhihail Jacob\AppData\Local\Programs\Python\Python311\Lib\site-packages\rest_framework\utils\mediatypes.py first seen with mtime 1769439193.9025695
[DEBUG] 2026-01-28 21:13:50,551 autoreload File C:\Users\Abhihail Jacob\AppData\Local\Programs\Python\Python311\Lib\site-packages\django\contrib\admin\models.py first seen with mtime 1768573761.9078176
[DEBUG] 2026-01-28 21:13:50,551 autoreload File C:\Users\Abhihail Jacob\AppData\Local\Programs\Python\Python311\Lib\site-packages\django\core\management\commands\migrate.py first seen with mtime 1768573766.0671213
[DEBUG] 2026-01-28 21:13:50,552 autoreload File C:\Users\Abhihail Jacob\AppData\Local\Programs\Python\Python311\Lib\site-packages\rest_framework\schemas\generators.py first seen with mtime 1769439193.749997
[DEBUG] 2026-01-28 21:13:50,552 autoreload File C:\Users\Abhihail Jacob\AppData\Local\Programs\Python\Python311\Lib\site-packages\django\utils\dates.py first seen with mtime 1768573766.3810258
[DEBUG] 2026-01-28 21:13:50,554 autoreload File C:\Users\Abhihail Jacob\AppData\Local\Programs\Python\Python311\DLLs\_asyncio.pyd first seen with mtime 1707239490.0
[DEBUG] 2026-01-28 21:13:50,556 autoreload File C:\Users\Abhihail Jacob\AppData\Local\Programs\Python\Python311\Lib\site-packages\django\contrib\admin\views\__init__.py first seen with mtime 1768573762.9560928
[DEBUG] 2026-01-28 21:13:50,560 autoreload File C:\Users\Abhihail Jacob\AppData\Local\Programs\Python\Python311\Lib\site-packages\django\template\loaders\__init__.py first seen with mtime 1768573766.342471
[DEBUG] 2026-01-28 21:13:50,563 autoreload File C:\Users\Abhihail Jacob\AppData\Local\Programs\Python\Python311\Lib\socket.py first seen with mtime 1707239442.0
[DEBUG] 2026-01-28 21:13:50,563 autoreload File C:\Users\Abhihail Jacob\AppData\Local\Programs\Python\Python311\Lib\ssl.py first seen with mtime 1707239442.0
[DEBUG] 2026-01-28 21:13:50,565 autoreload File C:\Users\Abhihail Jacob\AppData\Local\Programs\Python\Python311\Lib\site-packages\django\contrib\admin\sites.py first seen with mtime 1768573761.911802
[DEBUG] 2026-01-28 21:13:50,570 autoreload File C:\Users\Abhihail Jacob\AppData\Local\Programs\Python\Python311\Lib\site-packages\rest_framework\relations.py first seen with mtime 1769439193.5985732
[DEBUG] 2026-01-28 21:13:50,572 autoreload File C:\Users\Abhihail Jacob\AppData\Local\Programs\Python\Python311\Lib\site-packages\django\db\migrations\operations\special.py first seen with mtime 1768573766.167158
[DEBUG] 2026-01-28 21:13:50,572 autoreload File C:\Users\Abhihail Jacob\AppData\Local\Programs\Python\Python311\Lib\multiprocessing\context.py first seen with mtime 1707239442.0
[DEBUG] 2026-01-28 21:13:50,574 autoreload File C:\Users\Abhihail Jacob\AppData\Local\Programs\Python\Python311\Lib\site-packages\django\contrib\admin\templatetags\admin_urls.py first seen with mtime 1768573762.9560928
[DEBUG] 2026-01-28 21:13:50,574 autoreload File C:\Users\Abhihail Jacob\AppData\Local\Programs\Python\Python311\Lib\zoneinfo\_common.py first seen with mtime 1707239442.0
[DEBUG] 2026-01-28 21:13:50,576 autoreload File C:\Users\Abhihail Jacob\AppData\Local\Programs\Python\Python311\Lib\site-packages\django\contrib\auth\views.py first seen with mtime 1768573763.3046775
[DEBUG] 2026-01-28 21:13:50,578 autoreload File C:\Users\Abhihail Jacob\AppData\Local\Programs\Python\Python311\Lib\http\server.py first seen with mtime 1707239442.0
[DEBUG] 2026-01-28 21:13:50,578 autoreload File C:\Users\Abhihail Jacob\AppData\Local\Programs\Python\Python311\Lib\site-packages\django\core\cache\utils.py first seen with mtime 1768573765.9945116
[DEBUG] 2026-01-28 21:13:50,587 autoreload File C:\Users\Abhihail Jacob\AppData\Local\Programs\Python\Python311\Lib\opcode.py first seen with mtime 1707239442.0
[DEBUG] 2026-01-28 21:13:50,589 autoreload File C:\Users\Abhihail Jacob\AppData\Local\Programs\Python\Python311\Lib\encodings\aliases.py first seen with mtime 1707239442.0
[DEBUG] 2026-01-28 21:13:50,591 autoreload File C:\Users\Abhihail Jacob\AppData\Local\Programs\Python\Python311\Lib\site-packages\django\contrib\messages\api.py first seen with mtime 1768573764.930986
[DEBUG] 2026-01-28 21:13:50,591 autoreload File C:\Users\Abhihail Jacob\AppData\Local\Programs\Python\Python311\Lib\asyncio\log.py first seen with mtime 1707239442.0
[DEBUG] 2026-01-28 21:13:50,593 autoreload File C:\Users\Abhihail Jacob\AppData\Local\Programs\Python\Python311\Lib\site-packages\django\contrib\admindocs\utils.py first seen with mtime 1768573762.968863
[DEBUG] 2026-01-28 21:13:50,597 autoreload File C:\Users\Abhihail Jacob\AppData\Local\Programs\Python\Python311\Lib\site-packages\sqlparse\filters\tokens.py first seen with mtime 1768573760.2303672
[DEBUG] 2026-01-28 21:13:50,597 autoreload File C:\Users\Abhihail Jacob\AppData\Local\Programs\Python\Python311\Lib\site-packages\django\contrib\contenttypes\views.py first seen with mtime 1768573763.6654882
[DEBUG] 2026-01-28 21:13:50,600 autoreload File C:\Users\Abhihail Jacob\AppData\Local\Programs\Python\Python311\Lib\site-packages\django_filters\constants.py first seen with mtime 1769607637.8070168
[DEBUG] 2026-01-28 21:13:50,600 autoreload File C:\Users\Abhihail Jacob\AppData\Local\Programs\Python\Python311\Lib\site-packages\django\contrib\sites\__init__.py first seen with mtime 1768573765.7277937
[DEBUG] 2026-01-28 21:13:50,601 autoreload File C:\Users\Abhihail Jacob\AppData\Local\Programs\Python\Python311\Lib\site-packages\django\db\models\functions\window.py first seen with mtime 1768573766.2046292
[DEBUG] 2026-01-28 21:13:50,601 autoreload File C:\Users\Abhihail Jacob\AppData\Local\Programs\Python\Python311\Lib\site-packages\django\contrib\postgres\search.py first seen with mtime 1768573764.9472187
[DEBUG] 2026-01-28 21:13:50,601 autoreload File C:\Users\Abhihail Jacob\AppData\Local\Programs\Python\Python311\Lib\site-packages\django\db\models\functions\datetime.py first seen with mtime 1768573766.1987557
[DEBUG] 2026-01-28 21:13:50,602 autoreload File C:\Users\Abhihail Jacob\AppData\Local\Programs\Python\Python311\Lib\site-packages\sqlparse\tokens.py first seen with mtime 1768573760.214593
[DEBUG] 2026-01-28 21:13:50,602 autoreload File C:\Users\Abhihail Jacob\AppData\Local\Programs\Python\Python311\Lib\site-packages\django\utils\translation\trans_real.py first seen with mtime 1768573766.412633
[DEBUG] 2026-01-28 21:13:50,603 autoreload File C:\Users\Abhihail Jacob\AppData\Local\Programs\Python\Python311\Lib\site-packages\django\db\migrations\operations\fields.py first seen with mtime 1768573766.1650407
[DEBUG] 2026-01-28 21:13:50,603 autoreload File C:\Users\Abhihail Jacob\AppData\Local\Programs\Python\Python311\Lib\site-packages\django\core\checks\compatibility\__init__.py first seen with mtime 1768573766.00599
[DEBUG] 2026-01-28 21:13:50,604 autoreload File C:\Users\Abhihail Jacob\AppData\Local\Programs\Python\Python311\Lib\site-packages\rest_framework\settings.py first seen with mtime 1769439193.6072092
[DEBUG] 2026-01-28 21:13:50,604 autoreload File C:\Users\Abhihail Jacob\AppData\Local\Programs\Python\Python311\Lib\asyncio\base_events.py first seen with mtime 1707239442.0
[DEBUG] 2026-01-28 21:13:50,604 autoreload File C:\Users\Abhihail Jacob\AppData\Local\Programs\Python\Python311\Lib\site-packages\django\contrib\auth\tokens.py first seen with mtime 1768573763.3046775
[DEBUG] 2026-01-28 21:13:50,605 autoreload File C:\Users\Abhihail Jacob\AppData\Local\Programs\Python\Python311\Lib\site-packages\django\core\files\uploadedfile.py first seen with mtime 1768573766.0265734
[DEBUG] 2026-01-28 21:13:50,605 autoreload File C:\Users\Abhihail Jacob\AppData\Local\Programs\Python\Python311\Lib\site-packages\django\core\cache\__init__.py first seen with mtime 1768573765.9945116
[DEBUG] 2026-01-28 21:13:50,606 autoreload File C:\Users\Abhihail Jacob\AppData\Local\Programs\Python\Python311\Lib\asyncio\events.py first seen with mtime 1707239442.0
[DEBUG] 2026-01-28 21:13:50,606 autoreload File C:\Users\Abhihail Jacob\AppData\Local\Programs\Python\Python311\Lib\site-packages\django\db\models\enums.py first seen with mtime 1768573766.173643
[DEBUG] 2026-01-28 21:13:50,606 autoreload File C:\Users\Abhihail Jacob\AppData\Local\Programs\Python\Python311\Lib\zoneinfo\_tzpath.py first seen with mtime 1707239442.0
[DEBUG] 2026-01-28 21:13:50,606 autoreload File C:\Users\Abhihail Jacob\AppData\Local\Programs\Python\Python311\Lib\site-packages\django\contrib\admindocs\__init__.py first seen with mtime 1768573762.9648266
[DEBUG] 2026-01-28 21:13:50,608 autoreload File C:\Users\Abhihail Jacob\AppData\Local\Programs\Python\Python311\Lib\site-packages\django\db\backends\sqlite3\operations.py first seen with mtime 1768573766.1446218
[DEBUG] 2026-01-28 21:13:50,608 autoreload File C:\Users\Abhihail Jacob\AppData\Local\Programs\Python\Python311\Lib\site-packages\asgiref\current_thread_executor.py first seen with mtime 1768573761.0831225
[DEBUG] 2026-01-28 21:13:50,608 autoreload File C:\Users\Abhihail Jacob\AppData\Local\Programs\Python\Python311\Lib\site-packages\django\conf\global_settings.py first seen with mtime 1768573761.35726
[DEBUG] 2026-01-28 21:13:50,609 autoreload File C:\Users\Abhihail Jacob\AppData\Local\Programs\Python\Python311\Lib\site-packages\django\contrib\auth\hashers.py first seen with mtime 1768573763.29878
[DEBUG] 2026-01-28 21:13:50,609 autoreload File C:\Users\Abhihail Jacob\AppData\Local\Programs\Python\Python311\Lib\asyncio\runners.py first seen with mtime 1707239442.0
[DEBUG] 2026-01-28 21:13:50,609 autoreload File C:\Users\Abhihail Jacob\AppData\Local\Programs\Python\Python311\Lib\site-packages\django\utils\numberformat.py first seen with mtime 1768573766.396915
[DEBUG] 2026-01-28 21:13:50,610 autoreload File C:\Users\Abhihail Jacob\AppData\Local\Programs\Python\Python311\Lib\site-packages\django\core\checks\caches.py first seen with mtime 1768573766.00599
[DEBUG] 2026-01-28 21:13:50,611 autoreload File C:\Users\Abhihail Jacob\AppData\Local\Programs\Python\Python311\Lib\site-packages\rest_framework\templates\rest_framework first seen with mtime 1769439193.8770278
[DEBUG] 2026-01-28 21:13:50,611 autoreload File C:\Users\Abhihail Jacob\AppData\Local\Programs\Python\Python311\Lib\site-packages\rest_framework\templates\rest_framework\admin first seen with mtime 1769439193.824252
[DEBUG] 2026-01-28 21:13:50,611 autoreload File C:\Users\Abhihail Jacob\AppData\Local\Programs\Python\Python311\Lib\site-packages\rest_framework\templates\rest_framework\admin.html first seen with mtime 1769439193.812823
[DEBUG] 2026-01-28 21:13:50,614 autoreload File C:\Users\Abhihail Jacob\AppData\Local\Programs\Python\Python311\Lib\site-packages\rest_framework\templates\rest_framework\api.html first seen with mtime 1769439193.8162434
[DEBUG] 2026-01-28 21:13:50,620 autoreload File C:\Users\Abhihail Jacob\AppData\Local\Programs\Python\Python311\Lib\site-packages\rest_framework\templates\rest_framework\base.html first seen with mtime 1769439193.8162434
[DEBUG] 2026-01-28 21:13:50,622 autoreload File C:\Users\Abhihail Jacob\AppData\Local\Programs\Python\Python311\Lib\site-packages\rest_framework\templates\rest_framework\docs first seen with mtime 1769439193.8378696
[DEBUG] 2026-01-28 21:13:50,622 autoreload File C:\Users\Abhihail Jacob\AppData\Local\Programs\Python\Python311\Lib\site-packages\rest_framework\templates\rest_framework\filters first seen with mtime 1769439193.8481915
[DEBUG] 2026-01-28 21:13:50,622 autoreload File C:\Users\Abhihail Jacob\AppData\Local\Programs\Python\Python311\Lib\site-packages\rest_framework\templates\rest_framework\horizontal first seen with mtime 1769439193.8609622
[DEBUG] 2026-01-28 21:13:50,622 autoreload File C:\Users\Abhihail Jacob\AppData\Local\Programs\Python\Python311\Lib\site-packages\rest_framework\templates\rest_framework\inline first seen with mtime 1769439193.874777
[DEBUG] 2026-01-28 21:13:50,622 autoreload File C:\Users\Abhihail Jacob\AppData\Local\Programs\Python\Python311\Lib\site-packages\rest_framework\templates\rest_framework\login.html first seen with mtime 1769439193.8187287
[DEBUG] 2026-01-28 21:13:50,622 autoreload File C:\Users\Abhihail Jacob\AppData\Local\Programs\Python\Python311\Lib\site-packages\rest_framework\templates\rest_framework\login_base.html first seen with mtime 1769439193.8187287
[DEBUG] 2026-01-28 21:13:50,622 autoreload File C:\Users\Abhihail Jacob\AppData\Local\Programs\Python\Python311\Lib\site-packages\rest_framework\templates\rest_framework\pagination first seen with mtime 1769439193.8770278
[DEBUG] 2026-01-28 21:13:50,622 autoreload File C:\Users\Abhihail Jacob\AppData\Local\Programs\Python\Python311\Lib\site-packages\rest_framework\templates\rest_framework\raw_data_form.html first seen with mtime 1769439193.820573
[DEBUG] 2026-01-28 21:13:50,622 autoreload File C:\Users\Abhihail Jacob\AppData\Local\Programs\Python\Python311\Lib\site-packages\rest_framework\templates\rest_framework\schema.js first seen with mtime 1769439193.8217216
[DEBUG] 2026-01-28 21:13:50,622 autoreload File C:\Users\Abhihail Jacob\AppData\Local\Programs\Python\Python311\Lib\site-packages\rest_framework\templates\rest_framework\vertical first seen with mtime 1769439193.888513
[DEBUG] 2026-01-28 21:13:50,622 autoreload File C:\Users\Abhihail Jacob\AppData\Local\Programs\Python\Python311\Lib\site-packages\rest_framework\templates\rest_framework\admin\detail.html first seen with mtime 1769439193.8227863
[DEBUG] 2026-01-28 21:13:50,622 autoreload File C:\Users\Abhihail Jacob\AppData\Local\Programs\Python\Python311\Lib\site-packages\rest_framework\templates\rest_framework\admin\dict_value.html first seen with mtime 1769439193.824252
[DEBUG] 2026-01-28 21:13:50,622 autoreload File C:\Users\Abhihail Jacob\AppData\Local\Programs\Python\Python311\Lib\site-packages\rest_framework\templates\rest_framework\admin\list.html first seen with mtime 1769439193.824252
[DEBUG] 2026-01-28 21:13:50,626 autoreload File C:\Users\Abhihail Jacob\AppData\Local\Programs\Python\Python311\Lib\site-packages\rest_framework\templates\rest_framework\admin\list_value.html first seen with mtime 1769439193.824252
[DEBUG] 2026-01-28 21:13:50,626 autoreload File C:\Users\Abhihail Jacob\AppData\Local\Programs\Python\Python311\Lib\site-packages\rest_framework\templates\rest_framework\admin\simple_list_value.html first seen with mtime 1769439193.824252
[DEBUG] 2026-01-28 21:13:50,626 autoreload File C:\Users\Abhihail Jacob\AppData\Local\Programs\Python\Python311\Lib\site-packages\rest_framework\templates\rest_framework\docs\auth first seen with mtime 1769439193.8368256
[DEBUG] 2026-01-28 21:13:50,628 autoreload File C:\Users\Abhihail Jacob\AppData\Local\Programs\Python\Python311\Lib\site-packages\rest_framework\templates\rest_framework\docs\document.html first seen with mtime 1769439193.8286498
[DEBUG] 2026-01-28 21:13:50,628 autoreload File C:\Users\Abhihail Jacob\AppData\Local\Programs\Python\Python311\Lib\site-packages\rest_framework\templates\rest_framework\docs\error.html first seen with mtime 1769439193.830053
[DEBUG] 2026-01-28 21:13:50,628 autoreload File C:\Users\Abhihail Jacob\AppData\Local\Programs\Python\Python311\Lib\site-packages\rest_framework\templates\rest_framework\docs\index.html first seen with mtime 1769439193.8312907
[DEBUG] 2026-01-28 21:13:50,628 autoreload File C:\Users\Abhihail Jacob\AppData\Local\Programs\Python\Python311\Lib\site-packages\rest_framework\templates\rest_framework\docs\interact.html first seen with mtime 1769439193.832384
[DEBUG] 2026-01-28 21:13:50,628 autoreload File C:\Users\Abhihail Jacob\AppData\Local\Programs\Python\Python311\Lib\site-packages\rest_framework\templates\rest_framework\docs\langs first seen with mtime 1769439193.8435483
[DEBUG] 2026-01-28 21:13:50,629 autoreload File C:\Users\Abhihail Jacob\AppData\Local\Programs\Python\Python311\Lib\site-packages\rest_framework\templates\rest_framework\docs\link.html first seen with mtime 1769439193.8336465
[DEBUG] 2026-01-28 21:13:50,629 autoreload File C:\Users\Abhihail Jacob\AppData\Local\Programs\Python\Python311\Lib\site-packages\rest_framework\templates\rest_framework\docs\sidebar.html first seen with mtime 1769439193.8336465
[DEBUG] 2026-01-28 21:13:50,629 autoreload File C:\Users\Abhihail Jacob\AppData\Local\Programs\Python\Python311\Lib\site-packages\rest_framework\templates\rest_framework\docs\auth\basic.html first seen with mtime 1769439193.8356888
[DEBUG] 2026-01-28 21:13:50,630 autoreload File C:\Users\Abhihail Jacob\AppData\Local\Programs\Python\Python311\Lib\site-packages\rest_framework\templates\rest_framework\docs\auth\session.html first seen with mtime 1769439193.8368256
[DEBUG] 2026-01-28 21:13:50,630 autoreload File C:\Users\Abhihail Jacob\AppData\Local\Programs\Python\Python311\Lib\site-packages\rest_framework\templates\rest_framework\docs\auth\token.html first seen with mtime 1769439193.8368256
[DEBUG] 2026-01-28 21:13:50,631 autoreload File C:\Users\Abhihail Jacob\AppData\Local\Programs\Python\Python311\Lib\site-packages\rest_framework\templates\rest_framework\docs\langs\javascript-intro.html first seen with mtime 1769439193.83889
[DEBUG] 2026-01-28 21:13:50,631 autoreload File C:\Users\Abhihail Jacob\AppData\Local\Programs\Python\Python311\Lib\site-packages\rest_framework\templates\rest_framework\docs\langs\javascript.html first seen with mtime 1769439193.840066
[DEBUG] 2026-01-28 21:13:50,631 autoreload File C:\Users\Abhihail Jacob\AppData\Local\Programs\Python\Python311\Lib\site-packages\rest_framework\templates\rest_framework\docs\langs\python-intro.html first seen with mtime 1769439193.841135
[DEBUG] 2026-01-28 21:13:50,631 autoreload File C:\Users\Abhihail Jacob\AppData\Local\Programs\Python\Python311\Lib\site-packages\rest_framework\templates\rest_framework\docs\langs\python.html first seen with mtime 1769439193.8421376
[DEBUG] 2026-01-28 21:13:50,631 autoreload File C:\Users\Abhihail Jacob\AppData\Local\Programs\Python\Python311\Lib\site-packages\rest_framework\templates\rest_framework\docs\langs\shell-intro.html first seen with mtime 1769439193.8421376
[DEBUG] 2026-01-28 21:13:50,633 autoreload File C:\Users\Abhihail Jacob\AppData\Local\Programs\Python\Python311\Lib\site-packages\rest_framework\templates\rest_framework\docs\langs\shell.html first seen with mtime 1769439193.8435483
[DEBUG] 2026-01-28 21:13:50,633 autoreload File C:\Users\Abhihail Jacob\AppData\Local\Programs\Python\Python311\Lib\site-packages\rest_framework\templates\rest_framework\filters\base.html first seen with mtime 1769439193.8445592
[DEBUG] 2026-01-28 21:13:50,634 autoreload File C:\Users\Abhihail Jacob\AppData\Local\Programs\Python\Python311\Lib\site-packages\rest_framework\templates\rest_framework\filters\ordering.html first seen with mtime 1769439193.8445592
[DEBUG] 2026-01-28 21:13:50,635 autoreload File C:\Users\Abhihail Jacob\AppData\Local\Programs\Python\Python311\Lib\site-packages\rest_framework\templates\rest_framework\filters\search.html first seen with mtime 1769439193.8481915
[DEBUG] 2026-01-28 21:13:50,636 autoreload File C:\Users\Abhihail Jacob\AppData\Local\Programs\Python\Python311\Lib\site-packages\rest_framework\templates\rest_framework\horizontal\checkbox.html first seen with mtime 1769439193.8481915
[DEBUG] 2026-01-28 21:13:50,636 autoreload File C:\Users\Abhihail Jacob\AppData\Local\Programs\Python\Python311\Lib\site-packages\rest_framework\templates\rest_framework\horizontal\checkbox_multiple.html first seen with mtime 1769439193.8510041
[DEBUG] 2026-01-28 21:13:50,637 autoreload File C:\Users\Abhihail Jacob\AppData\Local\Programs\Python\Python311\Lib\site-packages\rest_framework\templates\rest_framework\horizontal\dict_field.html first seen with mtime 1769439193.8510041
[DEBUG] 2026-01-28 21:13:50,637 autoreload File C:\Users\Abhihail Jacob\AppData\Local\Programs\Python\Python311\Lib\site-packages\rest_framework\templates\rest_framework\horizontal\fieldset.html first seen with mtime 1769439193.8534214
[DEBUG] 2026-01-28 21:13:50,638 autoreload File C:\Users\Abhihail Jacob\AppData\Local\Programs\Python\Python311\Lib\site-packages\rest_framework\templates\rest_framework\horizontal\form.html first seen with mtime 1769439193.8534214
[DEBUG] 2026-01-28 21:13:50,638 autoreload File C:\Users\Abhihail Jacob\AppData\Local\Programs\Python\Python311\Lib\site-packages\rest_framework\templates\rest_framework\horizontal\input.html first seen with mtime 1769439193.8553913
[DEBUG] 2026-01-28 21:13:50,638 autoreload File C:\Users\Abhihail Jacob\AppData\Local\Programs\Python\Python311\Lib\site-packages\rest_framework\templates\rest_framework\horizontal\list_field.html first seen with mtime 1769439193.8569417
[DEBUG] 2026-01-28 21:13:50,638 autoreload File C:\Users\Abhihail Jacob\AppData\Local\Programs\Python\Python311\Lib\site-packages\rest_framework\templates\rest_framework\horizontal\list_fieldset.html first seen with mtime 1769439193.8569417
[DEBUG] 2026-01-28 21:13:50,639 autoreload File C:\Users\Abhihail Jacob\AppData\Local\Programs\Python\Python311\Lib\site-packages\rest_framework\templates\rest_framework\horizontal\radio.html first seen with mtime 1769439193.8582072
[DEBUG] 2026-01-28 21:13:50,639 autoreload File C:\Users\Abhihail Jacob\AppData\Local\Programs\Python\Python311\Lib\site-packages\rest_framework\templates\rest_framework\horizontal\select.html first seen with mtime 1769439193.8609622
[DEBUG] 2026-01-28 21:13:50,639 autoreload File C:\Users\Abhihail Jacob\AppData\Local\Programs\Python\Python311\Lib\site-packages\rest_framework\templates\rest_framework\horizontal\select_multiple.html first seen with mtime 1769439193.8609622
[DEBUG] 2026-01-28 21:13:50,639 autoreload File C:\Users\Abhihail Jacob\AppData\Local\Programs\Python\Python311\Lib\site-packages\rest_framework\templates\rest_framework\horizontal\textarea.html first seen with mtime 1769439193.8609622
[DEBUG] 2026-01-28 21:13:50,640 autoreload File C:\Users\Abhihail Jacob\AppData\Local\Programs\Python\Python311\Lib\site-packages\rest_framework\templates\rest_framework\inline\checkbox.html first seen with mtime 1769439193.863937
[DEBUG] 2026-01-28 21:13:50,640 autoreload File C:\Users\Abhihail Jacob\AppData\Local\Programs\Python\Python311\Lib\site-packages\rest_framework\templates\rest_framework\inline\checkbox_multiple.html first seen with mtime 1769439193.8649726
[DEBUG] 2026-01-28 21:13:50,640 autoreload File C:\Users\Abhihail Jacob\AppData\Local\Programs\Python\Python311\Lib\site-packages\rest_framework\templates\rest_framework\inline\dict_field.html first seen with mtime 1769439193.86644
[DEBUG] 2026-01-28 21:13:50,640 autoreload File C:\Users\Abhihail Jacob\AppData\Local\Programs\Python\Python311\Lib\site-packages\rest_framework\templates\rest_framework\inline\fieldset.html first seen with mtime 1769439193.86644
[DEBUG] 2026-01-28 21:13:50,641 autoreload File C:\Users\Abhihail Jacob\AppData\Local\Programs\Python\Python311\Lib\site-packages\rest_framework\templates\rest_framework\inline\form.html first seen with mtime 1769439193.86644
[DEBUG] 2026-01-28 21:13:50,641 autoreload File C:\Users\Abhihail Jacob\AppData\Local\Programs\Python\Python311\Lib\site-packages\rest_framework\templates\rest_framework\inline\input.html first seen with mtime 1769439193.86644
[DEBUG] 2026-01-28 21:13:50,641 autoreload File C:\Users\Abhihail Jacob\AppData\Local\Programs\Python\Python311\Lib\site-packages\rest_framework\templates\rest_framework\inline\list_field.html first seen with mtime 1769439193.871094
[DEBUG] 2026-01-28 21:13:50,642 autoreload File C:\Users\Abhihail Jacob\AppData\Local\Programs\Python\Python311\Lib\site-packages\rest_framework\templates\rest_framework\inline\list_fieldset.html first seen with mtime 1769439193.871094
[DEBUG] 2026-01-28 21:13:50,642 autoreload File C:\Users\Abhihail Jacob\AppData\Local\Programs\Python\Python311\Lib\site-packages\rest_framework\templates\rest_framework\inline\radio.html first seen with mtime 1769439193.8722947
[DEBUG] 2026-01-28 21:13:50,642 autoreload File C:\Users\Abhihail Jacob\AppData\Local\Programs\Python\Python311\Lib\site-packages\rest_framework\templates\rest_framework\inline\select.html first seen with mtime 1769439193.8733554
[DEBUG] 2026-01-28 21:13:50,642 autoreload File C:\Users\Abhihail Jacob\AppData\Local\Programs\Python\Python311\Lib\site-packages\rest_framework\templates\rest_framework\inline\select_multiple.html first seen with mtime 1769439193.874777
[DEBUG] 2026-01-28 21:13:50,642 autoreload File C:\Users\Abhihail Jacob\AppData\Local\Programs\Python\Python311\Lib\site-packages\rest_framework\templates\rest_framework\inline\textarea.html first seen with mtime 1769439193.874777
[DEBUG] 2026-01-28 21:13:50,642 autoreload File C:\Users\Abhihail Jacob\AppData\Local\Programs\Python\Python311\Lib\site-packages\rest_framework\templates\rest_framework\pagination\numbers.html first seen with mtime 1769439193.8770278
[DEBUG] 2026-01-28 21:13:50,642 autoreload File C:\Users\Abhihail Jacob\AppData\Local\Programs\Python\Python311\Lib\site-packages\rest_framework\templates\rest_framework\pagination\previous_and_next.html first seen with mtime 1769439193.8770278
[DEBUG] 2026-01-28 21:13:50,642 autoreload File C:\Users\Abhihail Jacob\AppData\Local\Programs\Python\Python311\Lib\site-packages\rest_framework\templates\rest_framework\vertical\checkbox.html first seen with mtime 1769439193.8770278
[DEBUG] 2026-01-28 21:13:50,642 autoreload File C:\Users\Abhihail Jacob\AppData\Local\Programs\Python\Python311\Lib\site-packages\rest_framework\templates\rest_framework\vertical\checkbox_multiple.html first seen with mtime 1769439193.8770278
[DEBUG] 2026-01-28 21:13:50,642 autoreload File C:\Users\Abhihail Jacob\AppData\Local\Programs\Python\Python311\Lib\site-packages\rest_framework\templates\rest_framework\vertical\dict_field.html first seen with mtime 1769439193.8770278
[DEBUG] 2026-01-28 21:13:50,642 autoreload File C:\Users\Abhihail Jacob\AppData\Local\Programs\Python\Python311\Lib\site-packages\rest_framework\templates\rest_framework\vertical\fieldset.html first seen with mtime 1769439193.8770278
[DEBUG] 2026-01-28 21:13:50,642 autoreload File C:\Users\Abhihail Jacob\AppData\Local\Programs\Python\Python311\Lib\site-packages\rest_framework\templates\rest_framework\vertical\form.html first seen with mtime 1769439193.8770278
[DEBUG] 2026-01-28 21:13:50,642 autoreload File C:\Users\Abhihail Jacob\AppData\Local\Programs\Python\Python311\Lib\site-packages\rest_framework\templates\rest_framework\vertical\input.html first seen with mtime 1769439193.8770278
[DEBUG] 2026-01-28 21:13:50,642 autoreload File C:\Users\Abhihail Jacob\AppData\Local\Programs\Python\Python311\Lib\site-packages\rest_framework\templates\rest_framework\vertical\list_field.html first seen with mtime 1769439193.8770278
[DEBUG] 2026-01-28 21:13:50,642 autoreload File C:\Users\Abhihail Jacob\AppData\Local\Programs\Python\Python311\Lib\site-packages\rest_framework\templates\rest_framework\vertical\list_fieldset.html first seen with mtime 1769439193.8866055
[DEBUG] 2026-01-28 21:13:50,642 autoreload File C:\Users\Abhihail Jacob\AppData\Local\Programs\Python\Python311\Lib\site-packages\rest_framework\templates\rest_framework\vertical\radio.html first seen with mtime 1769439193.8866055
[DEBUG] 2026-01-28 21:13:50,647 autoreload File C:\Users\Abhihail Jacob\AppData\Local\Programs\Python\Python311\Lib\site-packages\rest_framework\templates\rest_framework\vertical\select.html first seen with mtime 1769439193.888513
[DEBUG] 2026-01-28 21:13:50,647 autoreload File C:\Users\Abhihail Jacob\AppData\Local\Programs\Python\Python311\Lib\site-packages\rest_framework\templates\rest_framework\vertical\select_multiple.html first seen with mtime 1769439193.888513
[DEBUG] 2026-01-28 21:13:50,647 autoreload File C:\Users\Abhihail Jacob\AppData\Local\Programs\Python\Python311\Lib\site-packages\rest_framework\templates\rest_framework\vertical\textarea.html first seen with mtime 1769439193.888513
[DEBUG] 2026-01-28 21:13:50,649 autoreload File C:\Users\Abhihail Jacob\AppData\Local\Programs\Python\Python311\Lib\site-packages\django_filters\templates\django_filters first seen with mtime 1769607637.8834226
[DEBUG] 2026-01-28 21:13:50,649 autoreload File C:\Users\Abhihail Jacob\AppData\Local\Programs\Python\Python311\Lib\site-packages\django_filters\templates\django_filters\rest_framework first seen with mtime 1769607637.8834226
[DEBUG] 2026-01-28 21:13:50,650 autoreload File C:\Users\Abhihail Jacob\AppData\Local\Programs\Python\Python311\Lib\site-packages\django_filters\templates\django_filters\widgets first seen with mtime 1769607637.8834226
[DEBUG] 2026-01-28 21:13:50,651 autoreload File C:\Users\Abhihail Jacob\AppData\Local\Programs\Python\Python311\Lib\site-packages\django_filters\templates\django_filters\rest_framework\crispy_form.html first seen with mtime 1769607637.8820882
[DEBUG] 2026-01-28 21:13:50,651 autoreload File C:\Users\Abhihail Jacob\AppData\Local\Programs\Python\Python311\Lib\site-packages\django_filters\templates\django_filters\rest_framework\form.html first seen with mtime 1769607637.8834226
[DEBUG] 2026-01-28 21:13:50,652 autoreload File C:\Users\Abhihail Jacob\AppData\Local\Programs\Python\Python311\Lib\site-packages\django_filters\templates\django_filters\widgets\multiwidget.html first seen with mtime 1769607637.8834226
[DEBUG] 2026-01-28 21:13:50,652 autoreload File D:\Python Journey\Python training\python-core\day27\expense_tracker\expenses\templates\expenses first seen with mtime 1769612553.397234
[DEBUG] 2026-01-28 21:13:50,654 autoreload File D:\Python Journey\Python training\python-core\day27\expense_tracker\expenses\templates\expenses\edit.html first seen with mtime 1769437887.4540844
[DEBUG] 2026-01-28 21:13:50,654 autoreload File D:\Python Journey\Python training\python-core\day27\expense_tracker\expenses\templates\expenses\expense_list.html first seen with mtime 1769337845.2180746
[DEBUG] 2026-01-28 21:13:50,654 autoreload File D:\Python Journey\Python training\python-core\day27\expense_tracker\expenses\templates\expenses\home.html first seen with mtime 1769437486.0827622
[DEBUG] 2026-01-28 21:13:50,654 autoreload File D:\Python Journey\Python training\python-core\day27\expense_tracker\expenses\templates\expenses\login.html first seen with mtime 1769438029.6642244
[DEBUG] 2026-01-28 21:13:50,654 autoreload File D:\Python Journey\Python training\python-core\day27\expense_tracker\expenses\templates\expenses\signup.html first seen with mtime 1769438283.1814852
[DEBUG] 2026-01-28 21:13:50,654 autoreload File C:\Users\Abhihail Jacob\AppData\Local\Programs\Python\Python311\Lib\site-packages\rest_framework\locale\ach\LC_MESSAGES\django.mo first seen with mtime 1769439193.6371553
[DEBUG] 2026-01-28 21:13:50,654 autoreload File C:\Users\Abhihail Jacob\AppData\Local\Programs\Python\Python311\Lib\site-packages\rest_framework\locale\ar\LC_MESSAGES\django.mo first seen with mtime 1769439193.6392624
[DEBUG] 2026-01-28 21:13:50,657 autoreload File C:\Users\Abhihail Jacob\AppData\Local\Programs\Python\Python311\Lib\site-packages\rest_framework\locale\az\LC_MESSAGES\django.mo first seen with mtime 1769439193.641633
[DEBUG] 2026-01-28 21:13:50,658 autoreload File C:\Users\Abhihail Jacob\AppData\Local\Programs\Python\Python311\Lib\site-packages\rest_framework\locale\be\LC_MESSAGES\django.mo first seen with mtime 1769439193.643363
[DEBUG] 2026-01-28 21:13:50,658 autoreload File C:\Users\Abhihail Jacob\AppData\Local\Programs\Python\Python311\Lib\site-packages\rest_framework\locale\bg\LC_MESSAGES\django.mo first seen with mtime 1769439193.6454744
[DEBUG] 2026-01-28 21:13:50,659 autoreload File C:\Users\Abhihail Jacob\AppData\Local\Programs\Python\Python311\Lib\site-packages\rest_framework\locale\ca\LC_MESSAGES\django.mo first seen with mtime 1769439193.6454744
[DEBUG] 2026-01-28 21:13:50,659 autoreload File C:\Users\Abhihail Jacob\AppData\Local\Programs\Python\Python311\Lib\site-packages\rest_framework\locale\ca_ES\LC_MESSAGES\django.mo first seen with mtime 1769439193.6473575
[DEBUG] 2026-01-28 21:13:50,660 autoreload File C:\Users\Abhihail Jacob\AppData\Local\Programs\Python\Python311\Lib\site-packages\rest_framework\locale\cs\LC_MESSAGES\django.mo first seen with mtime 1769439193.6500232
[DEBUG] 2026-01-28 21:13:50,661 autoreload File C:\Users\Abhihail Jacob\AppData\Local\Programs\Python\Python311\Lib\site-packages\rest_framework\locale\da\LC_MESSAGES\django.mo first seen with mtime 1769439193.6525085
[DEBUG] 2026-01-28 21:13:50,662 autoreload File C:\Users\Abhihail Jacob\AppData\Local\Programs\Python\Python311\Lib\site-packages\rest_framework\locale\de\LC_MESSAGES\django.mo first seen with mtime 1769439193.6540146
[DEBUG] 2026-01-28 21:13:50,664 autoreload File C:\Users\Abhihail Jacob\AppData\Local\Programs\Python\Python311\Lib\site-packages\rest_framework\locale\el\LC_MESSAGES\django.mo first seen with mtime 1769439193.6540146
[DEBUG] 2026-01-28 21:13:50,665 autoreload File C:\Users\Abhihail Jacob\AppData\Local\Programs\Python\Python311\Lib\site-packages\rest_framework\locale\el_GR\LC_MESSAGES\django.mo first seen with mtime 1769439193.6594954
[DEBUG] 2026-01-28 21:13:50,665 autoreload File C:\Users\Abhihail Jacob\AppData\Local\Programs\Python\Python311\Lib\site-packages\rest_framework\locale\en\LC_MESSAGES\django.mo first seen with mtime 1769439193.6612403
[DEBUG] 2026-01-28 21:13:50,666 autoreload File C:\Users\Abhihail Jacob\AppData\Local\Programs\Python\Python311\Lib\site-packages\rest_framework\locale\en_AU\LC_MESSAGES\django.mo first seen with mtime 1769439193.6612403
[DEBUG] 2026-01-28 21:13:50,666 autoreload File C:\Users\Abhihail Jacob\AppData\Local\Programs\Python\Python311\Lib\site-packages\rest_framework\locale\en_CA\LC_MESSAGES\django.mo first seen with mtime 1769439193.6632457
[DEBUG] 2026-01-28 21:13:50,667 autoreload File C:\Users\Abhihail Jacob\AppData\Local\Programs\Python\Python311\Lib\site-packages\rest_framework\locale\en_US\LC_MESSAGES\django.mo first seen with mtime 1769439193.6652522
[DEBUG] 2026-01-28 21:13:50,668 autoreload File C:\Users\Abhihail Jacob\AppData\Local\Programs\Python\Python311\Lib\site-packages\rest_framework\locale\es\LC_MESSAGES\django.mo first seen with mtime 1769439193.667258
[DEBUG] 2026-01-28 21:13:50,671 autoreload File C:\Users\Abhihail Jacob\AppData\Local\Programs\Python\Python311\Lib\site-packages\rest_framework\locale\et\LC_MESSAGES\django.mo first seen with mtime 1769439193.667258
[DEBUG] 2026-01-28 21:13:50,671 autoreload File C:\Users\Abhihail Jacob\AppData\Local\Programs\Python\Python311\Lib\site-packages\rest_framework\locale\fa\LC_MESSAGES\django.mo first seen with mtime 1769439193.6710777
[DEBUG] 2026-01-28 21:13:50,672 autoreload File C:\Users\Abhihail Jacob\AppData\Local\Programs\Python\Python311\Lib\site-packages\rest_framework\locale\fa_IR\LC_MESSAGES\django.mo first seen with mtime 1769439193.6722727
[DEBUG] 2026-01-28 21:13:50,672 autoreload File C:\Users\Abhihail Jacob\AppData\Local\Programs\Python\Python311\Lib\site-packages\rest_framework\locale\fi\LC_MESSAGES\django.mo first seen with mtime 1769439193.6746993
[DEBUG] 2026-01-28 21:13:50,673 autoreload File C:\Users\Abhihail Jacob\AppData\Local\Programs\Python\Python311\Lib\site-packages\rest_framework\locale\fr\LC_MESSAGES\django.mo first seen with mtime 1769439193.6766436
[DEBUG] 2026-01-28 21:13:50,673 autoreload File C:\Users\Abhihail Jacob\AppData\Local\Programs\Python\Python311\Lib\site-packages\rest_framework\locale\fr_CA\LC_MESSAGES\django.mo first seen with mtime 1769439193.6789992
[DEBUG] 2026-01-28 21:13:50,675 autoreload File C:\Users\Abhihail Jacob\AppData\Local\Programs\Python\Python311\Lib\site-packages\rest_framework\locale\gl\LC_MESSAGES\django.mo first seen with mtime 1769439193.6789992
[DEBUG] 2026-01-28 21:13:50,675 autoreload File C:\Users\Abhihail Jacob\AppData\Local\Programs\Python\Python311\Lib\site-packages\rest_framework\locale\gl_ES\LC_MESSAGES\django.mo first seen with mtime 1769439193.6789992
[DEBUG] 2026-01-28 21:13:50,675 autoreload File C:\Users\Abhihail Jacob\AppData\Local\Programs\Python\Python311\Lib\site-packages\rest_framework\locale\he_IL\LC_MESSAGES\django.mo first seen with mtime 1769439193.6789992
[DEBUG] 2026-01-28 21:13:50,675 autoreload File C:\Users\Abhihail Jacob\AppData\Local\Programs\Python\Python311\Lib\site-packages\rest_framework\locale\hu\LC_MESSAGES\django.mo first seen with mtime 1769439193.687057
[DEBUG] 2026-01-28 21:13:50,675 autoreload File C:\Users\Abhihail Jacob\AppData\Local\Programs\Python\Python311\Lib\site-packages\rest_framework\locale\hy\LC_MESSAGES\django.mo first seen with mtime 1769439193.6881237
[DEBUG] 2026-01-28 21:13:50,675 autoreload File C:\Users\Abhihail Jacob\AppData\Local\Programs\Python\Python311\Lib\site-packages\rest_framework\locale\id\LC_MESSAGES\django.mo first seen with mtime 1769439193.6881237
[DEBUG] 2026-01-28 21:13:50,679 autoreload File C:\Users\Abhihail Jacob\AppData\Local\Programs\Python\Python311\Lib\site-packages\rest_framework\locale\it\LC_MESSAGES\django.mo first seen with mtime 1769439193.6909533
[DEBUG] 2026-01-28 21:13:50,679 autoreload File C:\Users\Abhihail Jacob\AppData\Local\Programs\Python\Python311\Lib\site-packages\rest_framework\locale\ja\LC_MESSAGES\django.mo first seen with mtime 1769439193.6926985
[DEBUG] 2026-01-28 21:13:50,679 autoreload File C:\Users\Abhihail Jacob\AppData\Local\Programs\Python\Python311\Lib\site-packages\rest_framework\locale\kk\LC_MESSAGES\django.mo first seen with mtime 1769439193.6926985
[DEBUG] 2026-01-28 21:13:50,681 autoreload File C:\Users\Abhihail Jacob\AppData\Local\Programs\Python\Python311\Lib\site-packages\rest_framework\locale\ko_KR\LC_MESSAGES\django.mo first seen with mtime 1769439193.6926985
[DEBUG] 2026-01-28 21:13:50,682 autoreload File C:\Users\Abhihail Jacob\AppData\Local\Programs\Python\Python311\Lib\site-packages\rest_framework\locale\lt\LC_MESSAGES\django.mo first seen with mtime 1769439193.6926985
[DEBUG] 2026-01-28 21:13:50,682 autoreload File C:\Users\Abhihail Jacob\AppData\Local\Programs\Python\Python311\Lib\site-packages\rest_framework\locale\lv\LC_MESSAGES\django.mo first seen with mtime 1769439193.700537
[DEBUG] 2026-01-28 21:13:50,683 autoreload File C:\Users\Abhihail Jacob\AppData\Local\Programs\Python\Python311\Lib\site-packages\rest_framework\locale\mk\LC_MESSAGES\django.mo first seen with mtime 1769439193.7023144
[DEBUG] 2026-01-28 21:13:50,686 autoreload File C:\Users\Abhihail Jacob\AppData\Local\Programs\Python\Python311\Lib\site-packages\rest_framework\locale\nb\LC_MESSAGES\django.mo first seen with mtime 1769439193.7055724
[DEBUG] 2026-01-28 21:13:50,687 autoreload File C:\Users\Abhihail Jacob\AppData\Local\Programs\Python\Python311\Lib\site-packages\rest_framework\locale\ne_NP\LC_MESSAGES\django.mo first seen with mtime 1769439193.706812
[DEBUG] 2026-01-28 21:13:50,688 autoreload File C:\Users\Abhihail Jacob\AppData\Local\Programs\Python\Python311\Lib\site-packages\rest_framework\locale\nl\LC_MESSAGES\django.mo first seen with mtime 1769439193.709217
[DEBUG] 2026-01-28 21:13:50,689 autoreload File C:\Users\Abhihail Jacob\AppData\Local\Programs\Python\Python311\Lib\site-packages\rest_framework\locale\nn\LC_MESSAGES\django.mo first seen with mtime 1769439193.7102232
[DEBUG] 2026-01-28 21:13:50,689 autoreload File C:\Users\Abhihail Jacob\AppData\Local\Programs\Python\Python311\Lib\site-packages\rest_framework\locale\no\LC_MESSAGES\django.mo first seen with mtime 1769439193.7124367
[DEBUG] 2026-01-28 21:13:50,689 autoreload File C:\Users\Abhihail Jacob\AppData\Local\Programs\Python\Python311\Lib\site-packages\rest_framework\locale\pl\LC_MESSAGES\django.mo first seen with mtime 1769439193.7134497
[DEBUG] 2026-01-28 21:13:50,691 autoreload File C:\Users\Abhihail Jacob\AppData\Local\Programs\Python\Python311\Lib\site-packages\rest_framework\locale\pt\LC_MESSAGES\django.mo first seen with mtime 1769439193.7148972
[DEBUG] 2026-01-28 21:13:50,691 autoreload File C:\Users\Abhihail Jacob\AppData\Local\Programs\Python\Python311\Lib\site-packages\rest_framework\locale\pt_BR\LC_MESSAGES\django.mo first seen with mtime 1769439193.717323
[DEBUG] 2026-01-28 21:13:50,693 autoreload File C:\Users\Abhihail Jacob\AppData\Local\Programs\Python\Python311\Lib\site-packages\rest_framework\locale\pt_PT\LC_MESSAGES\django.mo first seen with mtime 1769439193.7187982
[DEBUG] 2026-01-28 21:13:50,693 autoreload File C:\Users\Abhihail Jacob\AppData\Local\Programs\Python\Python311\Lib\site-packages\rest_framework\locale\ro\LC_MESSAGES\django.mo first seen with mtime 1769439193.7203057
[DEBUG] 2026-01-28 21:13:50,693 autoreload File C:\Users\Abhihail Jacob\AppData\Local\Programs\Python\Python311\Lib\site-packages\rest_framework\locale\ru\LC_MESSAGES\django.mo first seen with mtime 1769439193.7225177
[DEBUG] 2026-01-28 21:13:50,695 autoreload File C:\Users\Abhihail Jacob\AppData\Local\Programs\Python\Python311\Lib\site-packages\rest_framework\locale\ru_RU\LC_MESSAGES\django.mo first seen with mtime 1769439193.7239335
[DEBUG] 2026-01-28 21:13:50,695 autoreload File C:\Users\Abhihail Jacob\AppData\Local\Programs\Python\Python311\Lib\site-packages\rest_framework\locale\sk\LC_MESSAGES\django.mo first seen with mtime 1769439193.7264798
[DEBUG] 2026-01-28 21:13:50,695 autoreload File C:\Users\Abhihail Jacob\AppData\Local\Programs\Python\Python311\Lib\site-packages\rest_framework\locale\sl\LC_MESSAGES\django.mo first seen with mtime 1769439193.728762
[DEBUG] 2026-01-28 21:13:50,697 autoreload File C:\Users\Abhihail Jacob\AppData\Local\Programs\Python\Python311\Lib\site-packages\rest_framework\locale\sv\LC_MESSAGES\django.mo first seen with mtime 1769439193.729781
[DEBUG] 2026-01-28 21:13:50,697 autoreload File C:\Users\Abhihail Jacob\AppData\Local\Programs\Python\Python311\Lib\site-packages\rest_framework\locale\th\LC_MESSAGES\django.mo first seen with mtime 1769439193.7321048
[DEBUG] 2026-01-28 21:13:50,697 autoreload File C:\Users\Abhihail Jacob\AppData\Local\Programs\Python\Python311\Lib\site-packages\rest_framework\locale\tr\LC_MESSAGES\django.mo first seen with mtime 1769439193.7332234
[DEBUG] 2026-01-28 21:13:50,699 autoreload File C:\Users\Abhihail Jacob\AppData\Local\Programs\Python\Python311\Lib\site-packages\rest_framework\locale\tr_TR\LC_MESSAGES\django.mo first seen with mtime 1769439193.7358222
[DEBUG] 2026-01-28 21:13:50,700 autoreload File C:\Users\Abhihail Jacob\AppData\Local\Programs\Python\Python311\Lib\site-packages\rest_framework\locale\uk\LC_MESSAGES\django.mo first seen with mtime 1769439193.7373278
[DEBUG] 2026-01-28 21:13:50,701 autoreload File C:\Users\Abhihail Jacob\AppData\Local\Programs\Python\Python311\Lib\site-packages\rest_framework\locale\vi\LC_MESSAGES\django.mo first seen with mtime 1769439193.7390935
[DEBUG] 2026-01-28 21:13:50,702 autoreload File C:\Users\Abhihail Jacob\AppData\Local\Programs\Python\Python311\Lib\site-packages\rest_framework\locale\zh_CN\LC_MESSAGES\django.mo first seen with mtime 1769439193.74049
[DEBUG] 2026-01-28 21:13:50,703 autoreload File C:\Users\Abhihail Jacob\AppData\Local\Programs\Python\Python311\Lib\site-packages\rest_framework\locale\zh_Hans\LC_MESSAGES\django.mo first seen with mtime 1769439193.7430165
[DEBUG] 2026-01-28 21:13:50,704 autoreload File C:\Users\Abhihail Jacob\AppData\Local\Programs\Python\Python311\Lib\site-packages\rest_framework\locale\zh_Hant\LC_MESSAGES\django.mo first seen with mtime 1769439193.7442162
[DEBUG] 2026-01-28 21:13:50,706 autoreload File C:\Users\Abhihail Jacob\AppData\Local\Programs\Python\Python311\Lib\site-packages\rest_framework\locale\zh_TW\LC_MESSAGES\django.mo first seen with mtime 1769439193.7455246
[DEBUG] 2026-01-28 21:13:50,707 autoreload File C:\Users\Abhihail Jacob\AppData\Local\Programs\Python\Python311\Lib\site-packages\django_filters\locale\ar\LC_MESSAGES\django.mo first seen with mtime 1769607637.8163297
[DEBUG] 2026-01-28 21:13:50,708 autoreload File C:\Users\Abhihail Jacob\AppData\Local\Programs\Python\Python311\Lib\site-packages\django_filters\locale\be\LC_MESSAGES\django.mo first seen with mtime 1769607637.8190467
[DEBUG] 2026-01-28 21:13:50,708 autoreload File C:\Users\Abhihail Jacob\AppData\Local\Programs\Python\Python311\Lib\site-packages\django_filters\locale\bg\LC_MESSAGES\django.mo first seen with mtime 1769607637.8190467
[DEBUG] 2026-01-28 21:13:50,709 autoreload File C:\Users\Abhihail Jacob\AppData\Local\Programs\Python\Python311\Lib\site-packages\django_filters\locale\cs\LC_MESSAGES\django.mo first seen with mtime 1769607637.8242204
[DEBUG] 2026-01-28 21:13:50,709 autoreload File C:\Users\Abhihail Jacob\AppData\Local\Programs\Python\Python311\Lib\site-packages\django_filters\locale\da\LC_MESSAGES\django.mo first seen with mtime 1769607637.8262265
[DEBUG] 2026-01-28 21:13:50,710 autoreload File C:\Users\Abhihail Jacob\AppData\Local\Programs\Python\Python311\Lib\site-packages\django_filters\locale\de\LC_MESSAGES\django.mo first seen with mtime 1769607637.8286192
[DEBUG] 2026-01-28 21:13:50,711 autoreload File C:\Users\Abhihail Jacob\AppData\Local\Programs\Python\Python311\Lib\site-packages\django_filters\locale\el\LC_MESSAGES\django.mo first seen with mtime 1769607637.8331504
[DEBUG] 2026-01-28 21:13:50,711 autoreload File C:\Users\Abhihail Jacob\AppData\Local\Programs\Python\Python311\Lib\site-packages\django_filters\locale\es\LC_MESSAGES\django.mo first seen with mtime 1769607637.836851
[DEBUG] 2026-01-28 21:13:50,712 autoreload File C:\Users\Abhihail Jacob\AppData\Local\Programs\Python\Python311\Lib\site-packages\django_filters\locale\es_AR\LC_MESSAGES\django.mo first seen with mtime 1769607637.836851
[DEBUG] 2026-01-28 21:13:50,712 autoreload File C:\Users\Abhihail Jacob\AppData\Local\Programs\Python\Python311\Lib\site-packages\django_filters\locale\fa\LC_MESSAGES\django.mo first seen with mtime 1769607637.836851
[DEBUG] 2026-01-28 21:13:50,713 autoreload File C:\Users\Abhihail Jacob\AppData\Local\Programs\Python\Python311\Lib\site-packages\django_filters\locale\fr\LC_MESSAGES\django.mo first seen with mtime 1769607637.8440592
[DEBUG] 2026-01-28 21:13:50,714 autoreload File C:\Users\Abhihail Jacob\AppData\Local\Programs\Python\Python311\Lib\site-packages\django_filters\locale\it\LC_MESSAGES\django.mo first seen with mtime 1769607637.8440592
[DEBUG] 2026-01-28 21:13:50,715 autoreload File C:\Users\Abhihail Jacob\AppData\Local\Programs\Python\Python311\Lib\site-packages\django_filters\locale\nl\LC_MESSAGES\django.mo first seen with mtime 1769607637.852075
[DEBUG] 2026-01-28 21:13:50,716 autoreload File C:\Users\Abhihail Jacob\AppData\Local\Programs\Python\Python311\Lib\site-packages\django_filters\locale\pl\LC_MESSAGES\django.mo first seen with mtime 1769607637.8560033
[DEBUG] 2026-01-28 21:13:50,716 autoreload File C:\Users\Abhihail Jacob\AppData\Local\Programs\Python\Python311\Lib\site-packages\django_filters\locale\pt_BR\LC_MESSAGES\django.mo first seen with mtime 1769607637.859081
[DEBUG] 2026-01-28 21:13:50,718 autoreload File C:\Users\Abhihail Jacob\AppData\Local\Programs\Python\Python311\Lib\site-packages\django_filters\locale\ru\LC_MESSAGES\django.mo first seen with mtime 1769607637.8633566
[DEBUG] 2026-01-28 21:13:50,719 autoreload File C:\Users\Abhihail Jacob\AppData\Local\Programs\Python\Python311\Lib\site-packages\django_filters\locale\sk\LC_MESSAGES\django.mo first seen with mtime 1769607637.8674202
[DEBUG] 2026-01-28 21:13:50,721 autoreload File C:\Users\Abhihail Jacob\AppData\Local\Programs\Python\Python311\Lib\site-packages\django_filters\locale\uk\LC_MESSAGES\django.mo first seen with mtime 1769607637.8706226
[DEBUG] 2026-01-28 21:13:50,721 autoreload File C:\Users\Abhihail Jacob\AppData\Local\Programs\Python\Python311\Lib\site-packages\django_filters\locale\zh_CN\LC_MESSAGES\django.mo first seen with mtime 1769607637.8739436
[DEBUG] 2026-01-28 21:13:51,900 autoreload File C:\Users\Abhihail Jacob\AppData\Local\Programs\Python\Python311\Lib\site-packages\django\contrib\auth\migrations\0009_alter_user_last_name_max_length.py first seen with mtime 1768573763.65371
[DEBUG] 2026-01-28 21:13:51,903 autoreload File D:\Python Journey\Python training\python-core\day27\expense_tracker\expenses\migrations\__init__.py first seen with mtime 1769321952.3958075
[DEBUG] 2026-01-28 21:13:51,904 autoreload File C:\Users\Abhihail Jacob\AppData\Local\Programs\Python\Python311\Lib\stringprep.py first seen with mtime 1707239442.0
[DEBUG] 2026-01-28 21:13:51,905 autoreload File C:\Users\Abhihail Jacob\AppData\Local\Programs\Python\Python311\Lib\site-packages\django\contrib\admin\migrations\__init__.py first seen with mtime 1768573762.725634
[DEBUG] 2026-01-28 21:13:51,905 autoreload File C:\Users\Abhihail Jacob\AppData\Local\Programs\Python\Python311\Lib\site-packages\django\contrib\contenttypes\migrations\__init__.py first seen with mtime 1768573763.9930797
[DEBUG] 2026-01-28 21:13:51,905 autoreload File C:\Users\Abhihail Jacob\AppData\Local\Programs\Python\Python311\Lib\site-packages\django\contrib\auth\migrations\0008_alter_user_username_max_length.py first seen with mtime 1768573763.6464918
[DEBUG] 2026-01-28 21:13:51,908 autoreload File C:\Users\Abhihail Jacob\AppData\Local\Programs\Python\Python311\Lib\site-packages\django\contrib\sessions\backends\db.py first seen with mtime 1768573765.488659
[DEBUG] 2026-01-28 21:13:51,909 autoreload File C:\Users\Abhihail Jacob\AppData\Local\Programs\Python\Python311\Lib\site-packages\django\contrib\auth\migrations\0012_alter_user_first_name_max_length.py first seen with mtime 1768573763.65371
[DEBUG] 2026-01-28 21:13:51,910 autoreload File C:\Users\Abhihail Jacob\AppData\Local\Programs\Python\Python311\Lib\site-packages\django\contrib\auth\migrations\0006_require_contenttypes_0002.py first seen with mtime 1768573763.6464918
[DEBUG] 2026-01-28 21:13:51,910 autoreload File C:\Users\Abhihail Jacob\AppData\Local\Programs\Python\Python311\Lib\site-packages\rest_framework\authtoken\migrations\0002_auto_20160226_1747.py first seen with mtime 1769439193.6323
[DEBUG] 2026-01-28 21:13:51,911 autoreload File C:\Users\Abhihail Jacob\AppData\Local\Programs\Python\Python311\Lib\site-packages\django\contrib\contenttypes\migrations\0002_remove_content_type_name.py first seen with mtime 1768573763.9909494
[DEBUG] 2026-01-28 21:13:51,913 autoreload File C:\Users\Abhihail Jacob\AppData\Local\Programs\Python\Python311\Lib\site-packages\django\conf\urls\__init__.py first seen with mtime 1768573761.8843684
[DEBUG] 2026-01-28 21:13:51,914 autoreload File C:\Users\Abhihail Jacob\AppData\Local\Programs\Python\Python311\Lib\site-packages\django\contrib\auth\migrations\0011_update_proxy_permissions.py first seen with mtime 1768573763.65371
[DEBUG] 2026-01-28 21:13:51,915 autoreload File C:\Users\Abhihail Jacob\AppData\Local\Programs\Python\Python311\Lib\site-packages\rest_framework\authtoken\migrations\__init__.py first seen with mtime 1769439193.6347003
[DEBUG] 2026-01-28 21:13:51,918 autoreload File C:\Users\Abhihail Jacob\AppData\Local\Programs\Python\Python311\Lib\site-packages\django\contrib\sessions\migrations\__init__.py first seen with mtime 1768573765.7203293
[DEBUG] 2026-01-28 21:13:51,918 autoreload File C:\Users\Abhihail Jacob\AppData\Local\Programs\Python\Python311\Lib\site-packages\django\contrib\auth\migrations\0001_initial.py first seen with mtime 1768573763.6325574
[DEBUG] 2026-01-28 21:13:51,920 autoreload File C:\Users\Abhihail Jacob\AppData\Local\Programs\Python\Python311\Lib\site-packages\django\db\models\sql\compiler.py first seen with mtime 1768573766.2066352
[DEBUG] 2026-01-28 21:13:51,920 autoreload File C:\Users\Abhihail Jacob\AppData\Local\Programs\Python\Python311\Lib\site-packages\django\contrib\admin\migrations\0002_logentry_remove_auto_add.py first seen with mtime 1768573762.725634
[DEBUG] 2026-01-28 21:13:51,921 autoreload File C:\Users\Abhihail Jacob\AppData\Local\Programs\Python\Python311\Lib\encodings\idna.py first seen with mtime 1707239442.0
[DEBUG] 2026-01-28 21:13:51,921 autoreload File C:\Users\Abhihail Jacob\AppData\Local\Programs\Python\Python311\Lib\site-packages\django\contrib\auth\migrations\0003_alter_user_email_max_length.py first seen with mtime 1768573763.6464918
[DEBUG] 2026-01-28 21:13:51,923 autoreload File C:\Users\Abhihail Jacob\AppData\Local\Programs\Python\Python311\Lib\site-packages\django\contrib\admin\migrations\0001_initial.py first seen with mtime 1768573762.725634
[DEBUG] 2026-01-28 21:13:51,923 autoreload File C:\Users\Abhihail Jacob\AppData\Local\Programs\Python\Python311\Lib\site-packages\django\contrib\admin\migrations\0003_logentry_add_action_flag_choices.py first seen with mtime 1768573762.725634
[DEBUG] 2026-01-28 21:13:51,925 autoreload File C:\Users\Abhihail Jacob\AppData\Local\Programs\Python\Python311\Lib\site-packages\django\contrib\auth\migrations\0007_alter_validators_add_error_messages.py first seen with mtime 1768573763.6464918
[DEBUG] 2026-01-28 21:13:51,925 autoreload File C:\Users\Abhihail Jacob\AppData\Local\Programs\Python\Python311\Lib\site-packages\django\contrib\auth\migrations\__init__.py first seen with mtime 1768573763.65371
[DEBUG] 2026-01-28 21:13:51,926 autoreload File C:\Users\Abhihail Jacob\AppData\Local\Programs\Python\Python311\Lib\site-packages\django\contrib\auth\migrations\0010_alter_group_name_max_length.py first seen with mtime 1768573763.65371
[DEBUG] 2026-01-28 21:13:51,927 autoreload File D:\Python Journey\Python training\python-core\day27\expense_tracker\expense_tracker\wsgi.py first seen with mtime 1769321638.3576667
[DEBUG] 2026-01-28 21:13:51,928 autoreload File C:\Users\Abhihail Jacob\AppData\Local\Programs\Python\Python311\Lib\site-packages\django\contrib\auth\migrations\0002_alter_permission_name_max_length.py first seen with mtime 1768573763.6464918
[DEBUG] 2026-01-28 21:13:51,928 autoreload File D:\Python Journey\Python training\python-core\day27\expense_tracker\expenses\migrations\0002_expense_created_at.py first seen with mtime 1769431410.6936948
[DEBUG] 2026-01-28 21:13:51,930 autoreload File C:\Users\Abhihail Jacob\AppData\Local\Programs\Python\Python311\Lib\site-packages\django\views\defaults.py first seen with mtime 1768573766.4274628
[DEBUG] 2026-01-28 21:13:51,931 autoreload File C:\Users\Abhihail Jacob\AppData\Local\Programs\Python\Python311\Lib\site-packages\rest_framework\authtoken\migrations\0001_initial.py first seen with mtime 1769439193.630202
[DEBUG] 2026-01-28 21:13:51,932 autoreload File D:\Python Journey\Python training\python-core\day27\expense_tracker\expenses\migrations\0001_initial.py first seen with mtime 1769326240.2277436
[DEBUG] 2026-01-28 21:13:51,935 autoreload File C:\Users\Abhihail Jacob\AppData\Local\Programs\Python\Python311\Lib\site-packages\django\contrib\contenttypes\migrations\0001_initial.py first seen with mtime 1768573763.9909494
[DEBUG] 2026-01-28 21:13:51,936 autoreload File C:\Users\Abhihail Jacob\AppData\Local\Programs\Python\Python311\Lib\site-packages\django\contrib\sessions\migrations\0001_initial.py first seen with mtime 1768573765.7203293
[DEBUG] 2026-01-28 21:13:51,937 autoreload File C:\Users\Abhihail Jacob\AppData\Local\Programs\Python\Python311\Lib\site-packages\rest_framework\authtoken\migrations\0004_alter_tokenproxy_options.py first seen with mtime 1769439193.6347003
[DEBUG] 2026-01-28 21:13:51,937 autoreload File C:\Users\Abhihail Jacob\AppData\Local\Programs\Python\Python311\Lib\site-packages\django\contrib\auth\migrations\0005_alter_user_last_login_null.py first seen with mtime 1768573763.6464918
[DEBUG] 2026-01-28 21:13:51,938 autoreload File C:\Users\Abhihail Jacob\AppData\Local\Programs\Python\Python311\Lib\site-packages\rest_framework\authtoken\migrations\0003_tokenproxy.py first seen with mtime 1769439193.6336944
[DEBUG] 2026-01-28 21:13:51,939 autoreload File C:\Users\Abhihail Jacob\AppData\Local\Programs\Python\Python311\Lib\site-packages\django\middleware\clickjacking.py first seen with mtime 1768573766.3169658
[DEBUG] 2026-01-28 21:13:51,940 autoreload File C:\Users\Abhihail Jacob\AppData\Local\Programs\Python\Python311\Lib\site-packages\django\contrib\auth\migrations\0004_alter_user_username_opts.py first seen with mtime 1768573763.6464918
[DEBUG] 2026-01-28 21:13:59,021 utils (0.000) SELECT "django_session"."session_key", "django_session"."session_data", "django_session"."expire_date" FROM "django_session" WHERE ("django_session"."expire_date" > '2026-01-28 15:43:59.019429' AND "django_session"."session_key" = 'td8yn7huq7jtd90gnkuw0wsv07i0yivn') LIMIT 21; args=('2026-01-28 15:43:59.019429', 'td8yn7huq7jtd90gnkuw0wsv07i0yivn'); alias=default
[DEBUG] 2026-01-28 21:13:59,024 utils (0.000) SELECT "auth_user"."id", "auth_user"."password", "auth_user"."last_login", "auth_user"."is_superuser", "auth_user"."username", "auth_user"."first_name", "auth_user"."last_name", "auth_user"."email", "auth_user"."is_staff", "auth_user"."is_active", "auth_user"."date_joined" FROM "auth_user" WHERE "auth_user"."id" = 1 LIMIT 21; args=(1,); alias=default
[DEBUG] 2026-01-28 21:13:59,024 views Recieved POST data -> Phone , 14000
[DEBUG] 2026-01-28 21:13:59,028 utils (0.000) INSERT INTO "expenses_expense" ("name", "amount", "date", "created_at") VALUES ('Phone', 14000.0, '2026-01-28', '2026-01-28 15:43:59.028087') RETURNING "expenses_expense"."id"; args=('Phone', 14000.0, '2026-01-28', '2026-01-28 15:43:59.028087'); alias=default
[DEBUG] 2026-01-28 21:13:59,033 views Expense created successfully
[INFO] 2026-01-28 21:13:59,040 basehttp "POST / HTTP/1.1" 302 0
[DEBUG] 2026-01-28 21:13:59,049 utils (0.000) SELECT "django_session"."session_key", "django_session"."session_data", "django_session"."expire_date" FROM "django_session" WHERE ("django_session"."expire_date" > '2026-01-28 15:43:59.046394' AND "django_session"."session_key" = 'td8yn7huq7jtd90gnkuw0wsv07i0yivn') LIMIT 21; args=('2026-01-28 15:43:59.046394', 'td8yn7huq7jtd90gnkuw0wsv07i0yivn'); alias=default
[DEBUG] 2026-01-28 21:13:59,053 utils (0.000) SELECT "auth_user"."id", "auth_user"."password", "auth_user"."last_login", "auth_user"."is_superuser", "auth_user"."username", "auth_user"."first_name", "auth_user"."last_name", "auth_user"."email", "auth_user"."is_staff", "auth_user"."is_active", "auth_user"."date_joined" FROM "auth_user" WHERE "auth_user"."id" = 1 LIMIT 21; args=(1,); alias=default
[DEBUG] 2026-01-28 21:13:59,054 utils (0.000) SELECT "expenses_expense"."id", "expenses_expense"."name", "expenses_expense"."amount", "expenses_expense"."date", "expenses_expense"."created_at" FROM "expenses_expense" LIMIT 21; args=(); alias=default
[DEBUG] 2026-01-28 21:13:59,058 utils (0.000) SELECT "expenses_expense"."id", "expenses_expense"."name", "expenses_expense"."amount", "expenses_expense"."date", "expenses_expense"."created_at" FROM "expenses_expense" LIMIT 21; args=(); alias=default
[DEBUG] 2026-01-28 21:13:59,326 utils (0.000) SELECT "expenses_expense"."id", "expenses_expense"."name", "expenses_expense"."amount", "expenses_expense"."date", "expenses_expense"."created_at" FROM "expenses_expense" LIMIT 21; args=(); alias=default
[DEBUG] 2026-01-28 21:13:59,334 utils (0.000) SELECT "expenses_expense"."id", "expenses_expense"."name", "expenses_expense"."amount", "expenses_expense"."date", "expenses_expense"."created_at" FROM "expenses_expense"; args=(); alias=default
[INFO] 2026-01-28 21:13:59,342 basehttp "GET / HTTP/1.1" 200 4730
[DEBUG] 2026-01-28 21:13:59,555 autoreload File C:\Users\Abhihail Jacob\AppData\Local\Programs\Python\Python311\Lib\site-packages\django\contrib\messages\storage\fallback.py first seen with mtime 1768573764.9396086
[DEBUG] 2026-01-28 21:13:59,562 autoreload File C:\Users\Abhihail Jacob\AppData\Local\Programs\Python\Python311\Lib\site-packages\django\conf\locale\en\__init__.py first seen with mtime 1768573761.4629643
[DEBUG] 2026-01-28 21:13:59,571 autoreload File C:\Users\Abhihail Jacob\AppData\Local\Programs\Python\Python311\Lib\site-packages\django\conf\locale\en\formats.py first seen with mtime 1768573761.4629643
[DEBUG] 2026-01-28 21:13:59,573 autoreload File C:\Users\Abhihail Jacob\AppData\Local\Programs\Python\Python311\Lib\site-packages\django\template\context_processors.py first seen with mtime 1768573766.3276985
[DEBUG] 2026-01-28 21:13:59,575 autoreload File C:\Users\Abhihail Jacob\AppData\Local\Programs\Python\Python311\Lib\site-packages\django\contrib\messages\context_processors.py first seen with mtime 1768573764.9331207
[DEBUG] 2026-01-28 21:13:59,576 autoreload File C:\Users\Abhihail Jacob\AppData\Local\Programs\Python\Python311\Lib\site-packages\django\contrib\messages\storage\cookie.py first seen with mtime 1768573764.9396086
[DEBUG] 2026-01-28 21:13:59,577 autoreload File C:\Users\Abhihail Jacob\AppData\Local\Programs\Python\Python311\Lib\site-packages\django\contrib\auth\context_processors.py first seen with mtime 1768573763.2953887
[DEBUG] 2026-01-28 21:13:59,578 autoreload File C:\Users\Abhihail Jacob\AppData\Local\Programs\Python\Python311\Lib\site-packages\django\contrib\sessions\serializers.py first seen with mtime 1768573765.4839928
[DEBUG] 2026-01-28 21:13:59,580 autoreload File C:\Users\Abhihail Jacob\AppData\Local\Programs\Python\Python311\Lib\site-packages\django\contrib\messages\storage\session.py first seen with mtime 1768573764.9406085
